economia	Puta merda , 75% do valor pago por jogos e vídeo games é imposto , pra que isso Brasil ?
economia	Tudo só piora. Mais imposto , mais inflação , mais corrupção menos escola , menos hospitais , menos https://t.co/tC4imU33FP
economia	RT @STJnoticias: Servidores ativos do TJ e da Assembleia de São Paulo devem recolher imposto sindical para confederação http://t.co/KyrU95O
economia	Servidores ativos do TJ e da Assembleia de São Paulo devem recolher imposto sindical para confederação http://t.co/KyrU95OPPS
economia	@darosr_ imposto até na garganta
economia	Parabéns pra vc trabalhador q pagou MAIS IMPOSTO DE RENDA, pois o governo/PT/Dilma não atualizou a tabela do IR apesar da inflação.
economia	"Um tinto robusto para ""comemorar"" a declaração do imposto de renda, agradecendo ao Leão por abocanhar https://t.co/Mi9cRj9Qtj"
economia	@RdGaucha: Imposto sobre bebidas sobe 10% a partir de maio. Saiba mais em http://t.co/1MolnNwobx http://t.co/XV0w9zjT7M
economia	Hoje fiz a destinação do meu Imposto de Renda Devido para Fundo Estadual dos Direitos da Criança e do https://t.co/QDpNuygQQq
economia	Sempre tem o ultimo dos moicanos..imposto de renda acabando ..... (@ Nanfehouse) https://t.co/vQviuzgNUP
economia	Minha mãe deixou pra declarar o imposto de renda NO ÚLTIMO DIA!!! Tá de parabéns, mtas palmas
economia	Declaração do imposto de renda transmitida com sucesso
economia	DECLARAÇÃO IMPOSTO RENDA PESOU ESTE ANO KKKK #MOTOHOMEGARAGE #LOADRIDER #SCANIA112 #FULL https://t.co/iF8yUreROD
economia	Status:aguardando a restituição do imposto de renda!!#pagandopratrabalhar
economia	Último dia para entrega do Imposto de Renda Pessoa Física 2015! Ainda dá tempo. (@ CF Contábil - @cfcontabil) https://t.co/jWWv5KiEBW
economia	Grande @TulioMilman. DIREITO DE PERGUNTAR: Blasfemar contra o governo na hora de declarar o imposto de renda é pecado???  Sensacional!
economia	RT @Nelsonfsilva1: @GeraldodeMorais O combustível de um governo corrupto é o imposto pago pelo contribuinte.
economia	RT @abc900: #AOVIVO Estamos recebendo o delegado Luis F. Lorenzo da Receita Federal. Ele esclarece duvidas sobre Imposto de Renda http://t.
economia	#AOVIVO Estamos recebendo o delegado Luis F. Lorenzo da Receita Federal. Ele esclarece duvidas sobre Imposto de Renda http://t.co/IpwBFQmHfS
economia	Prazo de entrega do Imposto de Renda termina nesta quinta-feira http://t.co/Gn0BlMoC72
economia	Prazo de entr do Imposto de Renda termina nesta quinta-feira http://t.co/Gn0BlMoC72
economia	Tem que correr agora @Estadao: Imposto de Renda: Prazo para entrega termina hoje http://t.co/O5gEGuetF4
economia	@GeraldodeMorais O combustível de um governo corrupto é o imposto pago pelo contribuinte.
economia	Eu defendo uma tese que é a seguinte.  Tudo o q é imposto vai contra a democracia, baseado nisso concluo que o Imposto de renda é ilegal!
economia	Eita Imposto de Renda! Por que vc existe??? Que tipo de benefício vc trás pra nós? #leão #IR #receitafederal #nãoaguentoisso
economia	Ah, mas os deputados, o pessoal superior, eles não tem dinheiro para manter estrutura nas cadeias, pq a gente paga pouco imposto...
economia	Como gostam de aumentar imposto. Depois não pode falar no 1 de maio. A culpa não é da incompetência e economia devastada,é dos protestos(?!)
economia	Martaxa saiu pois pensa q pode ganhar a eleição. Não pode. O povo não esquece quem lhe enfiou 1 nabo, digo aumentou imposto. Radad idem viu.
economia	@CesarTralli ,parece q nao adianta economizar,qd a vida comeca melhorar...a gnt pg p receita.Se ja pg imposto p tudo,pq pg + Tralli?Nao da!
economia	@vitorsam Investimento mesmo quem ganha é Fpolis. Lá qdo não tem o q fazer eles inventam um viaduto novo. Sem contar a ponte enferrujada.
economia	Quero pegar uma moto, vai ser meu próximo investimento..
economia	RT @thiago37: Curso de Profissionalismo e Gestão #jpr2015 - Investimento Estrangeiro na Saúde https://t.co/BN66hxanN7 http://t.co/Z3fkr1KsaG
economia	Curso de Profissionalismo e Gestão #jpr2015 - Investimento Estrangeiro na Saúde https://t.co/BN66hxanN7 http://t.co/Z3fkr1KsaG
economia	RT @andremmiola: os clubes precisam apresentar urgente emenda na MP 867 para criaçao dos fundos de investimento em subscriçao limitada de a
economia	os clubes precisam apresentar urgente emenda na MP 867 para criaçao dos fundos de investimento em subscriçao limitada de açoes pelos socios
economia	tem de render o suficiente a quem investiu a quem forneceu esse investimento a todos aqueles q participam no processo produtivo lindo!
economia	RT @claudiolamachia: O aumento do Fundo Partidário e a continuidade do investimento empresarial de campanhas é algo no mínimo contraditório.
economia	"Nossa sem hora, é o pib da africa do sul ""@ND_Esportes: United prepara oferta de R$ 458 milhões por Bale http://t.co/oitpTNB35T"""
economia	PIB do Brasil diminuindo, inflação aumentando, tamo bems
economia	Vou manerar nas compracao mas é. Necessário!!!!!!!! Affffffff o problema num é. Eu é as inflação se sentindo injusticada
economia	"Um desafio aos amigos: quanto vai custar essa ""comprinha""? Quem arrisca? #inflação #pibinho https://t.co/jidhJ55cfy"
economia	@dilmabr oi amiga essa sua inflação esta atrapalhando minhas vendas de perfumes por favor dê um jeito nisso beijokas Quirida
economia	De 1,41% em março para 0,61% em abril: inflação CAI. Bastante,hein,PIG? Sobra mais troco pro rivotril http://t.co/1g1MRI2sEW Vamos,Brasilzão
economia	@Rosii_Souza inflação alta, salário minimo uma vergonha e uma mulher sem vergonha fazendo pronunciamento virtual. Quer mais? #CalaBocaDilma
economia	RT @professor_bruno: @dilmabr destaca o aumento do salário mínimo e esquece da inflação que corrói o mesmo salario. #calabocaDilma
economia	@dilmabr Não fala besteira @dilmabr  ! O que adianta aumentar o vlr hoje se a inflação corroi amanhã ! E os aposentados s/ aumento ?
economia	@dilmabr destaca o aumento do salário mínimo e esquece da inflação que corrói o mesmo salario. #calabocaDilma
economia	Será que o Bolsa Família acompanha a inflação?
economia	RT @AdvNatalia: Problemas COM PT: #mensalao #petrolao #fies #pronatec #enem #sus #maismedicos #gasolina #petrobras #energia #aumento #infla
economia	A inflação foi provocada pelo próprio governo ao represar os preços dos combustíveis e da energia @anaamelialemos em reunião na CRA
economia	RT @getuliobranda: @rafaolivfig @opajoao @bibshoracio SIM AF, FALAM TANTO DO FHC MAS ESQUECEM DA INFLAÇÃO 812%, ESQUECEM QUE NO GOVERNO DO
economia	@rafaolivfig @opajoao @bibshoracio SIM AF, FALAM TANTO DO FHC MAS ESQUECEM DA INFLAÇÃO 812%, ESQUECEM QUE NO GOVERNO DO PT OS ROUBOS FORAM B
economia	@OCuia Aqui a evolução dos nomes.   Banco da Província, Banmercio e Sulbanco &gt;&gt; Sulbrasileiro &gt;&gt; Meridional &gt;&gt; Santander.
economia	OFICIAL! Por decisão unânime, UENP também adere à greve por tempo indeterminado.
economia	Quase 50 dias de greve, é isso mesmo?
economia	Em mais um evento dos Professores em Greve fico a sonhar e imaginar a ilusão de como será a Assembleia dia 8 se... https://t.co/Li9JNA8VEr
economia	Reunião do comando de greve. @ Apeoesp Sudeste/Centro https://t.co/S53zlAG23P
economia	RT @filemonpereira: Servidores do Estado ameaçam greve geral nos próximos dias https://t.co/v4LVyUUjvN via @sharethis
economia	Servidores do Estado ameaçam greve geral nos próximos dias https://t.co/v4LVyUUjvN via @sharethis
economia	greve dos operários... BR fechada... delícia! #sqb (@ Pedágio Concer in Duque de Caxias, RJ) https://t.co/9hVKgEQ323 http://t.co/akCxQ9INhg
economia	@Benja97 contra o aumento da água e a favor da greve dos professores?
economia	@RR_TV contra o aumento da água e da greve dos professores?
economia	@kikodinucci show em apoio a #greve dos #professores #negociaçãojá @ Praça Da Republica - São Paulo https://t.co/rDjTNvBQY4
economia	Novo Hamburgo os professores tão em greve ainda, porque Rio Grande não?
economia	Daqui alguns meses o praticamente o Brasil inteiro vai estar em greve, procede? Coisa tá feia.
economia	Amanha vai ter greve de professores aqui em canoas
economia	Mantendo a greve dos professores, acho que a principal pauta é negociar para que não haja descontos aos profissionais em greve
economia	RT @Ary_AntiPT: Professores  decidem MANTER greve contra  ALUNOS do PARANA.  Que tal um ProEscola nos Moldes do Prouni? Economia @NeyLeprev
economia	Professores  decidem MANTER greve contra  ALUNOS do PARANA.  Que tal um ProEscola nos Moldes do Prouni? Economia @NeyLeprevost
economia	Mais um dia de luta. Não esqueceremos jamais! #somostodosprofessores #luto #luta #greve #educacao https://t.co/wE92CMYV55
economia	"\o/ ""@o_colecionador: Agora q o FIES miou, estou aguardando os defensores da ""educação"" organizarem greve e manifestações em frente ao MEC."""
economia	Amanha completam 7 dias de greve la na empresa tomara que acabe neh.. Hahah ta na hora já.
economia	@Estadao: SP: Justiça volta a proibir que professores divulguem greve nas escolas http://t.co/IQJXakPbVW
economia	"RT @Ary_AntiPT: "" Ministro do STF nega reclamação contra ilegalidade de greve dos servidores http://t.co/yTmITUdUDE"""
economia	"RT @Ary_AntiPT: ""@ Em greve, cerca de 300 servidores protestam na frente da Prefeitura de Novo Hamburgo http://t.co/hUIiCuQyNb http://t.co/"
economia	@ Em greve, cerca de 300 servidores protestam na frente da Prefeitura de Novo Hamburgo http://t.co/hUIiCuQyNb http://t.co/2NEHByayNH
economia	 Ministro do STF nega reclamação contra ilegalidade de greve dos servidores http://t.co/yTmITUdUDE
economia	Servidores do HUT aderem à greve e atendimento fica comprometido: Por conta da paralisação... http://t.co/FspylHRQwO
economia	RT @LUCILENECAETANO: Em Goiânia também Professores em greve são agredidos por guardas municipais em Goiânia - @aredacao http://t.co/aVynqQn
economia	RT @Oficial_L10: UEL e Unespar decidiram fazer greve por tempo determinado, e retomam as atividades acadêmicas na quinta-feira.
economia	UEL e Unespar decidiram fazer greve por tempo determinado, e retomam as atividades acadêmicas na quinta-feira.
economia	Escola do Vitinho entro em greve,  ele vai vim pra oz,  o pessoal ja ta marcando de fazer uma social
economia	"10 estados com greve na ""EDUCAÇÃO"", que Coincidência não? / 10 departamentos de Brasil, hay ""Paro"" https://t.co/IOPLAtkcn7"
economia	_ Professores da rede municipal de educação em greve tingem de vermelho a fonte da Câmara de https://t.co/K6HOYUd19g
economia	Em Goiânia também Professores em greve são agredidos por guardas municipais em Goiânia - @aredacao http://t.co/aVynqQnXFi @rafa____b
economia	O abuso do direito de greve por parte de integrantes das forças policiais está inserido no âmbito do controle externo da polícia pelo MP.
economia	@NoticiaJa faltou coragem de perguntar se ele seria capaz de mandar a PM bater nos professores em greve por mais de 40 dias? #grevesemmedo
economia	@fernandocabral @palmeriodoria nosso respeito aos professores em greve #ComDilmaaPanelaeCheia
economia	RT @paty_vigarini: Professores em greve. Apoio por que são os que nos dão uma vida digna um futuro que queremos
economia	O jogo político no Brasil anda tão doente, que o fato dos professores estarem em greve de Norte a sul do país é culpa dos professores. (???)
economia	RT @Sebastiaocarmo: Em manifestação no Paço Municipal professores de Goiânia em greve são agredidos. Retrato da Educação no Brasil do PT. h
economia	"pilotos a quem paulo portas apelidou de ""salva empresas"" decidem protestar e aderir à greve."
economia	RT @JhoohFerreira94: Fazem greve por melhor condição de serviço... Quero melhores condições de vida, e como se faz greve disso?
economia	Fazem greve por melhor condição de serviço... Quero melhores condições de vida, e como se faz greve disso?
economia	@LinhaPopular pergunta pro Colombo se ele vai mandar a pm espancar os professores que estão em greve,  ou vai cumprir a Lei e dar o aumento.
economia	Já são 49 dias de greve, mas a luta pela educação já é antiga, e está apenas começando. Professor é https://t.co/sO6V64obhA
economia	RT @LelexDutra: @Estadao engraçado só em Estados governados pela oposição, e que tem greve.
economia	os professores hoje em São Paulo #saopaulo #greve #strike #protest #professores #teachers @ Edifício https://t.co/KSWpfRn03B
economia	Se o gov do Paraná estivesse errado não era só os professores q estava em greve e sim todos os funcionários
economia	RT @Manovolpato: @rpcparana muito obrigado pela cobertura a nossa greve #LutoPelaEducacao #eutonaluta
economia	@rpcparana muito obrigado pela cobertura a nossa greve #LutoPelaEducacao #eutonaluta
economia	@vittorz e vc ta achando isso bonito? vc n sabia q greve é legítima prevista em cf? VITOR NOSSA EU TE ODEIO DUM TANTO
economia	PR/SC/SP com professores em greve,  estados que REELEGERAM seus governantes no PRIMEIRO TURNO.
economia	Ta louco minha professora de Arte explicando a causa da greve, sobre o Alckim, a dilma e chorando, to até mal
economia	Hj não tem bom dia. A educação está em luto! #somostodosprofessores #luto #greve #educacao #eutonarua https://t.co/fk6pB0vVE9
economia	Como que você resolve uma greve na base da violência?
economia	Toda energia positiva aos professores em Greve no Brasil. Infelizmente precisamos deixar os pequenos sem aula para ter melhores condições!
economia	RT @miltinhomiranda: Amanhã talvez já volta os professores que estavam de greve. Se voltar mesmo eu vou estranhar começar a entrar em todas
economia	"RT @giselemedici: ""@UOL: Sem aulas há + d 1 mês. Com greve de professores de SP, aluno vai à escola p ouvir música http://t.co/eGNm2ZKRjz @"
economia	Essa minha faculdade aprova a greve mas não inicia essa greve. Amigos, ou caga ou sai da moita.
economia	E essa greve aí ?
economia	Quero vê quando acabar a greve,vamos ficar sem aula por mais um tempo,de tanto professores feridos...
economia	Só torço pra que meus professores não resolvam entrar de greve. Não quero ter que estudar nas ferias de julho e em dezembro.
economia	Eu sei que essa greve não é boa pra ngm
economia	E que tenha greve no RJ, greve na Bahia... GREVE GERAL, PORRA
economia	Eu sou estudante do estado do Paraná, no começo do ano ficamos 29 dias d greve fui no protesto em Foz, e acho que isso tudo vai se repetir!
economia	@dilmabr Acesso a educação? Greve de professores, várias pessoas feridas nas manifestações, isso é acesso a educação? Em que país tu vive?
economia	RT @chico_dangelo: Governador Beto Richa do PSDB do Paraná manda Polícia massacrar manifestação dos professores em greve. Mais de 100 ferid
economia	Governador Beto Richa do PSDB do Paraná manda Polícia massacrar manifestação dos professores em greve. Mais de 100 feridos. Q absurdo.
economia	"Imagine só que louco: você entra em greve para lutar por melhores condições de trabalho, vai para a rua e leva um ""sacode"" por conta disso."
economia	RT @g1: Tropa de choque volta a avançar contra professores estaduais em greve no Paraná. SIGA: (cont) http://t.co/nhg4GbP8PS
economia	E a entrevista do governador do Paraná sobre a greve, que foi uma farsa? Que situação http://t.co/thU698J87W
economia	Servidores público #jauenses saindo as ruas por melhores salários.  #GREVE  #Crise @ rua Major Prado https://t.co/1Sgh7zWfd9
economia	#professores guerreiros do Paraná merecem todo nosso respeito!!!!! #greve
economia	Greve!!!! (@ Tribunal de Justiça do Estado de Santa Catarina - @tjscnoticias) https://t.co/0G1Om88PXS http://t.co/93bYqptkbO
economia	Greve não é férias! #ForaBetoRicha #VemPraLuta #OParanaQuebrou #EuFaçoaMinhaParte #Orgulho @ Eu tô na https://t.co/GJXOp8VN8V
economia	RT @VagasPublicidad: Marketing Digital - Assistente - Dorel Juvenile Brasil -  São Paulo, SP http://t.co/9xp6CWXDlF #vagas
economia	Marketing Digital - Assistente - Dorel Juvenile Brasil -  São Paulo, SP http://t.co/9xp6CWXDlF #vagas
economia	Estágio em Planejamento - FCB Brasil -  São Paulo, SP http://t.co/pFYAgWjLnW #vagas
economia	Especialista em Vendas (Chat) I - TeleTech -  São Paulo, SP http://t.co/SSQUwxQ89i #vagas
economia	Designer Gráfico JR - Affero Lab -  São Paulo, SP http://t.co/iHUqhx7SWw
economia	Meu novo emprego!!! Móveis usados das Radios  #radiosEmReforma #MoveisUsadosSQN #pechincha https://t.co/TMJCx3LX4d
economia	Promotora de Vendas - Zona norte (Tucuruvi/Parada Inglesa) - Top People Assessoria em Marketing e Venda... http://t.co/G67aKcpeJh #vagas
economia	Representante Comercial - parcerias com Salões de Beleza - RRC Publicidade e Comunicação -  São Paulo, SP http://t.co/Epxg4RrEBt #vagas
economia	Representante Comercial - parcerias com Restaurantes - RRC Publicidade e Comunicação -  São Paulo, SP http://t.co/Jonslpsl0b #vagas
economia	Assistente de Arte - Questro -  São Paulo, SP http://t.co/DxjQkhoUgO
economia	Operador de Telemarketing Ativo de Vendas . - Editora de Guias BMC -  São Paulo, SP http://t.co/PJS4t5MfSO #vagas
economia	É legal acumular aposentadoria de emprego público com remuneração de cargo temporário http://t.co/YdoCux4CgL
economia	Adorando o novo emprego! Minha cara :) (@ Pracinha Oscar Freire in São Paulo, SP) https://t.co/TouMpZTKfU
economia	Customer Quality Engineer - Intel -  São Paulo, SP http://t.co/WMqTK9u9wM #vagas
economia	Cluster Trade &amp; Marketing Manager - Maersk Line -  São Paulo, SP http://t.co/GlEMynJh8R #vagas
economia	Estágio Pernod Ricard | FINANÇAS - Newik -  São Paulo, SP http://t.co/Nc447dotuq #vagas
economia	Estagiário(a) em Design Gráfico - Economídia -  São Paulo, SP http://t.co/gGhkudZWUM
economia	Designer Pleno - Benchmark Design -  São Paulo, SP http://t.co/Qe09N1NFl6
economia	Programador Visual Junior - Lojas Riachuelo -  São Paulo, SP http://t.co/ZcgMYpwX0N
economia	Analista de Marketing - Acesso Digital -  São Paulo, SP http://t.co/2zNRLs0ilA #vagas
economia	Supervisor de Pesquisa Mídia - Publicis Brasil (São Paulo) -  São Paulo, SP http://t.co/XnFlsEmL6n #vagas
economia	Estagiário Marketing Promocional - RIO QUENTE RESORTS -  São Paulo, SP http://t.co/MKMXd0RPF6 #vagas
economia	Programa de Estágio RB - RB -  São Paulo, SP http://t.co/P3vdXShyI3 #vagas
economia	Assistente de Marketing - Sonae Sierra Brasil -  São Paulo, SP http://t.co/ynnfH8rBpP #vagas
economia	"RT @Mauricio_Arrr: ""@ninfecentrismo: vai conseguir altos emprego http://t.co/wkB5ty5XJU"" meu deus descreveu a @uaiLouise"
economia	Estagiário de Criação - Faber-Castell -  São Paulo, SP http://t.co/E14xCcmJVm #vagas
economia	Promotor de Vendas com moto (homem) - Factu Trade Marketing -  São Paulo, SP http://t.co/zvjKeYXRq9 #vagas
economia	BR.SP - Assistente de Arte - MSLGROUP Andreoli - MSLGROUP -  São Paulo, SP http://t.co/meYkMuIJa3
economia	BR.SP - Assistente de Arte - MSLGROUP Andreoli - MSLGROUP -  São Paulo, SP http://t.co/meYkMuIJa3 #vagas
economia	BR.SP - Atendimento PL - MSLGROUP Andreoli - MSLGROUP -  São Paulo, SP http://t.co/6VxiQDaTEh #vagas
economia	   #aôpeão @ Ministério do Trabalho e Emprego https://t.co/apGbU8D1yg
economia	BR.SP - Assistente de Arte - MSLGROUP Andreoli - MSLGroup -  São Paulo, SP http://t.co/6DM4xoCSOx
economia	Representante Comercial - Feminino - Ianúncios e-marketing -  São Paulo, SP http://t.co/sRBMXsM5UF #vagas
economia	RT @RaffaelTrindade: Preciso arrumar um emprego acordar todos os dias 13:00 não da.
economia	Design Gráfico - Não divulgado -  Rio de Janeiro, RJ http://t.co/bAQWEaccHy
economia	To aqui CIE vou me cadastrar como jovem aprendiz ... tomara que eu consiga um bom emprego
economia	PROGRAMA DE ESTÁGIO CIELO 2015 - CAMACHO -  São Paulo, SP http://t.co/qVpRD5fRlB #vagas
economia	Estagiária de Criação - Enox Onlife Media -  São Paulo, SP http://t.co/mt8VjlKSB1
economia	Estágio Remunerado em Design Gráfico (Matutino) - Sesc Santa Catarina -  Florianópolis, SC http://t.co/amLOGLKOLj
economia	Business Process Specialization - 10 - Accenture -  São Paulo, SP http://t.co/0ORsyy9X8t #vagas
economia	A gente trabalha duro mas também tem o que merece! Amo meu emprego #VemProLadoNET (@ Riema Austria Flat Americana) https://t.co/jyT2MZg6Q7
economia	ASSISTENTE ADMINISTRATIVO - Convicção -  São Paulo, SP http://t.co/O4Buhe3Dq6 #vagas
economia	Sales Executive - InterSystems Corporation -  São Paulo, SP http://t.co/75viRfr7uD #vagas
economia	Comemorando o emprego novo  @ Dom Quixote bar de tapas https://t.co/wQjdEUvUSS
economia	Market Insights Manager- Latin America - Abbott Laboratories -  São Paulo, SP http://t.co/28nvjSihza #vagas
economia	Assistente de Marketing - Criação de Embalagens -  São Paulo, SP http://t.co/WFs8EAgMEQ
economia	Analista de Marketing - Publicidade - Emmeti -  São Paulo, SP http://t.co/cubAF7WZxt #vagas
economia	Redator Publicitário Sênior com foco em Conteúdo para Social Media - Agência vm2 -  Barueri, SP http://t.co/MnQzbdu5Vt #vagas
economia	Senior Administrative Assistant - Ciena -  São Paulo, SP http://t.co/C1ApomofcX #vagas
economia	Gerente de Atendimento - Citi -  São Paulo, SP http://t.co/Mbbv18OpJr #vagas
economia	@AnaPaulaVolei Ana, se fosse só com o FIES! Se vc visse como está o comércio aqui no Brasil ! É de chorar.
economia	 (@ Nhl - Comercio de Eletronicos in São Pedro Do Butia, Rio Grande Do Sul) https://t.co/4jLEu2phL8
economia	@SenadoFederal @Reguffe  E os mercados lucrativos lá fora? Que nos trarão lucro? Porto Cuba será domínio brasileiro sobre comércio da ilha.
economia	É..... Quebrou, tem que arrumar!!! #parachoque @ REFALAN - Comércio e Recuperação de Auto peças https://t.co/2w1veGj5vj
economia	 (@ Nhl - Comercio de Eletronicos in São Pedro Do Butia, Rio Grande Do Sul) https://t.co/UdqSSqYx9N
economia	@edmilsonpapo10 Vi comércios em Jundiai falando em até 70% de queda. Meu comércio caiu 47%
economia	Aqui hj ta feio lotado af (@ SECEG - Sindicato dos Empregados no Comércio do Estado de Goiás - Unidade Campinas) https://t.co/FkacPgXW1l
economia	Acabou de publicar uma foto @ Ministerio do Desenvolvimento, Indústria e Comercio Exterior https://t.co/GgiBMvoBfW
economia	Ultimo dia (@ Nhl - Comercio de Eletronicos in São Pedro Do Butia, Rio Grande Do Sul) https://t.co/chU14vfIYB
economia	o que falar dessa menina q conheci no mc donald's e já considero pakas?  @ Clube do Comércio https://t.co/yV59xdf0Sg
economia	Hoje o dia começou com uma. Speech.na Câmara América na de Comércio e terminou agora com uma https://t.co/NSpKGsiIcC
economia	Reunião do Conselho de Comércio Exterior, com a presença do Embaixador do Haiti. (@ Fecomércio-RS) https://t.co/uxLSPt03Ti
economia	 Governo quer reduzir para 15% a fatia da Infraero em aeroportos privatizados http://t.co/jXhluR68Af
economia	RT @tainasena: Aecio nao mexe no bolsa família e seguro desemprego meu filho #DebateDaRecord
economia	RT @PompeodeMattos: MP-664 tira dos trabalhadores parte do SEGURO DESEMPREGO Líquida c/ABONO SALARIAL de 10 milhões de pessoas e mata p SEG
economia	RT @MarianaPSDB: Dilma, Não mexa nos nossos Direitos! Não as Medidas Provisórias que alteram o Seguro-Desemprego, https://t.co/IXdFQDqlIb
economia	Dilma, Não mexa nos nossos Direitos! Não as Medidas Provisórias que alteram o Seguro-Desemprego, https://t.co/IXdFQDqlIb
economia	@psolnacamara nao estou acreditando no que vejo sessao mais bizarra da historia onde o governo quer o fim do seguro.desemprego
economia	Assistindo a mais bizarra sessao da camara federal em pauta o fim do seguro desemprego que o governo quer aprovar
economia	Tempos do.absurdo deputados(as) do pt defendem fim do seguro desemprego de trabalhadores este partido nao tem mais nada
economia	RT @PompeodeMattos: Em BSB Dep. do PDT fecharam o voto CONTRA MP 664 q retira direito dos trabalhados Castiga pescadores, mata seguro desem
economia	MP-664 tira dos trabalhadores parte do SEGURO DESEMPREGO Líquida c/ABONO SALARIAL de 10 milhões de pessoas e mata p SEGURO DEFESO-Pescadores
economia	RT @Ary_AntiPT: MP do PT e Dilma tirando direito  ao Seguro Desemprego e com pagamento a pensionistas. Em votacao hoje e a imprensa caladin
economia	Em BSB Dep. do PDT fecharam o voto CONTRA MP 664 q retira direito dos trabalhados Castiga pescadores, mata seguro desemprego QUE É ISSO PT
economia	MP do PT e Dilma tirando direito  ao Seguro Desemprego e com pagamento a pensionistas. Em votacao hoje e a imprensa caladinha. #Panelaco
economia	@Estadao: Ritmo na taxa de desemprego é maior no Nordeste http://t.co/LyU8YXyQRq Os q mais votaram em @dilmabr
economia	A taxa de desemprego aberto passou de 4,9% para 5,4% da PEA (fev-março). Em 12 meses,  teve leve variação positiva. http://t.co/AZWgHvrzgx
economia	RT @fee_rs: FEE divulga agora a PED-RMPA do mês de março de 2015. Houve elevação do desemprego.Acesse:  http://t.co/ni8vQlj9kA http://t.co/
economia	A taxa de desemprego total apresentou elevação em março, passando de 5,7% da População Economicamente Ativa (PEA) em fevereiro para 6,2%.
economia	A PED-RMPA de março de 2015 mostra redução do nível ocupacional e elevação do desemprego, comportamentos usuais para esse mês.
economia	FEE divulga agora a PED-RMPA do mês de março de 2015. Houve elevação do desemprego.Acesse:  http://t.co/ni8vQlj9kA http://t.co/tenC8Aci60
economia	dia bom pra investir na petrobras...........
economia	Mal nós  (@ CEPE - Clube dos Empregados da Petrobras in Canoas, Rio Grande do Sul) https://t.co/li820eE02G
economia	RT @Mleitaonetto: CPI estuda atas da Petrobras para descobrir contradições http://t.co/niKrSikvR9
economia	Maior exemplo: veja se colocs como o pilar do moralidade contra a corrupção da petrobras. Mas colocs cunha como maior politico do brasil
economia	RT @andreoertel: Cerveró diz que Lula e Dilma o convidaram para Petrobras e nega ligação com PMDB #NAOaPEC412  http://t.co/I3lTdnTq2z http:
economia	Cerveró diz que Lula e Dilma o convidaram para Petrobras e nega ligação com PMDB #NAOaPEC412  http://t.co/I3lTdnTq2z http://t.co/SJUnsaig77
economia	CPI estuda atas da Petrobras para descobrir contradições http://t.co/niKrSikvR9
economia	Petrobras, BNDS, Loby , Mensalão, Corrupção, Zé Dirceu, Delubio ..etc..etc...etc...e temos que ouvir que nós não damos valor.
economia	Requerimento p/ convocação do Lula na CPI da Petrobras http://t.co/3dkzYJBBNi #impeachmentdilma #ForaDilma #VaiaDilma #panelacodilma
economia	Paulo Roberto Costa diz que gênese da corrupção na Petrobras é 'Brasília' #G1 http://t.co/TUL22YATf9
economia	RT @sulains: Depois de Costa explicar o fluxo na Petrobrás entendi a importância da Diretoria de Serviços e o porquê da indicação ter ficad
economia	@dilmabr NÃO TEM DINHEIRO PRO FIES TIA? PEGA O MONEY QUE SUMIU DA PETROBRÁS DÁ E SOBRA.
economia	RT @sulains: É espantoso o esforço do relator Luis Sérgio em envolver o PSDB no esquema de propinas da Petrobrás.
economia	É espantoso o esforço do relator Luis Sérgio em envolver o PSDB no esquema de propinas da Petrobrás.
economia	RT @STJnoticias: Ação contra Petrobras por vazamento de oleoduto segue na Justiça Federal http://t.co/v2TSWxohKr
economia	Ação contra Petrobras por vazamento de oleoduto segue na Justiça Federal http://t.co/v2TSWxohKr
economia	RT @AnnaLuGama: @turquim5 @petrobras  A mídia. PiG só pública o que for contra o país. Nem disfarçam.
economia	Sobre o aumento das ações da Petrobrás e no que isso influência na tributação geral e na crise: Não entendo nada de economia.
economia	RT @GilRobGrimes: @UOLNoticias más para ser roubado através da @petrobras tem né? Para aumentar verbas partidos tem também né?  Para compra
economia	RT @GilRobGrimes: @g1  más para ser roubado através da @petrobras tem né? Para aumentar verbas partidos tem também né?  Para compra apoio t
economia	@srzd  mas para ser roubado através da @petrobras tem. Para aumentar verbas partidos tem também.  Para compra de apoio tem
economia	@g1  más para ser roubado através da @petrobras tem né? Para aumentar verbas partidos tem também né?  Para compra apoio tem né?
economia	RT @lamers_r: Doação agora só da Petrobras/CEF/BB/BNDS &gt;&gt; PT anuncia que não vai mais receber doação de empresa http://t.co/UyZAKN5QCF #For
economia	"Saquearam o Brasil RT ""@reaconaria:  interm de propinas na Petrobras aumentaram patrim em 3400% e 4800% desde 2003 http://t.co/bougQwRoiZ"""
economia	"Huehuehue ""@NosTrendsBrasil: Até a Fábrica Bracho saiu da crise e a Petrobras,  não!  #AUsurpadora025"""
economia	RT @joaomc: Petrobrás e DNIT firmam convênios com a UFPR, que terceirizar o serviço. Será se é xunxo? http://t.co/PYDuNcvfFs
economia	RT @letraslimitadas: Odebrecht briga na Justiça para obter pagamentos da Petrobras referentes a um contrato que totaliza 825,6 milhões de d
economia	RT @freire_roberto: Dilma que vergonha @Estadao:Lava Jato:Petrobrás destrói gravações do conselho administração http://t.co/Tnlk3Oaqvb htt
economia	@Estadao: Petrobrás: R$ 86 milhões desviados são repatriados pela Procuradoria http://t.co/59K33hrgAp RT
economia	Me fudi... Vou sustentar os gastos da Dilma, Mensalão, lava à jato, petrobrás, falta dágua, falta de https://t.co/ln59wv5dcH
economia	"@rasccorrea: A Petrobras nunca esteve tão no fundo. No fundo do mar, achando petróleo""  http://t.co/fAbILLwtow"""
economia	RT @portalR7: Em Curitiba, ex-diretor da @Petrobras janta em churrascaria no trajeto p/ a prisão domiciliar http://t.co/MXSq0s8dug (1/2)
economia	O pessoal rouba todo dinheiro da Petrobras e ainda fica em prisão domiciliar, DOMICILIAR!
economia	#Dolar #ValutaInvest #Campinas #Investimentos #fechamento #Stockmarket R$ 3,0466 em baixa de -0,72% - https://t.co/Vl6cOMYIol
economia	VAMO PARA AI GENTE, 3 REAIS O DÓLAR, DESSE JEITO NÃO DÁ
economia	Queria voltar a comprar coisas no #AliExpress mas com o Dolar em quase 4 conto fica difícil D:
economia	ISSO E PT, Quando FHC fez o plano Real , cada real valia um Dólar, Hoje 1 DOLAR VALE 3, 07 ..(To mentindo?). http://t.co/43aKyzjTH3
economia	#Dolar #ValutaInvest #Campinas #Investimentos #fechamento #Stockmarket R$ 3,0687 em baixa de -0,39% - https://t.co/5Fp9EIuVDI
economia	#Dolar #ValutaInvest #Campinas #Investimentos #fechamento #Stockmarket R$ 3,0807 em alta de +2,24% - https://t.co/3TxRH5tuya
economia	Preço do s6 no Brasil ta 100 reais mais caro que nos EUA e o de lá não tem garantia aqui. Vsf dólar!
economia	Naaaaooooo. O dólar subiu
economia	PORRA DÓLAR SUBIU DE@NOVO VAI TOMAR NO CU
economia	#Dolar #ValutaInvest #Campinas #Investimentos #fechamento #Stockmarket R$ 3,013 em alta de +1,88% - https://t.co/7fIbsvufyE
economia	RT @aavn: @edurocha77 o dólar não foi nos 2,80 mas foi na casa... Eu estou satisfeito, começo a olhar novamente para compra...
economia	#Dolar #ValutaInvest #Campinas #Investimentos #fechamento #Stockmarket R$ 2,957 em alta de +0,52% - https://t.co/qLeNDXVIbx
economia	E dizem que estamos em crise! Agora é só no dólar!  #ostentação @ Avenida Almirante https://t.co/ZI0tyBYgbp
economia	@edurocha77 o dólar não foi nos 2,80 mas foi na casa... Eu estou satisfeito, começo a olhar novamente para compra...
economia	#Dolar #ValutaInvest #Campinas #Investimentos #fechamento #Stockmarket R$ 2,904 em baixa de -0,12% - https://t.co/B5pI3fmBkn
economia	"RT ""@AndreLJunq: Tela de Van Gogh vendida por US$ 66 milhões inicia leilões em NY http://t.co/PZN2Fzb2uQ #NewYork http://t.co/CTPYPZJR62"""
economia	#TOMLINSONSLAYSAGAIN espero que o zayn se afunde na lama e a one direction ganhe milhões de sucesso, muito mais
economia	@DGDougSilva então acho pouco dá p pegar 16 milhões de euros só nas % do santos acho eu
economia	Uai gente, o dólar caiu? JN não noticiou. Ibovespa fechando com maior alta desde dez/2014? JN não noticiou.   Essa mídia
economia	Viver um ciclo de vida imposto pelo mundo? Nascer, comprar, crescer, comprar, reproduzir, comprar, morrer? Que vida rasa, cara!
economia	RT @FaabiLuiza: Meu outra q paga imposto pra ser burra
economia	Meu outra q paga imposto pra ser burra
economia	Ai meu deus, que ela só imprima esse imposto pfv
economia	Eu tô bem confuso com esse imposto de renda
economia	Essa história de Imposto de Renda ta me irritando também
economia	"@denisfpalmeida Fim da cerimônia, encaro os PE: ""enquanto tu ta vendo novela eu to ralando pra gerar imposto que paga teu salário de merda""."
economia	Imposto de renda finalizando... Ahhh como brasileiro deixa tudo pra ultima hora... (@ Nanfehouse) https://t.co/4HrMjDzENg
economia	No Brasil o único serviço publico de 1 mundo é a declaração de IR. Pra controlar e cobrar imposto extorsivo do povo, o Estado funciona.
economia	MEU JESUS, até quando pode fazer declaração do imposto de renda?
economia	minha mãe teve não sei quantos dias pra fazer essa coisa de imposto de renda, daí no último dia e no dia que ela vai viajar ela lembra
economia	É uma sensação pagar imposto de renda neste país. Nem posso dizer que tipo de sensação é esta!
economia	Presidente @DiogoChamun em instantes na TV Bandeirantes. Fala sobre Imposto de Renda. No canal 10 de Porto Alegre. http://t.co/EoRQipyVUt
economia	@valor_economico @jornaldacbn É, e mais uma vez com o aumento da carga tributária,  vejam pra Qto foi o ICMS!  Imposto?! Fora Dilma  Fora PT
economia	A vida ta uma bosta quando vc se da conta que vc tem que pagar 20% do que vc ganha em imposto de renda e farmácia
economia	@celsorussomanno Pessoal de Goiânia paga imposto mas quando vai no posto, UPA, UBS fica sem atendimento médico
economia	Eu não sei o que eu odeio mais em relação ao imposto de renda: se é o assalto ou se é a burocracia.
economia	adorando esse chá de cadeira que eu to levando fazendo declaração de imposto de renda que não é meu
economia	A DENGUE ainda perde pro governo, pois o imposto pica mesmo com a gente olhando só que dói o ano inteiro ! http://t.co/eggeiX4DwF
economia	Ainda bem que meu imposto de renda é o simplificado. Mas, mesmo assim, não justifica a minha procrastinação
economia	Pra eu realmente me sentir brasileira eu deixei pra última semana a declaração do imposto de renda.
economia	Acordei com uma enxaqueca do cão e com mensagem do contador sobre o imposto de renda, agora to com enxaqueca e dor de cabeça.
economia	nunca vou entender como funciona o imposto de renda (@ Receita Federal in São Paulo, SP) https://t.co/TeuSQ0muHQ
economia	RT @marcelo_gambe: @brunischultz inflação, ou melhor estamos sendo saqueados por dependermos de transportes públicos... E o imposto de rend
economia	Declaração de imposto de renda: Que morte horrível!
economia	@brunischultz inflação, ou melhor estamos sendo saqueados por dependermos de transportes públicos... E o imposto de renda em 27,5 %
economia	Esse novo horário imposto no meu serviço é tão horrível que hoje eu tive que fechar 22hrs e não tinha uma alma viva naquela shopping
economia	"RT @paulacfortes: ""@portalbrasil: Faça o download dos aplicativos para a sua declaração de Imposto de Renda http://t.co/HVn40AjZT2"""
economia	@portalbrasil: Faça o download dos aplicativos para a sua declaração de Imposto de Renda http://t.co/HVn40AjZT2
economia	@bomsenhor: pra quem tá deprimido nesse finalzinho de domingo fica o lembrete que você ainda não fez a declaração do imposto de renda
economia	Aí você tá fazendo o imposto de renda e o céu te dá esse presente  @ da minha janela https://t.co/bTXW6RaMBV
economia	@jvgatao97 to esperando minha mae declarar o imposto de renda dela, ai eu assisto com o sr
economia	@aiaiai63: sensacional http://t.co/Jpw5kfBKQJ ACABA REDE GLOBO E PAGA A PORRA DO IMPOSTO ANTES. #GloboGolpista50
economia	Como assim vocês não entendem quando o @JornalOGlobo coloca uma foto de leão pra ilustrar posts sobre imposto de renda?
economia	Chegou a hora dela. Ela mesma. A declaração do imposto de renda da família.
economia	Acordei bem cedo, peguei o note e fiz a minha declaração de Imposto de Renda. Mas deve ter erro: restituição.... Rs... Você já fez a sua?
economia	@zeigeister eu n quero MESMO sustentar um padrao imposto pra achar que eu valho o suficiente pra ficar com alguem com o mesmo fucking padrao
economia	Eu tô aqui pagando imposto. E a #GloboGolpista50 vai pagar o dela?
economia	@Mauhoro e eu cuidando do imposto de renda http://t.co/t1yl7ACzwb
economia	Quando eu estou aqui#RobertoCarlos fora do especial? Vish custou bilhões de dinheiros. Mas é imposto que a #Globo50Anos sonega. Né?
economia	@fimdepapo Ia pegar ali o extrato de rendas anual para enviar à contadora (de histórias), imposto de reNas e coisa e tal. To bRokiado ali.
economia	Se você acha caro investir em educação, experimente o custo da ignorância. Derek Bok, Reitor de https://t.co/IpHbua6Koa
economia	E o caos perdura no #metro e é na Venezuela que o BNDS vai investir em metro? #sufocometro #linhavermelha #MetroSP
economia	RT @claudiolamachia: Faltam recursos para investir em saúde,segurança e educação, mas sobram recursos para triplicar receita dos partidos p
economia	Absurdo o descaso com a Baía de Guanabara no Rio de Janeiro! Investir em estádio pra Copa é fácil, o meio ambiente que se dane #Fantástico
economia	querem aumentar minha carga horária mas não querem aumentar meu salário, depois que um funcionário se demite ele que é vagabundo
economia	RT @_raphaelvalente: Agora é segurar as contas pq gastaram muito na compra do campeonato,  sem salário por 3 meses Kkkkkkkk
economia	Agora é segurar as contas pq gastaram muito na compra do campeonato,  sem salário por 3 meses Kkkkkkkk
economia	@peganasuafanny um dia falaram que professor ganha mal pq tem péssima formação na Universidade e não merece ter o mesmo salário de um médico
economia	Esse mês vou tentar fazer meu salário durar mais que 4 dias.
economia	Como assim brasil, tenho menos de R$100,00 do meu salário, e hoje é 2 veeeii
economia	Meu salario quase já se foi todo, mas também já paguei todas as minhas contas e comprei o que tinha pra comprar
economia	Sair meu segundo salario vou tirar um iPhone
economia	Já gastei todo meu salário droga
economia	@marichewbacca @GabriellePoleto né? Enquanto o salario mínimo lá é de 6 reais, a família da Sandy tira 10 mil, muita ostentação
economia	RT @AnnaLuGama: @RonaldoEsteves2 @FimDaGlobo Com certeza. Não recebemos salário. #DilmaDoTrabalhador
economia	#ComDILMAaPANELAéCHEIA   Mas com a Terceirização: 25% menor do que a do trabalhador contratado. Sem direito a 13°salário  Férias e FGTS.
economia	@quin_ubz05: E HOJE TEM SALÁRIO ATRASADO KKKKKKKKKKKKKKKKKKKKKKK CHUPA MERCENÁRIO FDP http://t.co/1D5wLgbIwVPeléverton!
economia	Se o Ricardo Oliveira triplicou o salário então ele vai ganhar 900k/mês?  Depois não sabem pq os clubes estão quebrados.
economia	@dilmabr SUPER valorizar o salário dos politicos triplicar os ministérios e a verba para os partidos é #Roubo #Vergonha #Injustiça
economia	@lobaoeletrico Porque o negócio é bem mais em baixo quando não pagam o salário e tiram o auxílio previdência, aposentadoria, etc...
economia	Me acabei nas compras hoje, e acabei com meu salário também
economia	Vai trabalhar! O contribuinte não paga o teu salário p vc escrever cartazinho em horário de trabalho não. Tá faltando arquivo p recuperar?
economia	Ja falei aqui q amo meu avô mais q tudo? Ja ne? Agr vou mostrar p ele é pedir pra ele aumentar meu salário pra 5 mil ta tudo bem
economia	Acho digno o salario mínimo ser pelo menos 2000 mil reais , pq olha , acho que vou pro mundo di funk , ou da prostituição
economia	RT @LelexDutra: Cadê os black blocs pra protestar, pois os terceirizados da UERJ tão levando um calote lindo, e professor com salário atras
economia	Cadê os black blocs pra protestar, pois os terceirizados da UERJ tão levando um calote lindo, e professor com salário atrasado.
economia	@dilmabr e o salário dos aposentados fica cada vez pior falta de respeito aos aposentados. http://t.co/lOTl5Q1PcS
economia	uma coisa que eu acho legal no marista é que o valor q a pessoa paga no almoço muda de acordo com o salário
economia	@dilmabr imagine a economia, não sei quanto da o total por deputado, mas so de salario são 28 mil reais. Vai ser uma mão na roda
economia	É roubalheira na saúde, na educação, nos impostos, nas multas, e o salario continua mínimo. Um lixo de país, tenho nojo!!!!
economia	N paga o salário dos professores desde novembro e ainda quer ter razão
economia	Antes de começar a filmar me ofereceram participação nos lucros ao invés de um salário. Mas eu tinha https://t.co/HzR7f5BG6g   2015-04-29 22:56:56
economia	@carlos_diehl @StenioVeiga aqui no Rio o salário de professor não chega a mil reais líquidos, mas a questão ai é que o RS tá falido.
economia	RT @adelgadocunha: Quanto o protesto era pedindo intervenção militar tinha paz e selfie com policial, agora quando é ajuste de salário tem
economia	Quanto o protesto era pedindo intervenção militar tinha paz e selfie com policial, agora quando é ajuste de salário tem porrada
economia	Fla estar MONITORANDO Alex; será um ótimo reforço;mas seu salário tem q ser no máximo 300.000 incluindo luvas; caso contrário será loucura.
economia	Mas os deputados precisam de salário, trabalham muito! E como o dinheiro ta pouco não podem pagar os professores e nem manter as escolas.
economia	La vai o Governo aumentar os preços das loterias de novo. Só não aumenta o salário.
economia	Os PMS deveriam estar protestando junto com os professores pq eles também estão sem salário!
economia	TSE rejeita empréstimo simulado do Mensalão e manda o PT devolver R$ 4,9 milhões aos cofres públicos. http://t.co/3IL7Rz1t4Y
economia	RT @gabrieljusto: Esta é a taxa de juros/mês, do empréstimo pessoal pré-aprovado q o Santander me disponibilizou hoje. Coincidência??? http
economia	Esta é a taxa de juros/mês, do empréstimo pessoal pré-aprovado q o Santander me disponibilizou hoje. Coincidência??? http://t.co/2BOK7mYvIA
economia	20 reais de multa só pq esqueci de renovar a data do empréstimo do livro, pqp
economia	Vou ter é que fazer um empréstimo se quero ter o que planejo esse ano ainda
economia	@FUTEBOL105FM Esse juiz fez empréstimo na Crefisa e vão deixar de pagar 5 parcelas se roubar pros porco
economia	8hs, domingo. Alerta no celular. E-mail de oferta de empréstimo do banco. R$9500,00 para pagar em 36x de R$886,00.  Tô sonhando ainda?
economia	Diviiida publica passou de 800bi em 2002 para 2,44tri em 2015, pib negativo,inflação acima de 8%,balança comercial negativa,dolar em alta
economia	Estamos no meio de uma recessão brava. Boletim Focus do BC reviu p/ cima queda do PIB em 2015, agora p/ retração de 1,1%
economia	#PIB em baixa,crise econômica nacional E @dilmabr  aumenta de 200 a 800 milhões anuais o #fundopartidário   O Brasil não é levado a sério !
economia	RT @CarlosAraujo68: É essa gente do Nordeste que faz a região crescer mais de 3%, enquanto a incompetência do Sul e Sudeste detona o PIB ht
economia	É essa gente do Nordeste que faz a região crescer mais de 3%, enquanto a incompetência do Sul e Sudeste detona o PIB https://t.co/MRmC6YcIw5
economia	E hj a ministração foi na PIB de Nova Aurora - Belford Roxo. #Alegria #Musica #Adoração #Louvor @ https://t.co/L3IotnfzUL
economia	Hj foi sensacional! Amigos e comunhão eh sempre bom! @ Pib Alcântara https://t.co/jtZLDfc7mB
economia	Para baixar a inflação... https://t.co/3Ia7Cmc3lA
economia	@marcelojuniorr_ Brasil ta no topo de que? Violência? Inflação?
economia	Não da para aceitar aumento de juros em tempo de retomada. Conter a inflação? Nenhuma medida tem o povo como meta! Receita de bolo...
economia	@LuanaAnjos Esta indignada com a inflação ne Lua? Kkkkkk
economia	GASTEI 6 REAIS SEIS REAIS COMPRANDO APENAS UM TRIDENT E FOFURA, OS PREÇOS ESTÃO ALTÍSSIMOS QUE INFLAÇÃO #askmagcult
economia	A inflação chegou nos flanelinhas https://t.co/Xu9nEmerHL
economia	@marcelocoli @Greenhalgh_  E resolveu a inflação mesmo. O país deve muito a esta dupla de Presidentes. Ambos.
economia	@CBNoficial Boa notícia? Inflação é menor que 1,0%? Gasolina baixou? Energia sem aumento? Pleno Emprego?
economia	@teteirada o dólar nas alturas né, a inflação do governo Dilma ai beirando a insanidade
economia	@_dion25 mercado empresarial dos pasteis está em crise Brasil acorda 4 reais em um pastel não é inflação !!!
economia	RT @carlosudia: Um país q cresce menos q todos os outros sul americanos, inflação sem controle, população endividada, desemprego e corrupçã
economia	Um país q cresce menos q todos os outros sul americanos, inflação sem controle, população endividada, desemprego e corrupção, ta bom assim?
economia	RT @PresbEvandro: PT AFUNDOU O REAL E TROUXE DE VOLTA A INFLAÇÃO. @marisascruz @DecaRGarcia @aeciofaraujo @deylze @bia_souto2 @MGPBeth http
economia	@gabifontanezi_ é, inflação é um mal maior
economia	@S_Alves08 @gabifontanezi_ acredito que está correta. A inflação esta alta e subindo.Alem de preções de custos vindas do câmbio e da energia
economia	Você arriscaria 8% do seu salário todo mês em ações na Bolsa de Valores, em uma empresa que rende menos que a inflação?
economia	Só mesmo um imbecil para depositar 8% do salario todo mês num investimento que rende bem menos que a inflação.  Quem concorda dá RT.
economia	Defender a titularidade absoluta de Aranguiz no meio campo do inter é tão ilógico qnto dizer q a inflação esta controlada...
economia	Ta ok o dólar tá custando R$ 3,10 uma inflação de 1,55%, ta eu sei q se permanecer a taxa do SELIC chegará a 14% mas pensa....
economia	meça suas art nouveau parsa @ Centro Cultural Banco Do Brasil https://t.co/HZZxySaYPw
economia	Nao sei se rezo pra acabar a greve na empresa amanha, ou ora continuar.. Kkkk
economia	Daí os professor faz greve e eu tenho q cumprir horário no sábado, tnc
economia	Porque meu colégio n entra em greve por uns 30 dias, eu deixo
economia	@rede_globo_prtv os professores ainda estao em greve?
economia	Temos planos de vida, não podemos perder tempo com a greve
economia	@itsjapps qm ve pensa, um mes e meio de greve essa vai passar de ano sim.
economia	RT @zeilabheck: Quando nossos árbitros tiverem a formação em faculdades que só têm greve vai ser sempre esta vergonha.
economia	Quando nossos árbitros tiverem a formação em faculdades que só têm greve vai ser sempre esta vergonha.
economia	Tao falando que amanha vai ter greve denovo em alphaville
economia	@BrennoMotta uerj teve ano passado ou esse ano, não lembro. Rural tbm estava em greve e já se preparando para essa
economia	@peganasuafanny quer dizer que professor não pode entrar em greve?
economia	Velho essa greve na mh escola não acaba nunca... Tô fodidassa
economia	"Muito Obrigado @diogoalcan e @Nana_Rude pelo apoio e pela ""divulgação"" rsrs da nossa greve,a coisa ta feia por aqui  http://t.co/atBLhiPbR8"
economia	RT @_seemuser: BOM DIA PRA VOCÊ QUE NÃO FOI PRO COLÉGIO PORQUE OS PROFESSORES ENTRARAM EM GREVE DE NOVO.
economia	Uff entrando em greve dia 24 e tudo que eu quero fazer é morrer/sofrer calado
economia	RT @rkrutli: @BetoRicha porque a greve dos servidores então, se está esta maravilha ???
economia	Escola está de greve desde o dia 24 de março, tem quase um mês
economia	Profs de greve que nao tenha mais aula como nao teve ontem
economia	Por que as escolas particulares daqui são melhores do que as públicas? Deve ser porque o ensino não é fraco e não tem greve de professores.
economia	Meu feeds notícias no fb tá lotado de coisas sobre essa greve/manifestações dos professores
economia	que absurdo esse negócio da greve dos professores né, mundo ta perdido memo
economia	RT @douglasavai: Greve!!!! (@ Tribunal de Justiça do Estado de Santa Catarina - @tjscnoticias) https://t.co/0G1Om88PXS http://t.co/93bYqptk
economia	RT @Ana_Paulagodoi: Quero vê quando acabar a greve,vamos ficar sem aula por mais um tempo,de tanto professores feridos...
economia	Professores tem todo direito de protestar , e entrar em greve
economia	Com essa greve fica difícil
economia	A gente já ai ter so uma semana de férias no meio do ano e ter aula ate dia 23 de dezembro ai agr que eles entraram de greve dnv ferrou
economia	Minha tia veio do interior e fez questão de dizer que pra minha área não tem emprego em cwb e que sou mt nova pra engenharia. _.
economia	Nada melhor que ter o seu dinheiro, o seu emprego.
economia	Preciso de um emprego, n consigo mais ficar sem não!
economia	só de pensar que amanhã tenho que trabalhar, me arrependo de ter procurado emprego.
economia	RT @pareceqpiorou: @gaybrasil enquanto isso a gente tem medo de apanhar até morrer, perder o emprego. Mas o sofrimento deles é grande, coit
economia	@gaybrasil enquanto isso a gente tem medo de apanhar até morrer, perder o emprego. Mas o sofrimento deles é grande, coitados
economia	Pede dinheiro, mas não pede emprego. Nem diz que tipo de emprego tá procurando
economia	"RT @BELIEBERFAMOSA: ""oq vc quer da vida"" olha se não for pedir muito eu so quero um diploma de faculdade e um emprego que ganhe 10 mil"
economia	@boasaventuras mais vai q um dia e arrume um emprego e compre um e tenha q parcelar em 24 vezes
economia	@carolinamunhoz ainda nao recebi ligação falando se passei no emprego. Sera que nao passei de novo?
economia	oq vc quer da vida olha se não for pedir muito eu so quero um diploma de faculdade e um emprego que ganhe 10 mil
economia	Preciso urgentemente de um emprego de verdade
economia	Achei o emprego dos sonhos! @ Barão Parrilha e Bar https://t.co/pq1uGlREdl
economia	@Lucasc015 quando me chamam pra entrevista de emprego nesses lugares eu já cancelo, Deus me livre. Sempre vejo assaltos.
economia	Gentes, deixa eu dar uma dica pra vcs. Arranjem um emprego que sustente vcs, pq pedir dinheiro pro pai é a pior coisa da vida.
economia	 to precisando de mais experiencia profissional pra passar numa entrevista de emprego ai pra isso vou precisar que voce me beije
economia	Minha mae disse q segunda n posso voltar p casa sem achar um emprego, ou seja, morarei embaixo da ponte
economia	@jaquesmachado @RdGaucha @leandrostaudt @andressaxa agradeça  a Deus por ter emprego m
economia	Diretor(a) de Arte Pleno - ISSU Comunicação -  São Paulo, SP http://t.co/FqfZ1p1N75
economia	Diretor(a) de Arte Pleno/Sênior - Trama Comunicação -  São Paulo, SP http://t.co/sIOkPY1IEV
economia	Assistente de Marketing (Prazo Determinado 8 meses) - São Paulo - Janssen - Johnson &amp; Johnson -  São Paulo, SP http://t.co/do3PbjM8UV #vagas
economia	Gerente de Produto Jr - Sustagen RTD - Mead Johnson Nutrition -  São Paulo, SP http://t.co/ZynieyUJ1A #vagas
economia	Estágio em Design Gráfico -  São Paulo, SP http://t.co/VT02T8Mvmu
economia	Gerente de Marca Inovação - Diageo -  São Paulo, SP http://t.co/o03palU3zh #vagas
economia	Assistente de Desenvolvimento de Propagandas - Loby Ecommerce -  São Paulo, SP http://t.co/gJzRXyXlWj #vagas
economia	"rT @g1: Marinha Mercante prorroga inscrições para 114 vagas http://t.co/Q5bhkG9wAF"""
economia	Estagiário(a) em Design - Hospital de Olhos -  São Paulo, SP http://t.co/JfLuGtA7fp
economia	Analista Studio Gourmet Unilever - Unilever -  São Paulo, SP http://t.co/Egnk1JdF83 #vagas
economia	Channel Operations Processes Analyst - GE Healthcare -  São Paulo, SP http://t.co/FwSgw2bzy4 #vagas
economia	Tenho uma entrevista de emprego hojee
economia	RT @VagasPublicidad: ESTAGIÁRIA PARA ÁREA COMERCIAL - ALPHA SECURE -  São Paulo, SP http://t.co/eMvzl4iRCq #vagas
economia	ESTAGIÁRIA PARA ÁREA COMERCIAL - ALPHA SECURE -  São Paulo, SP http://t.co/eMvzl4iRCq #vagas
economia	Programa Economia e Negócios agora em novo horário! #Economia&amp;Negócios #RecordNews #FatimaTurci @ https://t.co/rhUfDeXXlb
economia	@tvterraviva: Abertura da 81ª Expozebu começa com expectativa de superar a marca de R$ 50 milhões em negócios http://t.co/zbofzoIoSk
economia	Mais uma periclitante reunião de negócios! Com a presença dos grandes empreendedores williamcbarbosa https://t.co/XzSNYsU6jU
economia	RT @juliocasares_SP: Quando Dir de Marketing e depois VP de Mark, realizamos grandes negócios e ótimos contratos. Hoje sou VP Geral, mas o
economia	RT @juliocasares_SP: @victorschimidt1 Vai sair sim. Em breve. Já vendi inúmeras vezes. Grandes Negócios Realizados.
economia	@victorschimidt1 Vai sair sim. Em breve. Já vendi inúmeras vezes. Grandes Negócios Realizados.
economia	@Gisga_ mas veja bem miga. Pequenas empresas, grandes negócios
economia	Acabou de publicar uma foto @ Negócios Digitais https://t.co/s3IFeByp1j
economia	Depois de uma semana de provas e trabalhos enfim descanso  (@ Escola de Negócios  PUC-PR) https://t.co/XUJs38Od3K
economia	Reunião de Negócios... (@ Grupo @NaturaldaTerraH in São Paulo) https://t.co/xyfyPQUKN4e
economia	ECONOMIA E NEGÓCIOS - Fenatran ocorrerá de 9 a 13 de novembro, em São Paulo: Maior evento de transporte rodovi... http://t.co/hT5UInbvkc
economia	#NeymarNoCQC com a Dilma Rousseff e seu imposto n da para comprar essa camisa né Dilma Rousseff
economia	Prefeito de Jaraguá do Sul, Dieter Janssen, reconhece que é mais barato e eficiente investir em https://t.co/CYeoCTRGd2
economia	Crise, economia @dila7803: Ai gente, Shonda matou p não pagar o salário!  https://t.co/8RnID7oDDa
economia	RT @allanlac: arruma um emprego pra mim alguem em nome de jesus
economia	Cheguei agora ha pouco do centro, colei no ciee e no futura, consegui 2 encaminhamentos d emprego, to so pelas entrevistas agora
economia	O velho almoço de negócios !!! @ Lig China Delivery https://t.co/jWZkwVya18
economia	RT @alexaguiarpoa: CESA armazena menos de 1% da safra agrícola do RS, mas deu prejuízo de 60 milhões só em 2013. Fora os salários. http://t
economia	Bom dia!!! @ Centro de Treinamento BM&amp;F Bovespa/São Caetano do Sul https://t.co/u9T0yCjPrE
economia	Ah ESQUECI, O GOVERNO VAI AUMENTAR O IPI DAS PANELAS DE:  10% PARA 97% A PARTIR DE AMANHA. BOA NOITE...
economia	X Encontro de escritores do MERCOSUL. http://t.co/dsTQYcdtpU
economia	Reunião da Cúpula Social do Mercosul :) (@ Escritório da Presidência da República in São Paulo, SP) https://t.co/vU0q4yFw3l
economia	Acompanhando o cliente edgarschlusen na sessão de fotos do Residencial Mercosul, mais um grande https://t.co/1IxkruTK26
economia	"Já visitou a Exposição ""Um Só Corpo: Arte Contemporânea nos Países do Mercosul""? Não?! Então se https://t.co/dEWdiyc4Bq"
economia	Minha vó aqui reclamando da conta de luz
economia	quando começarem a acordar cedo  pra ralar e poder pagar o aluguel e a conta de luz da Dilma.. ae sim.. chora na cama que é lugar quente!
economia	Hoje a conta de água ja subiu 15,55%. E a Luz vai subir mais 15%.
economia	@CesarTralli ,onde isso vai parar Tralli? O aumento da conta de luz fii um reajuste,reajuste de 100%? So no hospicio da Dilma!!!
economia	Graças a deus minha conta de luz baixou  http://t.co/T0OVRtMReg
economia	@jnflesch saudades. Não tinha petrolâo, emprestão do BNDES, nunca fiquei desempregado. Não é o melhor do mundo mas é melhor q a ptzada
economia	RT @zepalhano: Roubo de R$ 19 bi na Fazenda? Calma, gente. Ainda faltam BNDES, Eletrobrás e muito mais.
economia	"RT @as_sousa: ""@sensacionalista: Mr. Catra renova empréstimo com #BNDES para presentear as mães de seus filhos http://t.co/RYJP0jKokq"" @De"
economia	@BlogdoJuca @UOL só quem ñ assusta são os 500 bilhões do BNDES. Imagina?! Nem Celso Daniel assusta!
economia	Ja que estamos com crise energetica... e aumento das tarifas de luz... pq nao apagam as luzes internas do predio do bndes e petrobras...
economia	"RT @SoDeBoaBrazil: Seu FGTS financiando obras em Cuba, Venezuela e Bolívia ""Ministério da Fazenda quer no BNDES R$ 10 bi do FGTS"" http://t."
economia	RT @giancarlobpaim: Presidente do BNDES desmonta mentira de Dilma Rousseff sobre o porto de Cuba http://t.co/U3KoSo4KhA  SÓ ISSO, já é moti
economia	RT @letraslimitadas: A pedidos, o Porto de Mariel, em Cuba, financiado pelo BNDES! http://t.co/ytjZwAtNcy
economia	RT @letraslimitadas: POR QUE O BNDES NÃO FINANCIA OBRAS NO NORDESTE BRASILEIRO? http://t.co/kpovSBh4Wz
economia	"RT @as_sousa: ""@MariaLCAb: Dilma vai vetar abrir a caixa preta do BNDES. Vamos exigir a abertura."" #CPIdoBNDES"
economia	@JornalOGlobo: Oposição aposta na #CPIdoBNDES após tráfico de influência de Lula. http://t.co/dgnf9cYmD2 http://t.co/bOqIGBZqEM
economia	RT @luis13vieira: @souzajr2 @bndes_imprensa @RevistaEpoca  E qual o problema??Os EUA também irão financiar Cuba!!!
economia	@CleberBuneko Com certeza; só q na época da campanha ñ repassou tudo para nós pagarmos a conta, como vem fazendo com o ajuste fiscal.#ForaPT
economia	A Dilma é a mãe e o PT é o pai do Ajuste Fiscal...Esse sim, mexeu nos DIREITOS dos trabalhadores....Quem diria rsrs
economia	Ajuste Fiscal pq a Dilma deixou a economia brasileira DESANDAR, nem p/ conseguir AQUECER o mercado interno essa mulher conseguiu.. Fraca d+
economia	Agora quero saber oq a militância petista tem a dizer sobre o ajuste fiscal
economia	RT @LelexDutra: O PR partido da igreja universal votando a favor do ajuste fiscal, vivi pra ver isso.
economia	O PR partido da igreja universal votando a favor do ajuste fiscal, vivi pra ver isso.
economia	@BlogOlhoNaMira só não entendo qual é a dele em fazer o cego pro ajuste fiscal, ele tá sempre um paço à frente, mas dessa vez não sei.
economia	"O PT precisa apoiar a Dilma, Ajuste Fiscal e a terceirização, q FODE o trabalhador, precisa ter ""dono""...,#JH"
economia	Esse ajuste fiscal da DilmaPT, ele é uma maldade com os trabalhadores, pois muda tudo..No seguro desemprego, na aposetadoria..
economia	O ajuste fiscal e a terceirização, filhote do governo da DilmaPT, o PT quer jogar a responsa p PMDB e aliados, tirando o seu da reta..
economia	@renancalheiros Ajuste Fiscal: não há cura indolor! O gigantismo estatal está matando o Brasil. Fatura de luz: 61,5% do valor são IMPOSTOS!!
economia	Ajuste fiscal pode vir com economia nos cargos do PMDB, Brasil precisa dessa limpeza antes de mexer em direitos trabalhistas.
economia	Já entramos no 5° mês e nada do ajuste fiscal ser votado. Nada do gov sinalizar q aceita cortar na carne e não apenas por no do povo.
economia	Ajuste fiscal pq tudo foi feito de forma errada, gastaram além da conta, quebraram o país...Dilma quebrou o país!! #JN
economia	td é sempre por causa de uma racha RT @Estadao: Após racha, PT decide por apoio à medida do ajuste fiscal na Câmara http://t.co/ncxIJlTSDy
economia	RT @LelexDutra: PDT defendendo o ajuste fiscal da Dilma, trabalhista contra trabalhador, ué.
economia	PDT defendendo o ajuste fiscal da Dilma, trabalhista contra trabalhador, ué.
economia	RT @as_sousa: Planalto ameaça fazer contingenciamento radical se ajuste fiscal ñ for aprovado @Estadao [@MichelTemer assumiu] http://t.co
economia	Planalto ameaça fazer contingenciamento radical se ajuste fiscal ñ for aprovado @Estadao [@MichelTemer assumiu] http://t.co/ETfrSiuYwa
economia	Não se pode fazer ajuste fiscal na educação, diz presidente da OAB http://t.co/4QANdaQqn0
economia	@Estadao: Ajuste fiscal entrará na pauta da Câmara semana que vem http://t.co/LZLYRTMtV9 Ajuste para quem?
economia	#lindo - Proposta do Governo para privatização da água aprovada no Parlamento pelo PSD e CDS-PP http://t.co/iRNJWByyco
economia	Escritório de advogados onde Arnaut é sócio escolhido como assessor da privatização da TAP http://t.co/FNCwSBgZIG
economia	Você pode! #empreender #Empreendedorismo #capacitamais @ Capacita Mais São Paulo Vila Zilda https://t.co/5KgExHireo
economia	Para aqueles que se esforçam. #empreender #Empreendedorismo #capacitamais @ Capacita Mais Guarujá https://t.co/niG9Nk43O3
economia	@marcogomes: Contrariando as estatísticas: http://t.co/mqVXXHvObz Minha palestra no #TEDx. Veja e me diga o que achou! #empreendedorismo
economia	Obrigado Unifenas pela oportunidade de falar um pouquinho sobre minha experiência e empreendedorismo https://t.co/csXGMDcTR4
economia	Está afim de alavancar seus negócios, entender um pouco mais sobre empreendedorismo e se destacar no https://t.co/M18ACwoqR0
economia	Tenham uma ótima tarde. #empreender #Empreendedorismo #capacitamais @ Capacita Mais São Paulo Sapopemba https://t.co/Al0HaQCzj5
economia	Da janela eu vejo... Sobre minha vista. #empreendedorismocriativo #empreendedorismo #empreendedora https://t.co/7RlzGnsPSb
economia	Partage Franquias no Seminário de empreendedorismo da FURG. #Partage #PartageShoppingRioGrande https://t.co/XVlCiHXz32
economia	Por um Brasil mais empreendedor: o baiano Rodrigo Paolilo passará a presidência da Confederação https://t.co/sb9U2JDMKv
economia	@JoaoMarcos__ sim! Total. A fase do JEC é maneira e tal, mas de consolidação. Deveria ser proibido dizer um A do Figueira pós Bragança-2013.
economia	@PauloGarciaPT presta contas de #2014 e comprova #superávit , resultado de uma gestão #responsável
economia	A gasolina mais cara do estado de SP é em Avaré , é muita sorte
economia	GASOLINA e ÁLCOOL  SUPER BARATO!!! Vim abastecer aqui agora... Fica na RUA 68 setor CENTRAL em https://t.co/N7GxC9Jggw
economia	Depois q a gasolina aumentou, a quantidade de carro na rua aumentou tb. Não deveria ser o contrário? @LeiSecaRJ @RadarCostaVerde
economia	@jornal_cultura a baixa do preço da gasolina ñ foi mais um subterfúgio p a eleição da Dilma?
economia	RT @letraslimitadas: Dilma anuncia que baixou o litro da gasolina para 550 ml.
economia	E hoje fiquei sem energia por muito tempo!!! As velas me salvaram!!! A Eletropaulo disse que chegaria https://t.co/WmOjqK1Dkp
economia	Obrigado Çerra seu arrombado por nos dar a Eletropaulo empresa de merda q nos rouba tds os dias!!
economia	Seja o que for, seja original! G. A. @ Capital Trade Importação e Exportação Ltda. https://t.co/YM5L3flpcz
economia	Onde é que tem a regra de tributação pra importação no Brasil? Pq até onde eu sei SE A REGRA SE APLICASSE era 60% do valor não 182819%
economia	.:!!:. Venha Fazer Seu Projeto De Importação e/ou Exportação Conosco!!! RED LION - Importação &amp; https://t.co/A8ybLDXuzN
economia	A #ThePlayer atua na importação de materiais esportivos #fitness ..aprovado pelas marcas #rednose e https://t.co/U9L2Gndig5
