economia	put merd 75 val pag jog vide gam impost brasil 
economia	tud pior impost inflaca corrupca menos escol menos hospit menos httpstcotc4imu33fp 
economia	rt stjnotic serv ativ tj assemble sao paul dev recolh impost sindic confederaca httptcokyru95 
economia	serv ativ tj assemble sao paul dev recolh impost sindic confederaca httptcokyru95opp 
economia	darosr impost gargant 
economia	parab trabalh pag impost rend governoptdilm nao atualiz tabel ir apes inflaca 
economia	tint robust comemor declaraca impost rend agradec lea abocanh httpstcomi9crj9qtj 
economia	rdgauch impost sobr beb sob 10 part mai saib httptco1molnnwobx httptcoxv0w9zjt7m 
economia	hoj fiz destinaca impost rend dev fund estad direit crianc httpstcoqdpnuygqqq 
economia	sempr ult moicanosimpost rend acab nanfehous httpstcovqviuzgnup 
economia	mae deix declar impost rend ult dia parab mta palm 
economia	declaraca impost rend transmit sucess 
economia	declaraca impost rend pes ano kkkk motohomegarag loadrid scania112 full httpstcoif8yurerod 
economia	statusaguard restituica impost rendapagandopratrabalh 
economia	ult dia entreg impost rend pesso fisic 2015 aind temp cf contavel cfcontavel httpstcojwwv5kiebw 
economia	grand tuliomilman direit pergunt blasfem contr govern hor declar impost rend pec sensac 
economia	rt nelsonfsilva1 geraldodemor combusti govern corrupt impost pag contribuint 
economia	rt abc900 aoviv receb deleg luil f lorenz receit feder esclarec duvid sobr impost rend httpt 
economia	aoviv receb deleg luil f lorenz receit feder esclarec duvid sobr impost rend httptcoipwbfqmhf 
economia	praz entreg impost rend termin nest quintaf httptcogn0blmoc72 
economia	praz entr impost rend termin nest quintaf httptcogn0blmoc72 
economia	corr agor estada impost rend praz entreg termin hoj httptcoo5geguetf4 
economia	geraldodemor combusti govern corrupt impost pag contribuint 
economia	def tes seguint tud impost contr democrac base conclu impost rend ileg 
economia	eit impost rend exist tip benefici tra lea ir receitafeder naoaguentoiss 
economia	ah deput pessoal superi nao dinh mant estrut cade gent pag pouc impost 
economia	gost aument impost nao pod fal 1 mai culp nao incompetenc econom devastada protest 
economia	martax saiu pens pod ganh eleica nao pod pov nao esquec enfi 1 nab dig aument impost radad id viu 
economia	cesartrall parec nao adiant economizarqd vid comec melhor gnt pg p receitas pg impost p tudopq pg trallina 
economia	vitors invest ganh fpolil qdo nao faz invent viadut nov cont pont enferruj 
economia	quer peg mot ser prox invest 
economia	rt thiago37 curs profission gesta jpr2015 invest estrang saud httpstcobn66hxann7 httptcoz3fkr1ksag 
economia	curs profission gesta jpr2015 invest estrang saud httpstcobn66hxann7 httptcoz3fkr1ksag 
economia	rt andremmiol club precis apresent urgent emend mp 867 criaca fund invest subscrica limit 
economia	club precis apresent urgent emend mp 867 criaca fund invest subscrica limit aco soci 
economia	rend sufici invest fornec invest tod particip process produ lind 
economia	rt claudiolamach aument fund partidari continu invest empresar campanh alg min contraditori 
economia	hor pib afric sul ndesport united prepar ofert r 458 milho bal httptcooitptnb35t 
economia	pib brasil diminu inflaca aument tam bem 
economia	vou maner compraca necessari affffffff problem inflaca sent injustic 
economia	desafi amig quant cust compr arrisc inflaca pib httpstcojidhj55cfy 
economia	dilmabr amig inflaca atrapalh vend perfum favor jeit beijok quir 
economia	141 marc 061 abril inflaca cai bastanteheinpig sobr troc pro rivotril httptco1g1mri2sew vamosbrasilza 
economia	rosiisouz inflaca alt salari min vergonh mulh vergonh faz pronunc virtual qu calabocadilm 
economia	rt professorbrun dilmabr destac aument salari min esquec inflaca corro salari calabocadilm 
economia	dilmabr nao fal beste dilmabr adiant aument vlr hoj inflaca corro amanh aposent s aument 
economia	dilmabr destac aument salari min esquec inflaca corro salari calabocadilm 
economia	ser bols famil acompanh inflaca 
economia	rt advnatal problem pt mensala petrola fie pronatec en su maismed gasolin petrobr energ aument infl 
economia	inflaca provoc propri govern repres prec combusti energ anaamelial reunia cra 
economia	rt getuliobrand rafaolivfig opajoa bibshoraci sim af fal tant fhc esquec inflaca 812 esquec govern 
economia	rafaolivfig opajoa bibshoraci sim af fal tant fhc esquec inflaca 812 esquec govern pt roub b 
economia	ocu aqu evoluca nom banc provinc banmerci sulbanc gtgt sulbrasil gtgt merid gtgt santand 
economia	ofic decisa unanim uenp tamb ader grev temp indetermin 
economia	quas 50 dia grev 
economia	event profes grev fic sonh imagin ilusa ser assemble dia 8 httpstcoli9jna8v 
economia	reunia com grev apeoesp sudestecentr httpstcos53zlag23p 
economia	rt filemonper serv est ameac grev geral prox dia httpstcov4lvyuujvn via sharethil 
economia	serv est ameac grev geral prox dia httpstcov4lvyuujvn via sharethil 
economia	grev operari br fech delic sqb pedagi conc in duqu cax rj httpstco9hvkgeq323 httptcoakcxq9inhg 
economia	benja97 contr aument agu favor grev profes 
economia	rrtv contr aument agu grev profes 
economia	kikodinucc show apoi grev profes negociacaoj prac republ sao paul httpstcordjtnvbqy4 
economia	nov hamburg profes tao grev aind porqu rio grand nao 
economia	daqu algum mes pratic brasil int est grev proced cois fei 
economia	amanh ter grev profes aqu cano 
economia	mant grev profes ach princip paut negoci nao descont profiss grev 
economia	rt aryantipt profes decid mant grev contr alun paran tal proescol mold proun econom neyleprev 
economia	profes decid mant grev contr alun paran tal proescol mold proun econom neyleprevost 
economia	dia lut nao esquec jamal somostodosprofes lut lut grev educaca httpstcowe92cmyv55 
economia	ocolecion agor fie miou aguard defen educaca organiz grev manifestaco frent mec 
economia	amanh complet 7 dia grev empr tom acab neh hahah hor 
economia	estada sp jus volt proib profes divulg grev escol httptcoiqjxakpbvw 
economia	rt aryantipt ministr stf neg reclamaca contr ilegal grev serv httptcoytmitudud 
economia	rt aryantipt grev cerc 300 serv protest frent prefeit nov hamburg httptcohuiicuqynb httptc 
economia	grev cerc 300 serv protest frent prefeit nov hamburg httptcohuiicuqynb httptco2nehbyaynh 
economia	ministr stf neg reclamaca contr ilegal grev serv httptcoytmitudud 
economia	serv hut ader grev atend compromet cont paralisaca httptcofspylhrqw 
economia	rt lucilenecaet goian tamb profes grev sao agred guard municip goian aredaca httptcoavynqqn 
economia	rt oficiall10 uel unesp decid faz grev temp determin retom ativ academ quintaf 
economia	uel unesp decid faz grev temp determin retom ativ academ quintaf 
economia	escol vit entr grev vim oz pessoal marc faz soc 
economia	10 est grev educaca coincidenc nao 10 departament brasil hay par httpstcoioplatkcn7 
economia	profes red municip educaca grev ting vermelh font cam httpstcok6hoyud19g 
economia	goian tamb profes grev sao agred guard municip goian aredaca httptcoavynqqnxf rafab 
economia	abus direit grev part integr forc polic inser ambit control extern polic mp 
economia	noticiaj falt corag pergunt capaz mand pm bat profes grev 40 dia grevesemmed 
economia	fernandocabr palmeriod respeit profes grev comdilmaapanelaeche 
economia	rt patyvigarin profes grev apoi sao dao vid dign futur quer 
economia	jog poli brasil and tao doent fat profes est grev nort sul pal culp profes 
economia	rt sebastiaoc manifestaca pac municip profes goian grev sao agred retrat educaca brasil pt h 
economia	pilot paul port apelid salv empr decid protest ader grev 
economia	rt jhoohferreira94 faz grev melhor condica serv quer melhor condico vid faz grev 
economia	faz grev melhor condica serv quer melhor condico vid faz grev 
economia	linhapopul pergunt pro colomb mand pm espanc profes esta grev cumpr lei dar aument 
economia	sao 49 dia grev lut educaca antig apen comec profes httpstcoso6v64obh 
economia	rt lelexdutr estada engrac est govern oposica grev 
economia	profes hoj sao paul saopaul grev strik protest profes teach edifici httpstcokswpfrn03b 
economia	gov paran err nao profes grev sim tod funcionari 
economia	rt manovolpat rpcpar obrig cobert grev lutopelaeducaca eutonalut 
economia	rpcpar obrig cobert grev lutopelaeducaca eutonalut 
economia	vittorz ach bonit n sab grev legit prev cf vit odei dum tant 
economia	prscsp profes grev est reeleg govern prim turn 
economia	louc profes art explic caus grev sobr alckim dilm chor mal 
economia	hj nao bom dia educaca lut somostodosprofes lut grev educaca eutonaru httpstcofk6pb0vve9 
economia	resolv grev bas violenc 
economia	tod energ posi profes grev brasil infeliz precis deix pequen aul ter melhor condico 
economia	rt miltinhomirand amanh talv volt profes grev volt vou estranh comec entr tod 
economia	rt giselemedic uol aul ha 1 me grev profes sp alun escol p ouv music httptcoegnm2zkrjz 
economia	faculdad aprov grev nao inic grev amig cag sai moit 
economia	grev 
economia	quer ve acab grevev fic aul tempod tant profes fer 
economia	torc profes nao resolv entr grev nao quer ter estud fer julh dezembr 
economia	sei grev nao boa ngm 
economia	grev rj grev bah grev geral porr 
economia	estud est paran comec ano fic 29 dia grev protest foz ach tud repet 
economia	dilmabr acess educaca grev profes var pesso fer manifestaco acess educaca pal viv 
economia	rt chicodangel govern bet rich psdb paran mand polic massacr manifestaca profes grev 100 ferid 
economia	govern bet rich psdb paran mand polic massacr manifestaca profes grev 100 fer absurd 
economia	imagin louc entr grev lut melhor condico trabalh rua lev sacod cont 
economia	rt g1 trop choqu volt avanc contr profes estad grev paran sig cont httptconhg4gbp8p 
economia	entrev govern paran sobr grev fars situaca httptcothu698j87w 
economia	serv publ jauens saind rua melhor salari grev cris rua maj pr httpstco1sgh7zwfd9 
economia	profes guerr paran merec tod respeit grev 
economia	grev tribun jus est sant catarin tjscnotic httpstco0g1om88px httptco93byqptkb 
economia	grev nao fer forabetorich vempralut oparanaquebr eufacoaminhapart orgulh httpstcogjxop8vn8v 
economia	rt vagaspublicidad marketing digit assist dorel juvenil brasil sao paul sp httptco9xp6cwxdlf vag 
economia	marketing digit assist dorel juvenil brasil sao paul sp httptco9xp6cwxdlf vag 
economia	estagi planej fcb brasil sao paul sp httptcopfyagwjlnw vag 
economia	especi vend chat i teletech sao paul sp httptcossquwxq89 vag 
economia	design graf jr affer lab sao paul sp httptcoihuqhx7sww 
economia	nov empreg movel us radi radiosemreform moveisusadossqn pechinch httpstcotmjcx3lx4d 
economia	promot vend zon nort tucuruvipar ingl top peopl assess marketing vend httptcog67akcpejh vag 
economia	represent comerc parc salo bel rrc public comunicaca sao paul sp httptcoepxg4rrebt vag 
economia	represent comerc parc restaurant rrc public comunicaca sao paul sp httptcojonslpsl0b vag 
economia	assist art questr sao paul sp httptcodxjqkhoug 
economia	oper telemarketing ativ vend edit gui bmc sao paul sp httptcopjs4t5mfs vag 
economia	legal acumul aposentad empreg publ remuneraca carg temporari httptcoydocux4cgl 
economia	ador nov empreg car prac osc fre in sao paul sp httpstcotoumpztkfu 
economia	custom quality engine intel sao paul sp httptcowmqtk9u9wm vag 
economia	clust trad amp marketing manag maersk lin sao paul sp httptcoglemynjh8r vag 
economia	estagi pernod ricard financ newik sao paul sp httptconc447dotuq vag 
economia	estagiario design graf economid sao paul sp httptcogghkudzwum 
economia	design plen benchmark design sao paul sp httptcoqe09n1nfl6 
economia	program visual juni loj riachuel sao paul sp httptcozcgmypwx0n 
economia	anal marketing acess digit sao paul sp httptco2znrls0il vag 
economia	supervi pesquis mid publicil brasil sao paul sao paul sp httptcoxnflseml6n vag 
economia	estagiari marketing promoc rio quent resort sao paul sp httptcomkmxd0rpf6 vag 
economia	program estagi rb rb sao paul sp httptcop3vdxshyi3 vag 
economia	assist marketing sona sierr brasil sao paul sp httptcoynnfh8rbpp vag 
economia	rt mauricioarrr ninfecentr consegu alt empreg httptcowkb5ty5xju deu descrev uailouis 
economia	estagiari criaca fabercastell sao paul sp httptcoe14xccmjvm vag 
economia	promot vend mot hom factu trad marketing sao paul sp httptcozvjkeyxrq9 vag 
economia	brsp assist art mslgroup andreol mslgroup sao paul sp httptcomeykmuija3 
economia	brsp assist art mslgroup andreol mslgroup sao paul sp httptcomeykmuija3 vag 
economia	brsp atend pl mslgroup andreol mslgroup sao paul sp httptco6vxiqdateh vag 
economia	aopea ministeri trabalh empreg httpstcoapgbu8d1yg 
economia	brsp assist art mslgroup andreol mslgroup sao paul sp httptco6dm4xocsox 
economia	represent comerc feminin ianunci emarketing sao paul sp httptcosrbmxsm5uf vag 
economia	rt raffaeltrindad precis arrum empreg acord tod dia 1300 nao 
economia	design graf nao divulg rio jan rj httptcobaqweacchy 
economia	aqu cie vou cadastr jov aprendiz tom consig bom empreg 
economia	program estagi ciel 2015 camach sao paul sp httptcoqvprd5frlb vag 
economia	estagi criaca enox onlif med sao paul sp httptcomt8vjlksb1 
economia	estagi remuner design graf matutin sesc sant catarin florianopolil sc httptcoamloglkolj 
economia	busines proces specialization 10 accentur sao paul sp httptco0orsyy9x8t vag 
economia	gent trabalh dur tamb merec amo empreg vemproladonet riem austr flat americ httpstcojyt2mzg6q7 
economia	assist administr convicca sao paul sp httptcoo4buhe3dq6 vag 
economia	sal executiv intersyst corporation sao paul sp httptco75virfr7ud vag 
economia	comemor empreg nov dom quixot bar tap httpstcowqjdeuvus 
economia	market insight manag latin amer abbott laboratori sao paul sp httptco28nvjsihz vag 
economia	assist marketing criaca embal sao paul sp httptcowfs8eagmeq 
economia	anal marketing public emmet sao paul sp httptcocubaf7wzxt vag 
economia	reda publicitari seni foc conteud soc med agenc vm2 baruer sp httptcomnqzbdu5vt vag 
economia	seni administrativ assistant cien sao paul sp httptcoc1apomofcx vag 
economia	gerent atend cit sao paul sp httptcombbv18opjr vag 
economia	anapaulavol ana fie viss comerci aqu brasil chor 
economia	nhl comerci eletron in sao pedr but rio grand sul httpstco4jleu2phl8 
economia	senadofeder reguff merc lucr trara lucr port cub ser domini brasil sobr comerci ilh 
economia	quebr arrum parachoqu refalan comerci recuperaca aut pec httpstco2w1vegj5vj 
economia	nhl comerci eletron in sao pedr but rio grand sul httpstcoudqssqyx9n 
economia	edmilsonpapo10 vi comerci jundi fal 70 qued comerci caiu 47 
economia	aqu hj fei lot af seceg sindicat empreg comerci est goi unidad campin httpstcofkacpgxw1l 
economia	acab public fot ministeri desenvolv industr comerci exteri httpstcoggibmvobfw 
economia	ult dia nhl comerci eletron in sao pedr but rio grand sul httpstcochu14vfiyb 
economia	fal menin conhec mc donald consider pak club comerci httpstcoyv59xdf0sg 
economia	hoj dia comec speechn cam amer comerci termin agor httpstconspkgsiicc 
economia	reunia conselh comerci exteri presenc embaix hait fecomerci httpstcouxlspt03t 
economia	govern qu reduz 15 fati infraer aeroport priv httptcojxhlur68af 
economia	rt tainasen aeci nao mex bols famil segur desempreg filh debatedarecord 
economia	rt pompeodematt mp664 tir trabalh part segur desempreg liqu cabon salar 10 milho pesso mat p seg 
economia	rt marianapsdb dilm nao mex direit nao med provis alt segurodesempreg httpstcoixdfqdqlib 
economia	dilm nao mex direit nao med provis alt segurodesempreg httpstcoixdfqdqlib 
economia	psolnacam nao acredit vej sessa biz hist govern qu fim segurodesempreg 
economia	assist biz sessa cam feder paut fim segur desempreg govern qu aprov 
economia	temp doabsurd deputad pt defend fim segur desempreg trabalh part nao nad 
economia	rt pompeodematt bsb dep pdt fech vot contr mp 664 ret direit trabalh castig pesc mat segur des 
economia	mp664 tir trabalh part segur desempreg liqu cabon salar 10 milho pesso mat p segur defesopesc 
economia	rt aryantipt mp pt dilm tir direit segur desempreg pag pension votaca hoj imprens caladin 
economia	bsb dep pdt fech vot contr mp 664 ret direit trabalh castig pesc mat segur desempreg pt 
economia	mp pt dilm tir direit segur desempreg pag pension votaca hoj imprens cal panelac 
economia	estada ritm tax desempreg mai nord httptcolyu8yxyqrq vot dilmabr 
economia	tax desempreg abert pass 49 54 pea fevmarc 12 mes lev variaca posi httptcoazwghvrzgx 
economia	rt fe fee divulg agor pedrmp me marc 2015 elevaca desempregoac httptconi8vqlj9k httptc 
economia	tax desempreg total apresent elevaca marc pass 57 populaca economic ativ pea fever 62 
economia	pedrmp marc 2015 mostr reduca nivel ocupac elevaca desempreg comport usual me 
economia	fee divulg agor pedrmp me marc 2015 elevaca desempregoac httptconi8vqlj9k httptcotenc8aci60 
economia	dia bom invest petrobr 
economia	mal cep club empreg petrobr in cano rio grand sul httpstcoli820ee02g 
economia	rt mleitaonett cpi estud ata petrobr descobr contradico httptconikrsikvr9 
economia	mai exempl vej coloc pil moral contr corrupca petrobr coloc cunh mai poli brasil 
economia	rt andreoertel cerver diz lul dilm convid petrobr neg ligaca pmdb naoapec412 httptcoi3ltdntq2z http 
economia	cerver diz lul dilm convid petrobr neg ligaca pmdb naoapec412 httptcoi3ltdntq2z httptcosjunsaig77 
economia	cpi estud ata petrobr descobr contradico httptconikrsikvr9 
economia	petrobr bnd loby mensala corrupca ze dirc delubi etcetcetc ouv nao dam val 
economia	requer p convocaca lul cpi petrobr httptco3dkzyjbbn impeachmentdilm foradilm vaiadilm panelacodilm 
economia	paul robert cost diz genes corrupca petrobr brasil g1 httptcotul22yatf9 
economia	rt sulaim cost explic flux petrobr entend importanc diret serv porqu indicaca ter ficad 
economia	dilmabr nao dinh pro fie tia peg money sum petrobr sobr 
economia	rt sulaim espant esforc rela luil sergi envolv psdb esquem propin petrobr 
economia	espant esforc rela luil sergi envolv psdb esquem propin petrobr 
economia	rt stjnotic aca contr petrobr vaz oleodut seg jus feder httptcov2tswxohkr 
economia	aca contr petrobr vaz oleodut seg jus feder httptcov2tswxohkr 
economia	rt annalugam turquim5 petrobr mid pig publ contr pal disfarc 
economia	sobr aument aco petrobr influenc tributaca geral cris nao ent nad econom 
economia	rt gilrobgrim uolnotic ser roub atrav petrobr aument verb part tamb compr 
economia	rt gilrobgrim g1 ser roub atrav petrobr aument verb part tamb compr apoi t 
economia	srzd ser roub atrav petrobr aument verb part tamb compr apoi 
economia	g1 ser roub atrav petrobr aument verb part tamb compr apoi 
economia	rt lamersr doaca agor petrobrascefbbbnd gtgt pt anunc nao receb doaca empr httptcouyzakn5qcf 
economia	saque brasil rt reacon interm propin petrobr aument patrim 3400 4800 desd 2003 httptcobougqwroiz 
economia	huehuehu nostrendsbrasil fabr brach saiu cris petrobr nao ausurpadora025 
economia	rt joaomc petrobr dnit firm conveni ufpr terceir serv ser xunx httptcopyduncvff 
economia	rt letraslimit odebrecht brig jus obt pag petrobr refer contrat totaliz 8256 milho 
economia	rt freirerobert dilm vergonh estadaol jatopetrobr destro gravaco conselh administraca httptcotnlk3oaqvb htt 
economia	estada petrobr r 86 milho desvi sao repatri procurad httptco59k33hrgap rt 
economia	fud vou sustent gast dilm mensala lav jat petrobr falt dagu falt httpstcoln59wv5dch 
economia	rasccorre petrobr nunc tao fund fund mar ach petrole httptcofabillwtow 
economia	rt portalr7 curitib exdire petrobr jant churrasc trajet p prisa domicili httptcomxsq0s8dug 12 
economia	pessoal roub tod dinh petrobr aind prisa domicili domicili 
economia	dol valutainvest campin invest fech stockmarket r 30466 baix 072 httpstcovl6comyiol 
economia	vam gent 3 real dol jeit nao 
economia	quer volt compr cois aliexpres dol quas 4 cont dificil 
economia	pt fhc fez plan real cad real val dol hoj 1 dol val 3 07 ment httptco43akyzjth3 
economia	dol valutainvest campin invest fech stockmarket r 30687 baix 039 httpstco5fp9eiuvd 
economia	dol valutainvest campin invest fech stockmarket r 30807 alt 224 httpstco3txrh5tuy 
economia	prec s6 brasil 100 real car eua nao garant aqu vsf dol 
economia	naaaaoooo dol sub 
economia	porr dol sub denov tom cu 
economia	dol valutainvest campin invest fech stockmarket r 3013 alt 188 httpstco7fibsvufy 
economia	rt aavn edurocha77 dol nao 280 cas satisfeit comec olh nov compr 
economia	dol valutainvest campin invest fech stockmarket r 2957 alt 052 httpstcoqlendxvibx 
economia	diz cris agor dol ostentaca aven almir httpstcozi0tybygbp 
economia	edurocha77 dol nao 280 cas satisfeit comec olh nov compr 
economia	dol valutainvest campin invest fech stockmarket r 2904 baix 012 httpstcob5pi3fmbkn 
economia	rt andreljunq tel van gogh vend us 66 milho inic leilo ny httptcopzn2fzb2uq newyork httptcoctpypzjr62 
economia	tomlinsonslaysagain esper zayn afund lam one direction ganh milho sucess 
economia	dgdougsilv enta ach pouc p peg 16 milho eur sant ach 
economia	uai gent dol caiu jn nao notici ibovesp fech mai alt desd dez2014 jn nao notici mid 
economia	viv cicl vid impost mund nasc compr cresc compr reproduz compr morr vid ras car 
economia	rt faabiluiz outr pag impost ser burr 
economia	outr pag impost ser burr 
economia	deu impr impost pfv 
economia	bem confus impost rend 
economia	hist impost rend irrit tamb 
economia	denisfpalme fim cerimon encar pe enquant vend novel ral ger impost pag salari merd 
economia	impost rend finaliz ahhh brasil deix tud ult hor nanfehous httpstco4hrmjdzeng 
economia	brasil unic serv publ 1 mund declaraca ir control cobr impost extors pov est func 
economia	jesu pod faz declaraca impost rend 
economia	mae nao sei quant dia faz cois impost rend ult dia dia viaj lembr 
economia	sensaca pag impost rend nest pal poss diz tip sensaca 
economia	presid diogochamun instant tv bandeir fal sobr impost rend canal 10 port alegr httptcoeorqipyvut 
economia	valoreconom jornaldacbn vez aument carg tribut vej qto icm impost dilm pt 
economia	vid bost cont pag 20 ganh impost rend farmac 
economia	celsorussomann pessoal goian pag impost post upa ub atend medic 
economia	nao sei odei relaca impost rend assalt burocrac 
economia	ador cha cade lev faz declaraca impost rend nao 
economia	deng aind perd pro govern impost pic gent olh doi ano int httptcoeggeix4dwf 
economia	aind bem impost rend simplific assim nao justif procrastinaca 
economia	real sent brasil deix ult seman declaraca impost rend 
economia	acord enxaquec cao mens cont sobr impost rend agor enxaquec dor cabec 
economia	nunc vou entend func impost rend receit feder in sao paul sp httpstcoteusq0muhq 
economia	rt marcelogamb brunischultz inflaca melhor send saque depend transport publ impost rend 
economia	declaraca impost rend mort horri 
economia	brunischultz inflaca melhor send saque depend transport publ impost rend 275 
economia	nov horari impost serv tao horri hoj fech 22hr nao alm viv naquel shopping 
economia	rt paulacfort portalbrasil fac download aplic declaraca impost rend httptcohvn40ajzt2 
economia	portalbrasil fac download aplic declaraca impost rend httptcohvn40ajzt2 
economia	bomsenh deprim final doming lembret aind nao fez declaraca impost rend 
economia	faz impost rend ceu pres janel httpstcobtxw6rambv 
economia	jvgatao97 esper mae declar impost rend assist sr 
economia	aiaiai63 sensac httptcojpw5kfbkqj acab red glob pag porr impost ant globogolpista50 
economia	assim voc nao entend jornaloglob coloc fot lea ilustr post sobr impost rend 
economia	cheg hor mesm declaraca impost rend famil 
economia	acord bem ced peg not fiz declaraca impost rend dev ter err restituica rs fez 
economia	zeigeist n quer sustent padra impost ach valh sufici fic algu fucking padra 
economia	aqu pag impost globogolpista50 pag 
economia	mauhor cuid impost rend httptcot1yl7aczwb 
economia	aquirobertocarl espec vish cust bilho dinh impost globo50 soneg 
economia	fimdepap ia peg ali extrat rend anual envi cont hist impost ren cois tal broki ali 
economia	ach car invest educaca experim cust ignoranc derek bok rei httpstcoiphbua6ko 
economia	cao perd metr venezuel bnd invest metr sufocometr linhavermelh metrosp 
economia	rt claudiolamach falt recurs invest saudeseguranc educaca sobr recurs triplic receit part p 
economia	absurd descas bai guanab rio jan invest estadi cop facil mei ambi dan fantas 
economia	quer aument carg hor nao quer aument salari funcionari demit vagabund 
economia	rt raphaelval agor segur cont gast compr campeonat salari 3 mes kkkkkkkk 
economia	agor segur cont gast compr campeonat salari 3 mes kkkkkkkk 
economia	peganasuafanny dia fal profes ganh mal pess formaca univers nao merec ter salari medic 
economia	me vou tent faz salari dur 4 dia 
economia	assim brasil menos r10000 salari hoj 2 veeei 
economia	salari quas tod tamb pag tod cont compr compr 
economia	sair segund salari vou tir iphon 
economia	gast tod salari drog 
economia	marichewbacc gabriellepolet enquant salari min 6 real famil sandy tir 10 mil ostentaca 
economia	rt annalugam ronaldoesteves2 fimdaglob cert nao receb salari dilmadotrabalh 
economia	comdilmaapanelaeche terceirizaca 25 men trabalh contrat direit 13degsalari fer fgt 
economia	quinubz05 hoj salari atras kkkkkkkkkkkkkkkkkkkkkkk chup mercenari fdp httptco1d5wlgbiwvpeleverton 
economia	ricard oliv triplic salari enta ganh 900km nao sab club esta quebr 
economia	dilmabr sup valor salari poli triplic ministeri verb part roub vergonh injus 
economia	lobaoeletr porqu negoci bem baix nao pag salari tir auxili previdenc aposentad etc 
economia	acab compr hoj acab salari tamb 
economia	trabalh contribuint nao pag salari p escrev cart horari trabalh nao falt arqu p recuper 
economia	fal aqu amo avo tud agr vou mostr p ped aument salari 5 mil tud bem 
economia	ach dign salari min ser menos 2000 mil real ach vou pro mund di funk prostituica 
economia	rt lelexdutr black bloc protest terceir uerj tao lev calot lind profes salari atr 
economia	black bloc protest terceir uerj tao lev calot lind profes salari atras 
economia	dilmabr salari aposent cad vez pi falt respeit aposent httptcolotl5q1pc 
economia	cois ach legal marist val pesso pag almoc mud acord salari 
economia	dilmabr imagin econom nao sei quant total deput salari sao 28 mil real ser mao rod 
economia	roubalh saud educaca impost mult salari continu min lix pal noj 
economia	n pag salari profes desd novembr aind qu ter raza 
economia	ant comec film oferec participaca lucr inv salari httpstcohzr7f5bg6g 20150429 225656 
economia	carlosdiehl stenioveig aqu rio salari profes nao cheg mil real liqu questa rs fal 
economia	rt adelgadocunh quant protest ped intervenca milit paz selfi polic agor ajust salari 
economia	quant protest ped intervenca milit paz selfi polic agor ajust salari porr 
economia	fla est monitor alex ser otim reforcom salari ser max 300000 inclu luv cas contrari ser louc 
economia	deput precis salari trabalh dinh pouc nao pod pag profes mant escol 
economia	govern aument prec lot nov nao aument salari 
economia	pm dev est protest junt profes tamb esta salari 
economia	tse rejeit emprest simul mensala mand pt devolv r 49 milho cofr publ httptco3il7rz1t4y 
economia	rt gabrieljust tax jurosm emprest pessoal preaprov santand disponibiliz hoj coincidenc http 
economia	tax jurosm emprest pessoal preaprov santand disponibiliz hoj coincidenc httptco2bok7myv 
economia	20 real mult esquec renov dat emprest livr pqp 
economia	vou ter faz emprest quer ter planej ano aind 
economia	futebol105fm juiz fez emprest crefis vao deix pag 5 parcel roub pro porc 
economia	8h doming alert celul email ofert emprest banc r950000 pag 36x r88600 sonh aind 
economia	divii publ pass 800b 2002 244tr 2015 pib negativoinflaca acim 8balanc comerc negativadol alt 
economia	mei recessa br boletim focu bc rev p cim qued pib 2015 agor p retraca 11 
economia	pib baixacris econom nacion dilmabr aument 200 800 milho anual fundopartidari brasil nao lev seri 
economia	rt carlosaraujo68 gent nord faz regia cresc 3 enquant incompetenc sul sud deton pib ht 
economia	gent nord faz regia cresc 3 enquant incompetenc sul sud deton pib httpstcomrmc6yciw5 
economia	hj ministraca pib nov aur belford rox alegr music adoraca louv httpstcol3iotnfzul 
economia	hj sensac amig comunha sempr bom pib alcant httpstcojtzldfc7mb 
economia	baix inflaca httpstco3ia7cmc3l 
economia	marcelojuniorr brasil top violenc inflaca 
economia	nao aceit aument jur temp retom cont inflaca nenhum med pov met receit bol 
economia	luanaanj indign inflaca lua kkkkkk 
economia	gast 6 real seil real compr apen trident fofur prec esta altiss inflaca askmagcult 
economia	inflaca cheg flanel httpstcoxu9nemerhl 
economia	marcelocol greenhalgh resolv inflaca pal dev dupl presid ambos 
economia	cbnofic boa notic inflaca men 10 gasolin baix energ aument plen empreg 
economia	teteir dol altur inflaca govern dilm beir insan 
economia	dion25 merc empresar pastel cris brasil acord 4 real pastel nao inflaca 
economia	rt carlosud pal cresc menos tod outr sul americ inflaca control populaca endivid desempreg corrupc 
economia	pal cresc menos tod outr sul americ inflaca control populaca endivid desempreg corrupca bom assim 
economia	rt presbevandr pt afund real troux volt inflaca marisascruz decargarc aeciofarauj deylz biasouto2 mgpbeth http 
economia	gabifontanez inflaca mal mai 
economia	salves08 gabifontanez acredit corret inflaca alt subindoal preco cust vind cambi energ 
economia	arrisc 8 salari tod me aco bols val empr rend menos inflaca 
economia	imbecil depos 8 salari tod me invest rend bem menos inflaca concord rt 
economia	defend titular absolut aranguiz mei camp int tao ilog qnt diz inflaca control 
economia	ok dol cust r 310 inflaca 155 sei permanec tax selic cheg 14 pens 
economia	mec art nouveau pars centr cult banc brasil httpstcohzzxysaypw 
economia	nao sei rez acab grev empr amanh ora continu kkkk 
economia	profes faz grev cumpr horari sab tnc 
economia	porqu colegi n entr grev um 30 dia deix 
economia	redegloboprtv profes aind esta grev 
economia	plan vid nao pod perd temp grev 
economia	itsjapp qm ve pens me mei grev pass ano sim 
economia	rt zeilabheck arbitr formaca faculdad grev ser sempr vergonh 
economia	arbitr formaca faculdad grev ser sempr vergonh 
economia	tao fal amanh ter grev denov alphavill 
economia	brennomott uerj ano pass ano nao lembr rural tbm grev prepar 
economia	peganasuafanny qu diz profes nao pod entr grev 
economia	velh grev mh escol nao acab nunc fodidass 
economia	obrig diogoalcan nanarud apoi divulgaca rsr greve cois fei aqu httptcoatblhipbr8 
economia	rt seemus bom dia nao pro colegi porqu profes entr grev nov 
economia	uff entr grev dia 24 tud quer faz morrersofr cal 
economia	rt rkrutl betorich porqu grev serv enta maravilh 
economia	escol grev desd dia 24 marc quas me 
economia	prof grev nao aul nao ont 
economia	escol particul daqu sao melhor publ dev ser porqu ensin nao frac nao grev profes 
economia	feed notic fb lot cois sobr grevemanifestaco profes 
economia	absurd negoci grev profes mund perd mem 
economia	rt douglasav grev tribun jus est sant catarin tjscnotic httpstco0g1om88px httptco93byqptk 
economia	rt anapaulagodo quer ve acab grevev fic aul tempod tant profes fer 
economia	profes tod direit protest entr grev 
economia	grev dificil 
economia	gent ter seman fer mei ano ter aul dia 23 dezembr agr entr grev dnv ferr 
economia	tia vei interi fez questa diz are nao empreg cwb nov engenh 
economia	nad melhor ter dinh empreg 
economia	precis empreg n consig fic nao 
economia	pens amanh trabalh arrep ter procur empreg 
economia	rt pareceqpior gaybrasil enquant gent med apanh morr perd empreg sofr grand coit 
economia	gaybrasil enquant gent med apanh morr perd empreg sofr grand coit 
economia	ped dinh nao ped empreg diz tip empreg procur 
economia	rt belieberfam oq qu vid nao ped quer diplom faculdad empreg ganh 10 mil 
economia	boasavent dia arrum empreg compr parcel 24 vez 
economia	carolinamunhoz aind nao receb ligaca fal pass empreg ser nao pass nov 
economia	oq qu vid nao ped quer diplom faculdad empreg ganh 10 mil 
economia	precis urgent empreg verdad 
economia	ach empreg sonh bara parrilh bar httpstcopq1uglredl 
economia	lucasc015 cham entrev empreg ness lug cancel deu livr sempr vej assalt 
economia	gent deix dar dic vc arranj empreg sust vc ped dinh pro pai pi cois vid 
economia	precis experienc profiss pass entrev empreg vou precis beij 
economia	mae diss segund n poss volt p cas ach empreg mor embaix pont 
economia	jaquesmach rdgauch leandrostaudt andressax agradec deu ter empreg m 
economia	dire art plen issu comunicaca sao paul sp httptcofqfz1p1n75 
economia	dire art plenoseni tram comunicaca sao paul sp httptcosiokpy1iev 
economia	assist marketing praz determin 8 mes sao paul janssen johnson amp johnson sao paul sp httptcodo3pbjm8uv vag 
economia	gerent produt jr sustagen rtd mead johnson nutrition sao paul sp httptcozynieyuj1 vag 
economia	estagi design graf sao paul sp httptcovt02t8mvmu 
economia	gerent marc inovaca diage sao paul sp httptcoo03palu3zh vag 
economia	assist desenvolv propagand loby ecommerc sao paul sp httptcogjzrxyxlwj vag 
economia	rt g1 mar merc prorrog inscrico 114 vag httptcoq5bhkg9waf 
economia	estagiario design hospit olh sao paul sp httptcojflugta7fp 
economia	anal studi gourmet unilev unilev sao paul sp httptcoegnk1jdf83 vag 
economia	channel operatiom proc analyst ge healthc sao paul sp httptcofwsgw2bzy4 vag 
economia	entrev empreg hoje 
economia	rt vagaspublicidad estagi are comerc alph secur sao paul sp httptcoemvzl4ircq vag 
economia	estagi are comerc alph secur sao paul sp httptcoemvzl4ircq vag 
economia	program econom negoci agor nov horari economiaampnegoci recordnew fatimaturc httpstcorhufdexxlb 
economia	tvterrav abert 81a expozebu comec expect super marc r 50 milho negoci httptcozbofzoiosk 
economia	periclit reunia negoci presenc grand empreend williamcbarb httpstcoxzsnysu6ju 
economia	rt juliocasaressp dir marketing vp mark realiz grand negoci otim contrat hoj vp geral 
economia	rt juliocasaressp victorschimidt1 sair sim brev vend inum vez grand negoci realiz 
economia	victorschimidt1 sair sim brev vend inum vez grand negoci realiz 
economia	gisg vej bem mig pequen empr grand negoci 
economia	acab public fot negoci digit httpstcos3ifebyp1j 
economia	seman prov trabalh enfim descans escol negoci pucpr httpstcoxujs38od3k 
economia	reunia negoci grup naturaldaterrah in sao paul httpstcoxyfypqukn4 
economia	econom negoci fenatran ocorr 9 13 novembr sao paul mai event transport rodov httptcoht5uinbvkc 
economia	neymarnocqc dilm rousseff impost n compr camis dilm rousseff 
economia	prefeit jaragu sul diet janssen reconhec barat efici invest httpstcocyeoctrgd2 
economia	cris econom dila7803 gent shond mat p nao pag salari httpstco8rnid7odd 
economia	rt allanlac arrum empreg algu nom jesu 
economia	cheg agor ha pouc centr col cie futur consegu 2 encaminh empreg entrev agor 
economia	velh almoc negoci lig chin delivery httpstcojwzkwvya18 
economia	rt alexaguiarpo ces armazen menos 1 safr agricol rs deu prejuiz 60 milho 2013 salari httpt 
economia	bom dia centr trein bmampf bovespasa caet sul httpstcou9t0ycjpr 
economia	ah esquec govern aument ipi panel 10 97 part amanh boa noit 
economia	x encontr escri mercosul httptcodstqycdtpu 
economia	reunia cupul soc mercosul escritori presidenc republ in sao paul sp httpstcovu0q4yfw3l 
economia	acompanh client edgarschlusen sessa fot resid mercosul grand httpstco1ixkrutk26 
economia	visit exposica corp art contemporane pais mercosul nao enta httpstcodewdiyc4bq 
economia	vo aqu reclam cont luz 
economia	comec acord ced ral pod pag aluguel cont luz dilm ae sim chor cam lug quent 
economia	hoj cont agu sub 1555 luz sub 15 
economia	cesartrall par trall aument cont luz fii reajustereajust 100 hospici dilm 
economia	grac deu cont luz baix httptcot0ovrtmreg 
economia	jnflesch saudad nao petrola empresta bnd nunc fiq desempreg nao melhor mund melhor ptz 
economia	rt zepalh roub r 19 bi fazend calm gent aind falt bnd eletrobr 
economia	rt assous sensacion mr catr renov emprest bnd present mae filh httptcoryjp0jkokq 
economia	blogdojuc uol n assust sao 500 bilho bnd imagin cels daniel assust 
economia	cris energe aument tarif luz nao apag luz intern predi bnd petrobr 
economia	rt sodeboabrazil fgt financi obr cub venezuel boliv ministeri fazend qu bnd r 10 bi fgt httpt 
economia	rt giancarlobpaim presid bnd desmont ment dilm rousseff sobr port cub httptcou3koso4kh mot 
economia	rt letraslimit ped port mariel cub financi bnd httptcoytjzwatncy 
economia	rt letraslimit bnd nao financ obr nord brasil httptcokpovsbh4wz 
economia	rt assous marialcab dilm vet abr caix pret bnd vam exig abert cpidobnd 
economia	jornaloglob oposica apost cpidobnd apo traf influenc lul httptcodgnf9cymd2 httptcoboqigbzq 
economia	rt luis13vi souzajr2 bndesimprens revistaepoc problema eua tamb ira financi cub 
economia	cleberbunek cert epoc campanh n repass tud pag cont vem faz ajust fiscalforapt 
economia	dilm mae pt pai ajust fiscal sim mex direit trabalhadoresqu dir rsr 
economia	ajust fiscal dilm deix econom brasil desand p consegu aquec merc intern mulh consegu frac 
economia	agor quer sab oq militanc petist diz sobr ajust fiscal 
economia	rt lelexdutr pr part igrej univers vot favor ajust fiscal viv ver 
economia	pr part igrej univers vot favor ajust fiscal viv ver 
economia	blogolhonam nao ent faz ceg pro ajust fiscal sempr pac frent vez nao sei 
economia	pt precis apoi dilm ajust fiscal terceirizaca fod trabalh precis ter donojh 
economia	ajust fiscal dilmapt maldad trabalh mud tudon segur desempreg aposetad 
economia	ajust fiscal terceirizaca filhot govern dilmapt pt qu jog respons p pmdb ali tir ret 
economia	renancalh ajust fiscal nao ha cur indol gigant estatal mat brasil fatur luz 615 val sao impost 
economia	ajust fiscal pod vir econom carg pmdb brasil precis limp ant mex direit trabalh 
economia	entr 5deg me nad ajust fiscal ser vot nad gov sinal aceit cort carn nao apen pov 
economia	ajust fiscal tud feit form err gast alem cont quebr paisdilm quebr pal jn 
economia	td sempr caus rach rt estada apo rach pt decid apoi med ajust fiscal cam httptconcxijltsdy 
economia	rt lelexdutr pdt defend ajust fiscal dilm trabalh contr trabalh ue 
economia	pdt defend ajust fiscal dilm trabalh contr trabalh ue 
economia	rt assous planalt ameac faz contingenc radic ajust fiscal n aprov estada micheltem assum httptc 
economia	planalt ameac faz contingenc radic ajust fiscal n aprov estada micheltem assum httptcoetfrsiuyw 
economia	nao pod faz ajust fiscal educaca diz presid oab httptco4qandaqqn0 
economia	estada ajust fiscal entr paut cam seman vem httptcolzlyrtmtv9 ajust 
economia	lind propost govern privatizaca agu aprov parl psd cdspp httptcoirnjwbyyc 
economia	escritori advog arnaut soci escolh assessor privatizaca tap httptcofncwsbgzig 
economia	pod empreend empreendedor capacitam capacit sao paul vil zild httpstco5kgexhire 
economia	esforc empreend empreendedor capacitam capacit guaruj httpstconig9nk43o3 
economia	marcogom contrari estatis httptcomqvxxhvobz palestr tedx vej dig ach empreendedor 
economia	obrig unifen oportun fal pouq sobr experienc empreendedor httpstcocsxgmdctr4 
economia	afim alavanc negoci entend pouc sobr empreendedor destac httpstcom18acwoqr0 
