economia	Puta merda , 75% valor pago jogos video games imposto , Brasil ?
economia	Tudo piora. Mais imposto , inflacao , corrupcao menos escola , menos hospitais , menos https://t.co/tC4imU33FP
economia	RT @STJnoticias: Servidores ativos TJ Assembleia Sao Paulo devem recolher imposto sindical confederacao http://t.co/KyrU95O
economia	Servidores ativos TJ Assembleia Sao Paulo devem recolher imposto sindical confederacao http://t.co/KyrU95OPPS
economia	@darosr_ imposto garganta
economia	Parabens trabalhador pagou MAIS IMPOSTO DE RENDA, governo/PT/Dilma nao atualizou tabela IR apesar inflacao.
economia	"Um tinto robusto ""comemorar"" declaracao imposto renda, agradecendo Leao abocanhar https://t.co/Mi9cRj9Qtj"
economia	@RdGaucha: Imposto sobre bebidas sobe 10% partir maio. Saiba http://t.co/1MolnNwobx http://t.co/XV0w9zjT7M
economia	Hoje fiz destinacao Imposto Renda Devido Fundo Estadual Direitos Crianca https://t.co/QDpNuygQQq
economia	Sempre ultimo moicanos..imposto renda acabando ..... (@ Nanfehouse) https://t.co/vQviuzgNUP
economia	Minha mae deixou declarar imposto renda NO ULTIMO DIA!!! Ta parabens, mtas palmas
economia	Declaracao imposto renda transmitida sucesso
economia	DECLARACAO IMPOSTO RENDA PESOU ESTE ANO KKKK #MOTOHOMEGARAGE #LOADRIDER #SCANIA112 #FULL https://t.co/iF8yUreROD
economia	Status:aguardando restituicao imposto renda!!#pagandopratrabalhar
economia	Ultimo dia entrega Imposto Renda Pessoa Fisica 2015! Ainda tempo. (@ CF Contabil - @cfcontabil) https://t.co/jWWv5KiEBW
economia	Grande @TulioMilman. DIREITO DE PERGUNTAR: Blasfemar contra governo hora declarar imposto renda pecado??? Sensacional!
economia	RT @Nelsonfsilva1: @GeraldodeMorais O combustivel governo corrupto imposto pago contribuinte.
economia	RT @abc900: #AOVIVO Estamos recebendo delegado Luis F. Lorenzo Receita Federal. Ele esclarece duvidas sobre Imposto Renda http://t.
economia	#AOVIVO Estamos recebendo delegado Luis F. Lorenzo Receita Federal. Ele esclarece duvidas sobre Imposto Renda http://t.co/IpwBFQmHfS
economia	Prazo entrega Imposto Renda termina nesta quinta-feira http://t.co/Gn0BlMoC72
economia	Prazo entr Imposto Renda termina nesta quinta-feira http://t.co/Gn0BlMoC72
economia	Tem correr agora @Estadao: Imposto Renda: Prazo entrega termina hoje http://t.co/O5gEGuetF4
economia	@GeraldodeMorais O combustivel governo corrupto imposto pago contribuinte.
economia	Eu defendo tese seguinte. Tudo imposto contra democracia, baseado concluo Imposto renda ilegal!
economia	Eita Imposto Renda! Por existe??? Que tipo beneficio tras nos? #leao #IR #receitafederal #naoaguentoisso
economia	Ah, deputados, pessoal superior, nao dinheiro manter estrutura cadeias, gente paga pouco imposto...
economia	Como gostam aumentar imposto. Depois nao pode falar 1 maio. A culpa nao incompetencia economia devastada,e protestos(?!)
economia	Martaxa saiu pensa pode ganhar eleicao. Nao pode. O povo nao esquece enfiou 1 nabo, digo aumentou imposto. Radad idem viu.
economia	@CesarTralli ,parece nao adianta economizar,qd vida comeca melhorar...a gnt pg p receita.Se pg imposto p tudo,pq pg + Tralli?Nao da!
economia	@vitorsam Investimento ganha Fpolis. La qdo nao fazer inventam viaduto novo. Sem contar ponte enferrujada.
economia	Quero pegar moto, ser proximo investimento..
economia	RT @thiago37: Curso Profissionalismo Gestao #jpr2015 - Investimento Estrangeiro Saude https://t.co/BN66hxanN7 http://t.co/Z3fkr1KsaG
economia	Curso Profissionalismo Gestao #jpr2015 - Investimento Estrangeiro Saude https://t.co/BN66hxanN7 http://t.co/Z3fkr1KsaG
economia	RT @andremmiola: clubes precisam apresentar urgente emenda MP 867 criacao fundos investimento subscricao limitada
economia	clubes precisam apresentar urgente emenda MP 867 criacao fundos investimento subscricao limitada acoes socios
economia	render suficiente investiu forneceu investimento todos participam processo produtivo lindo!
economia	RT @claudiolamachia: O aumento Fundo Partidario continuidade investimento empresarial campanhas algo minimo contraditorio.
economia	"Nossa hora, pib africa sul ""@ND_Esportes: United prepara oferta R$ 458 milhoes Bale http://t.co/oitpTNB35T"""
economia	PIB Brasil diminuindo, inflacao aumentando, tamo bems
economia	Vou manerar compracao e. Necessario!!!!!!!! Affffffff problema e. Eu inflacao sentindo injusticada
economia	"Um desafio amigos: quanto custar ""comprinha""? Quem arrisca? #inflacao #pibinho https://t.co/jidhJ55cfy"
economia	@dilmabr amiga inflacao atrapalhando vendas perfumes favor jeito beijokas Quirida
economia	De 1,41% marco 0,61% abril: inflacao CAI. Bastante,hein,PIG? Sobra troco pro rivotril http://t.co/1g1MRI2sEW Vamos,Brasilzao
economia	@Rosii_Souza inflacao alta, salario minimo vergonha mulher vergonha fazendo pronunciamento virtual. Quer mais? #CalaBocaDilma
economia	RT @professor_bruno: @dilmabr destaca aumento salario minimo esquece inflacao corroi salario. #calabocaDilma
economia	@dilmabr Nao fala besteira @dilmabr ! O adianta aumentar vlr hoje inflacao corroi amanha ! E aposentados s/ aumento ?
economia	@dilmabr destaca aumento salario minimo esquece inflacao corroi salario. #calabocaDilma
economia	Sera Bolsa Familia acompanha inflacao?
economia	RT @AdvNatalia: Problemas COM PT: #mensalao #petrolao #fies #pronatec #enem #sus #maismedicos #gasolina #petrobras #energia #aumento #infla
economia	A inflacao provocada proprio governo represar precos combustiveis energia @anaamelialemos reuniao CRA
economia	RT @getuliobranda: @rafaolivfig @opajoao @bibshoracio SIM AF, FALAM TANTO DO FHC MAS ESQUECEM DA INFLACAO 812%, ESQUECEM QUE NO GOVERNO DO
economia	@rafaolivfig @opajoao @bibshoracio SIM AF, FALAM TANTO DO FHC MAS ESQUECEM DA INFLACAO 812%, ESQUECEM QUE NO GOVERNO DO PT OS ROUBOS FORAM B
economia	@OCuia Aqui evolucao nomes. Banco Provincia, Banmercio Sulbanco &gt;&gt; Sulbrasileiro &gt;&gt; Meridional &gt;&gt; Santander.
economia	OFICIAL! Por decisao unanime, UENP tambem adere greve tempo indeterminado.
economia	Quase 50 dias greve, mesmo?
economia	Em evento Professores Greve fico sonhar imaginar ilusao sera Assembleia dia 8 se... https://t.co/Li9JNA8VEr
economia	Reuniao comando greve. @ Apeoesp Sudeste/Centro https://t.co/S53zlAG23P
economia	RT @filemonpereira: Servidores Estado ameacam greve geral proximos dias https://t.co/v4LVyUUjvN via @sharethis
economia	Servidores Estado ameacam greve geral proximos dias https://t.co/v4LVyUUjvN via @sharethis
economia	greve operarios... BR fechada... delicia! #sqb (@ Pedagio Concer in Duque Caxias, RJ) https://t.co/9hVKgEQ323 http://t.co/akCxQ9INhg
economia	@Benja97 contra aumento agua favor greve professores?
economia	@RR_TV contra aumento agua greve professores?
economia	@kikodinucci show apoio #greve #professores #negociacaoja @ Praca Da Republica - Sao Paulo https://t.co/rDjTNvBQY4
economia	Novo Hamburgo professores tao greve ainda, porque Rio Grande nao?
economia	Daqui alguns meses praticamente Brasil inteiro estar greve, procede? Coisa feia.
economia	Amanha ter greve professores aqui canoas
economia	Mantendo greve professores, acho principal pauta negociar nao descontos profissionais greve
economia	RT @Ary_AntiPT: Professores decidem MANTER greve contra ALUNOS PARANA. Que tal ProEscola Moldes Prouni? Economia @NeyLeprev
economia	Professores decidem MANTER greve contra ALUNOS PARANA. Que tal ProEscola Moldes Prouni? Economia @NeyLeprevost
economia	Mais dia luta. Nao esqueceremos jamais! #somostodosprofessores #luto #luta #greve #educacao https://t.co/wE92CMYV55
economia	"\o/ ""@o_colecionador: Agora FIES miou, aguardando defensores ""educacao"" organizarem greve manifestacoes frente MEC."""
economia	Amanha completam 7 dias greve empresa tomara acabe neh.. Hahah hora ja.
economia	@Estadao: SP: Justica volta proibir professores divulguem greve escolas http://t.co/IQJXakPbVW
economia	"RT @Ary_AntiPT: "" Ministro STF nega reclamacao contra ilegalidade greve servidores http://t.co/yTmITUdUDE"""
economia	"RT @Ary_AntiPT: ""@ Em greve, cerca 300 servidores protestam frente Prefeitura Novo Hamburgo http://t.co/hUIiCuQyNb http://t.co/"
economia	@ Em greve, cerca 300 servidores protestam frente Prefeitura Novo Hamburgo http://t.co/hUIiCuQyNb http://t.co/2NEHByayNH
economia	Ministro STF nega reclamacao contra ilegalidade greve servidores http://t.co/yTmITUdUDE
economia	Servidores HUT aderem greve atendimento comprometido: Por conta paralisacao... http://t.co/FspylHRQwO
economia	RT @LUCILENECAETANO: Em Goiania tambem Professores greve sao agredidos guardas municipais Goiania - @aredacao http://t.co/aVynqQn
economia	RT @Oficial_L10: UEL Unespar decidiram fazer greve tempo determinado, retomam atividades academicas quinta-feira.
economia	UEL Unespar decidiram fazer greve tempo determinado, retomam atividades academicas quinta-feira.
economia	Escola Vitinho entro greve, vim oz, pessoal marcando fazer social
economia	"10 estados greve ""EDUCACAO"", Coincidencia nao? / 10 departamentos Brasil, hay ""Paro"" https://t.co/IOPLAtkcn7"
economia	_ Professores rede municipal educacao greve tingem vermelho fonte Camara https://t.co/K6HOYUd19g
economia	Em Goiania tambem Professores greve sao agredidos guardas municipais Goiania - @aredacao http://t.co/aVynqQnXFi @rafa____b
economia	O abuso direito greve parte integrantes forcas policiais inserido ambito controle externo policia MP.
economia	@NoticiaJa faltou coragem perguntar capaz mandar PM bater professores greve 40 dias? #grevesemmedo
economia	@fernandocabral @palmeriodoria respeito professores greve #ComDilmaaPanelaeCheia
economia	RT @paty_vigarini: Professores greve. Apoio sao dao vida digna futuro queremos
economia	O jogo politico Brasil anda tao doente, fato professores estarem greve Norte sul pais culpa professores. (???)
economia	RT @Sebastiaocarmo: Em manifestacao Paco Municipal professores Goiania greve sao agredidos. Retrato Educacao Brasil PT. h
economia	"pilotos paulo portas apelidou ""salva empresas"" decidem protestar aderir greve."
economia	RT @JhoohFerreira94: Fazem greve melhor condicao servico... Quero melhores condicoes vida, faz greve disso?
economia	Fazem greve melhor condicao servico... Quero melhores condicoes vida, faz greve disso?
economia	@LinhaPopular pergunta pro Colombo mandar pm espancar professores estao greve, cumprir Lei dar aumento.
economia	Ja sao 49 dias greve, luta educacao antiga, apenas comecando. Professor https://t.co/sO6V64obhA
economia	RT @LelexDutra: @Estadao engracado Estados governados oposicao, greve.
economia	professores hoje Sao Paulo #saopaulo #greve #strike #protest #professores #teachers @ Edificio https://t.co/KSWpfRn03B
economia	Se gov Parana errado nao professores greve sim todos funcionarios
economia	RT @Manovolpato: @rpcparana obrigado cobertura greve #LutoPelaEducacao #eutonaluta
economia	@rpcparana obrigado cobertura greve #LutoPelaEducacao #eutonaluta
economia	@vittorz achando bonito? n sabia greve legitima prevista cf? VITOR NOSSA EU TE ODEIO DUM TANTO
economia	PR/SC/SP professores greve, estados REELEGERAM governantes PRIMEIRO TURNO.
economia	Ta louco professora Arte explicando causa greve, sobre Alckim, dilma chorando, mal
economia	Hj nao bom dia. A educacao luto! #somostodosprofessores #luto #greve #educacao #eutonarua https://t.co/fk6pB0vVE9
economia	Como resolve greve base violencia?
economia	Toda energia positiva professores Greve Brasil. Infelizmente precisamos deixar pequenos aula ter melhores condicoes!
economia	RT @miltinhomiranda: Amanha talvez volta professores greve. Se voltar vou estranhar comecar entrar todas
economia	"RT @giselemedici: ""@UOL: Sem aulas ha + 1 mes. Com greve professores SP, aluno escola p ouvir musica http://t.co/eGNm2ZKRjz @"
economia	Essa faculdade aprova greve nao inicia greve. Amigos, caga sai moita.
economia	E greve ?
economia	Quero ve acabar greve,vamos ficar aula tempo,de tanto professores feridos...
economia	So torco professores nao resolvam entrar greve. Nao quero ter estudar ferias julho dezembro.
economia	Eu sei greve nao boa ngm
economia	E greve RJ, greve Bahia... GREVE GERAL, PORRA
economia	Eu estudante estado Parana, comeco ano ficamos 29 dias greve protesto Foz, acho tudo repetir!
economia	@dilmabr Acesso educacao? Greve professores, varias pessoas feridas manifestacoes, acesso educacao? Em pais vive?
economia	RT @chico_dangelo: Governador Beto Richa PSDB Parana manda Policia massacrar manifestacao professores greve. Mais 100 ferid
economia	Governador Beto Richa PSDB Parana manda Policia massacrar manifestacao professores greve. Mais 100 feridos. Q absurdo.
economia	"Imagine louco: entra greve lutar melhores condicoes trabalho, rua leva ""sacode"" conta disso."
economia	RT @g1: Tropa choque volta avancar contra professores estaduais greve Parana. SIGA: (cont) http://t.co/nhg4GbP8PS
economia	E entrevista governador Parana sobre greve, farsa? Que situacao http://t.co/thU698J87W
economia	Servidores publico #jauenses saindo ruas melhores salarios. #GREVE #Crise @ rua Major Prado https://t.co/1Sgh7zWfd9
economia	#professores guerreiros Parana merecem todo respeito!!!!! #greve
economia	Greve!!!! (@ Tribunal Justica Estado Santa Catarina - @tjscnoticias) https://t.co/0G1Om88PXS http://t.co/93bYqptkbO
economia	Greve nao ferias! #ForaBetoRicha #VemPraLuta #OParanaQuebrou #EuFacoaMinhaParte #Orgulho @ Eu https://t.co/GJXOp8VN8V
economia	RT @VagasPublicidad: Marketing Digital - Assistente - Dorel Juvenile Brasil - Sao Paulo, SP http://t.co/9xp6CWXDlF #vagas
economia	Marketing Digital - Assistente - Dorel Juvenile Brasil - Sao Paulo, SP http://t.co/9xp6CWXDlF #vagas
economia	Estagio Planejamento - FCB Brasil - Sao Paulo, SP http://t.co/pFYAgWjLnW #vagas
economia	Especialista Vendas (Chat) I - TeleTech - Sao Paulo, SP http://t.co/SSQUwxQ89i #vagas
economia	Designer Grafico JR - Affero Lab - Sao Paulo, SP http://t.co/iHUqhx7SWw
economia	Meu novo emprego!!! Moveis usados Radios #radiosEmReforma #MoveisUsadosSQN #pechincha https://t.co/TMJCx3LX4d
economia	Promotora Vendas - Zona norte (Tucuruvi/Parada Inglesa) - Top People Assessoria Marketing Venda... http://t.co/G67aKcpeJh #vagas
economia	Representante Comercial - parcerias Saloes Beleza - RRC Publicidade Comunicacao - Sao Paulo, SP http://t.co/Epxg4RrEBt #vagas
economia	Representante Comercial - parcerias Restaurantes - RRC Publicidade Comunicacao - Sao Paulo, SP http://t.co/Jonslpsl0b #vagas
economia	Assistente Arte - Questro - Sao Paulo, SP http://t.co/DxjQkhoUgO
economia	Operador Telemarketing Ativo Vendas . - Editora Guias BMC - Sao Paulo, SP http://t.co/PJS4t5MfSO #vagas
economia	E legal acumular aposentadoria emprego publico remuneracao cargo temporario http://t.co/YdoCux4CgL
economia	Adorando novo emprego! Minha cara :) (@ Pracinha Oscar Freire in Sao Paulo, SP) https://t.co/TouMpZTKfU
economia	Customer Quality Engineer - Intel - Sao Paulo, SP http://t.co/WMqTK9u9wM #vagas
economia	Cluster Trade &amp; Marketing Manager - Maersk Line - Sao Paulo, SP http://t.co/GlEMynJh8R #vagas
economia	Estagio Pernod Ricard | FINANCAS - Newik - Sao Paulo, SP http://t.co/Nc447dotuq #vagas
economia	Estagiario(a) Design Grafico - Economidia - Sao Paulo, SP http://t.co/gGhkudZWUM
economia	Designer Pleno - Benchmark Design - Sao Paulo, SP http://t.co/Qe09N1NFl6
economia	Programador Visual Junior - Lojas Riachuelo - Sao Paulo, SP http://t.co/ZcgMYpwX0N
economia	Analista Marketing - Acesso Digital - Sao Paulo, SP http://t.co/2zNRLs0ilA #vagas
economia	Supervisor Pesquisa Midia - Publicis Brasil (Sao Paulo) - Sao Paulo, SP http://t.co/XnFlsEmL6n #vagas
economia	Estagiario Marketing Promocional - RIO QUENTE RESORTS - Sao Paulo, SP http://t.co/MKMXd0RPF6 #vagas
economia	Programa Estagio RB - RB - Sao Paulo, SP http://t.co/P3vdXShyI3 #vagas
economia	Assistente Marketing - Sonae Sierra Brasil - Sao Paulo, SP http://t.co/ynnfH8rBpP #vagas
economia	"RT @Mauricio_Arrr: ""@ninfecentrismo: conseguir altos emprego http://t.co/wkB5ty5XJU"" deus descreveu @uaiLouise"
economia	Estagiario Criacao - Faber-Castell - Sao Paulo, SP http://t.co/E14xCcmJVm #vagas
economia	Promotor Vendas moto (homem) - Factu Trade Marketing - Sao Paulo, SP http://t.co/zvjKeYXRq9 #vagas
economia	BR.SP - Assistente Arte - MSLGROUP Andreoli - MSLGROUP - Sao Paulo, SP http://t.co/meYkMuIJa3
economia	BR.SP - Assistente Arte - MSLGROUP Andreoli - MSLGROUP - Sao Paulo, SP http://t.co/meYkMuIJa3 #vagas
economia	BR.SP - Atendimento PL - MSLGROUP Andreoli - MSLGROUP - Sao Paulo, SP http://t.co/6VxiQDaTEh #vagas
economia	#aopeao @ Ministerio Trabalho Emprego https://t.co/apGbU8D1yg
economia	BR.SP - Assistente Arte - MSLGROUP Andreoli - MSLGroup - Sao Paulo, SP http://t.co/6DM4xoCSOx
economia	Representante Comercial - Feminino - Ianuncios e-marketing - Sao Paulo, SP http://t.co/sRBMXsM5UF #vagas
economia	RT @RaffaelTrindade: Preciso arrumar emprego acordar todos dias 13:00 nao da.
economia	Design Grafico - Nao divulgado - Rio Janeiro, RJ http://t.co/bAQWEaccHy
economia	To aqui CIE vou cadastrar jovem aprendiz ... tomara consiga bom emprego
economia	PROGRAMA DE ESTAGIO CIELO 2015 - CAMACHO - Sao Paulo, SP http://t.co/qVpRD5fRlB #vagas
economia	Estagiaria Criacao - Enox Onlife Media - Sao Paulo, SP http://t.co/mt8VjlKSB1
economia	Estagio Remunerado Design Grafico (Matutino) - Sesc Santa Catarina - Florianopolis, SC http://t.co/amLOGLKOLj
economia	Business Process Specialization - 10 - Accenture - Sao Paulo, SP http://t.co/0ORsyy9X8t #vagas
economia	A gente trabalha duro tambem merece! Amo emprego #VemProLadoNET (@ Riema Austria Flat Americana) https://t.co/jyT2MZg6Q7
economia	ASSISTENTE ADMINISTRATIVO - Conviccao - Sao Paulo, SP http://t.co/O4Buhe3Dq6 #vagas
economia	Sales Executive - InterSystems Corporation - Sao Paulo, SP http://t.co/75viRfr7uD #vagas
economia	Comemorando emprego novo @ Dom Quixote bar tapas https://t.co/wQjdEUvUSS
economia	Market Insights Manager- Latin America - Abbott Laboratories - Sao Paulo, SP http://t.co/28nvjSihza #vagas
economia	Assistente Marketing - Criacao Embalagens - Sao Paulo, SP http://t.co/WFs8EAgMEQ
economia	Analista Marketing - Publicidade - Emmeti - Sao Paulo, SP http://t.co/cubAF7WZxt #vagas
economia	Redator Publicitario Senior foco Conteudo Social Media - Agencia vm2 - Barueri, SP http://t.co/MnQzbdu5Vt #vagas
economia	Senior Administrative Assistant - Ciena - Sao Paulo, SP http://t.co/C1ApomofcX #vagas
economia	Gerente Atendimento - Citi - Sao Paulo, SP http://t.co/Mbbv18OpJr #vagas
economia	@AnaPaulaVolei Ana, FIES! Se visse comercio aqui Brasil ! E chorar.
economia	(@ Nhl - Comercio Eletronicos in Sao Pedro Do Butia, Rio Grande Do Sul) https://t.co/4jLEu2phL8
economia	@SenadoFederal @Reguffe E mercados lucrativos fora? Que trarao lucro? Porto Cuba sera dominio brasileiro sobre comercio ilha.
economia	E..... Quebrou, arrumar!!! #parachoque @ REFALAN - Comercio Recuperacao Auto pecas https://t.co/2w1veGj5vj
economia	(@ Nhl - Comercio Eletronicos in Sao Pedro Do Butia, Rio Grande Do Sul) https://t.co/UdqSSqYx9N
economia	@edmilsonpapo10 Vi comercios Jundiai falando 70% queda. Meu comercio caiu 47%
economia	Aqui hj feio lotado af (@ SECEG - Sindicato Empregados Comercio Estado Goias - Unidade Campinas) https://t.co/FkacPgXW1l
economia	Acabou publicar foto @ Ministerio Desenvolvimento, Industria Comercio Exterior https://t.co/GgiBMvoBfW
economia	Ultimo dia (@ Nhl - Comercio Eletronicos in Sao Pedro Do Butia, Rio Grande Do Sul) https://t.co/chU14vfIYB
economia	falar menina conheci mc donald's considero pakas? @ Clube Comercio https://t.co/yV59xdf0Sg
economia	Hoje dia comecou uma. Speech.na Camara America Comercio terminou agora https://t.co/NSpKGsiIcC
economia	Reuniao Conselho Comercio Exterior, presenca Embaixador Haiti. (@ Fecomercio-RS) https://t.co/uxLSPt03Ti
economia	Governo quer reduzir 15% fatia Infraero aeroportos privatizados http://t.co/jXhluR68Af
economia	RT @tainasena: Aecio nao mexe bolsa familia seguro desemprego filho #DebateDaRecord
economia	RT @PompeodeMattos: MP-664 tira trabalhadores parte SEGURO DESEMPREGO Liquida c/ABONO SALARIAL 10 milhoes pessoas mata p SEG
economia	RT @MarianaPSDB: Dilma, Nao mexa Direitos! Nao Medidas Provisorias alteram Seguro-Desemprego, https://t.co/IXdFQDqlIb
economia	Dilma, Nao mexa Direitos! Nao Medidas Provisorias alteram Seguro-Desemprego, https://t.co/IXdFQDqlIb
economia	@psolnacamara nao acreditando vejo sessao bizarra historia governo quer fim seguro.desemprego
economia	Assistindo bizarra sessao camara federal pauta fim seguro desemprego governo quer aprovar
economia	Tempos do.absurdo deputados(as) pt defendem fim seguro desemprego trabalhadores partido nao nada
economia	RT @PompeodeMattos: Em BSB Dep. PDT fecharam voto CONTRA MP 664 retira direito trabalhados Castiga pescadores, mata seguro desem
economia	MP-664 tira trabalhadores parte SEGURO DESEMPREGO Liquida c/ABONO SALARIAL 10 milhoes pessoas mata p SEGURO DEFESO-Pescadores
economia	RT @Ary_AntiPT: MP PT Dilma tirando direito Seguro Desemprego pagamento pensionistas. Em votacao hoje imprensa caladin
economia	Em BSB Dep. PDT fecharam voto CONTRA MP 664 retira direito trabalhados Castiga pescadores, mata seguro desemprego QUE E ISSO PT
economia	MP PT Dilma tirando direito Seguro Desemprego pagamento pensionistas. Em votacao hoje imprensa caladinha. #Panelaco
economia	@Estadao: Ritmo taxa desemprego maior Nordeste http://t.co/LyU8YXyQRq Os votaram @dilmabr
economia	A taxa desemprego aberto passou 4,9% 5,4% PEA (fev-marco). Em 12 meses, leve variacao positiva. http://t.co/AZWgHvrzgx
economia	RT @fee_rs: FEE divulga agora PED-RMPA mes marco 2015. Houve elevacao desemprego.Acesse: http://t.co/ni8vQlj9kA http://t.co/
economia	A taxa desemprego total apresentou elevacao marco, passando 5,7% Populacao Economicamente Ativa (PEA) fevereiro 6,2%.
economia	A PED-RMPA marco 2015 mostra reducao nivel ocupacional elevacao desemprego, comportamentos usuais mes.
economia	FEE divulga agora PED-RMPA mes marco 2015. Houve elevacao desemprego.Acesse: http://t.co/ni8vQlj9kA http://t.co/tenC8Aci60
economia	dia bom investir petrobras...........
economia	Mal (@ CEPE - Clube Empregados Petrobras in Canoas, Rio Grande Sul) https://t.co/li820eE02G
economia	RT @Mleitaonetto: CPI estuda atas Petrobras descobrir contradicoes http://t.co/niKrSikvR9
economia	Maior exemplo: veja colocs pilar moralidade contra corrupcao petrobras. Mas colocs cunha maior politico brasil
economia	RT @andreoertel: Cervero diz Lula Dilma convidaram Petrobras nega ligacao PMDB #NAOaPEC412 http://t.co/I3lTdnTq2z http:
economia	Cervero diz Lula Dilma convidaram Petrobras nega ligacao PMDB #NAOaPEC412 http://t.co/I3lTdnTq2z http://t.co/SJUnsaig77
economia	CPI estuda atas Petrobras descobrir contradicoes http://t.co/niKrSikvR9
economia	Petrobras, BNDS, Loby , Mensalao, Corrupcao, Ze Dirceu, Delubio ..etc..etc...etc...e ouvir nao damos valor.
economia	Requerimento p/ convocacao Lula CPI Petrobras http://t.co/3dkzYJBBNi #impeachmentdilma #ForaDilma #VaiaDilma #panelacodilma
economia	Paulo Roberto Costa diz genese corrupcao Petrobras 'Brasilia' #G1 http://t.co/TUL22YATf9
economia	RT @sulains: Depois Costa explicar fluxo Petrobras entendi importancia Diretoria Servicos porque indicacao ter ficad
economia	@dilmabr NAO TEM DINHEIRO PRO FIES TIA? PEGA O MONEY QUE SUMIU DA PETROBRAS DA E SOBRA.
economia	RT @sulains: E espantoso esforco relator Luis Sergio envolver PSDB esquema propinas Petrobras.
economia	E espantoso esforco relator Luis Sergio envolver PSDB esquema propinas Petrobras.
economia	RT @STJnoticias: Acao contra Petrobras vazamento oleoduto segue Justica Federal http://t.co/v2TSWxohKr
economia	Acao contra Petrobras vazamento oleoduto segue Justica Federal http://t.co/v2TSWxohKr
economia	RT @AnnaLuGama: @turquim5 @petrobras A midia. PiG publica contra pais. Nem disfarcam.
economia	Sobre aumento acoes Petrobras influencia tributacao geral crise: Nao entendo nada economia.
economia	RT @GilRobGrimes: @UOLNoticias ser roubado atraves @petrobras ne? Para aumentar verbas partidos tambem ne? Para compra
economia	RT @GilRobGrimes: @g1 ser roubado atraves @petrobras ne? Para aumentar verbas partidos tambem ne? Para compra apoio t
economia	@srzd ser roubado atraves @petrobras tem. Para aumentar verbas partidos tambem. Para compra apoio
economia	@g1 ser roubado atraves @petrobras ne? Para aumentar verbas partidos tambem ne? Para compra apoio ne?
economia	RT @lamers_r: Doacao agora Petrobras/CEF/BB/BNDS &gt;&gt; PT anuncia nao receber doacao empresa http://t.co/UyZAKN5QCF #For
economia	"Saquearam Brasil RT ""@reaconaria: interm propinas Petrobras aumentaram patrim 3400% 4800% desde 2003 http://t.co/bougQwRoiZ"""
economia	"Huehuehue ""@NosTrendsBrasil: Ate Fabrica Bracho saiu crise Petrobras, nao! #AUsurpadora025"""
economia	RT @joaomc: Petrobras DNIT firmam convenios UFPR, terceirizar servico. Sera xunxo? http://t.co/PYDuNcvfFs
economia	RT @letraslimitadas: Odebrecht briga Justica obter pagamentos Petrobras referentes contrato totaliza 825,6 milhoes
economia	RT @freire_roberto: Dilma vergonha @Estadao:Lava Jato:Petrobras destroi gravacoes conselho administracao http://t.co/Tnlk3Oaqvb htt
economia	@Estadao: Petrobras: R$ 86 milhoes desviados sao repatriados Procuradoria http://t.co/59K33hrgAp RT
economia	Me fudi... Vou sustentar gastos Dilma, Mensalao, lava jato, petrobras, falta dagua, falta https://t.co/ln59wv5dcH
economia	"@rasccorrea: A Petrobras nunca tao fundo. No fundo mar, achando petroleo"" http://t.co/fAbILLwtow"""
economia	RT @portalR7: Em Curitiba, ex-diretor @Petrobras janta churrascaria trajeto p/ prisao domiciliar http://t.co/MXSq0s8dug (1/2)
economia	O pessoal rouba todo dinheiro Petrobras ainda prisao domiciliar, DOMICILIAR!
economia	#Dolar #ValutaInvest #Campinas #Investimentos #fechamento #Stockmarket R$ 3,0466 baixa -0,72% - https://t.co/Vl6cOMYIol
economia	VAMO PARA AI GENTE, 3 REAIS O DOLAR, DESSE JEITO NAO DA
economia	Queria voltar comprar coisas #AliExpress Dolar quase 4 conto dificil D:
economia	ISSO E PT, Quando FHC fez plano Real , cada real valia Dolar, Hoje 1 DOLAR VALE 3, 07 ..(To mentindo?). http://t.co/43aKyzjTH3
economia	#Dolar #ValutaInvest #Campinas #Investimentos #fechamento #Stockmarket R$ 3,0687 baixa -0,39% - https://t.co/5Fp9EIuVDI
economia	#Dolar #ValutaInvest #Campinas #Investimentos #fechamento #Stockmarket R$ 3,0807 alta +2,24% - https://t.co/3TxRH5tuya
economia	Preco s6 Brasil 100 reais caro EUA nao garantia aqui. Vsf dolar!
economia	Naaaaooooo. O dolar subiu
economia	PORRA DOLAR SUBIU DE@NOVO VAI TOMAR NO CU
economia	#Dolar #ValutaInvest #Campinas #Investimentos #fechamento #Stockmarket R$ 3,013 alta +1,88% - https://t.co/7fIbsvufyE
economia	RT @aavn: @edurocha77 dolar nao 2,80 casa... Eu satisfeito, comeco olhar novamente compra...
economia	#Dolar #ValutaInvest #Campinas #Investimentos #fechamento #Stockmarket R$ 2,957 alta +0,52% - https://t.co/qLeNDXVIbx
economia	E dizem crise! Agora dolar! #ostentacao @ Avenida Almirante https://t.co/ZI0tyBYgbp
economia	@edurocha77 dolar nao 2,80 casa... Eu satisfeito, comeco olhar novamente compra...
economia	#Dolar #ValutaInvest #Campinas #Investimentos #fechamento #Stockmarket R$ 2,904 baixa -0,12% - https://t.co/B5pI3fmBkn
economia	"RT ""@AndreLJunq: Tela Van Gogh vendida US$ 66 milhoes inicia leiloes NY http://t.co/PZN2Fzb2uQ #NewYork http://t.co/CTPYPZJR62"""
economia	#TOMLINSONSLAYSAGAIN espero zayn afunde lama one direction ganhe milhoes sucesso,
economia	@DGDougSilva entao acho pouco p pegar 16 milhoes euros % santos acho
economia	Uai gente, dolar caiu? JN nao noticiou. Ibovespa fechando maior alta desde dez/2014? JN nao noticiou. Essa midia
economia	Viver ciclo vida imposto mundo? Nascer, comprar, crescer, comprar, reproduzir, comprar, morrer? Que vida rasa, cara!
economia	RT @FaabiLuiza: Meu outra paga imposto ser burra
economia	Meu outra paga imposto ser burra
economia	Ai deus, imprima imposto pfv
economia	Eu bem confuso imposto renda
economia	Essa historia Imposto Renda irritando tambem
economia	"@denisfpalmeida Fim cerimonia, encaro PE: ""enquanto vendo novela ralando gerar imposto paga salario merda""."
economia	Imposto renda finalizando... Ahhh brasileiro deixa tudo ultima hora... (@ Nanfehouse) https://t.co/4HrMjDzENg
economia	No Brasil unico servico publico 1 mundo declaracao IR. Pra controlar cobrar imposto extorsivo povo, Estado funciona.
economia	MEU JESUS, pode fazer declaracao imposto renda?
economia	mae nao sei quantos dias fazer coisa imposto renda, ultimo dia dia viajar lembra
economia	E sensacao pagar imposto renda neste pais. Nem posso dizer tipo sensacao esta!
economia	Presidente @DiogoChamun instantes TV Bandeirantes. Fala sobre Imposto Renda. No canal 10 Porto Alegre. http://t.co/EoRQipyVUt
economia	@valor_economico @jornaldacbn E, vez aumento carga tributaria, vejam Qto ICMS! Imposto?! Fora Dilma Fora PT
economia	A vida bosta conta pagar 20% ganha imposto renda farmacia
economia	@celsorussomanno Pessoal Goiania paga imposto posto, UPA, UBS atendimento medico
economia	Eu nao sei odeio relacao imposto renda: assalto burocracia.
economia	adorando cha cadeira levando fazendo declaracao imposto renda nao
economia	A DENGUE ainda perde pro governo, imposto pica gente olhando doi ano inteiro ! http://t.co/eggeiX4DwF
economia	Ainda bem imposto renda simplificado. Mas, assim, nao justifica procrastinacao
economia	Pra realmente sentir brasileira deixei ultima semana declaracao imposto renda.
economia	Acordei enxaqueca cao mensagem contador sobre imposto renda, agora enxaqueca dor cabeca.
economia	nunca vou entender funciona imposto renda (@ Receita Federal in Sao Paulo, SP) https://t.co/TeuSQ0muHQ
economia	RT @marcelo_gambe: @brunischultz inflacao, melhor sendo saqueados dependermos transportes publicos... E imposto rend
economia	Declaracao imposto renda: Que morte horrivel!
economia	@brunischultz inflacao, melhor sendo saqueados dependermos transportes publicos... E imposto renda 27,5 %
economia	Esse novo horario imposto servico tao horrivel hoje fechar 22hrs nao alma viva naquela shopping
economia	"RT @paulacfortes: ""@portalbrasil: Faca download aplicativos declaracao Imposto Renda http://t.co/HVn40AjZT2"""
economia	@portalbrasil: Faca download aplicativos declaracao Imposto Renda http://t.co/HVn40AjZT2
economia	@bomsenhor: deprimido finalzinho domingo lembrete ainda nao fez declaracao imposto renda
economia	Ai fazendo imposto renda ceu presente @ janela https://t.co/bTXW6RaMBV
economia	@jvgatao97 esperando mae declarar imposto renda dela, assisto sr
economia	@aiaiai63: sensacional http://t.co/Jpw5kfBKQJ ACABA REDE GLOBO E PAGA A PORRA DO IMPOSTO ANTES. #GloboGolpista50
economia	Como assim voces nao entendem @JornalOGlobo coloca foto leao ilustrar posts sobre imposto renda?
economia	Chegou hora dela. Ela mesma. A declaracao imposto renda familia.
economia	Acordei bem cedo, peguei note fiz declaracao Imposto Renda. Mas deve ter erro: restituicao.... Rs... Voce fez sua?
economia	@zeigeister n quero MESMO sustentar padrao imposto achar valho suficiente ficar alguem fucking padrao
economia	Eu aqui pagando imposto. E #GloboGolpista50 pagar dela?
economia	@Mauhoro cuidando imposto renda http://t.co/t1yl7ACzwb
economia	Quando aqui#RobertoCarlos especial? Vish custou bilhoes dinheiros. Mas imposto #Globo50Anos sonega. Ne?
economia	@fimdepapo Ia pegar ali extrato rendas anual enviar contadora (de historias), imposto reNas coisa tal. To bRokiado ali.
economia	Se acha caro investir educacao, experimente custo ignorancia. Derek Bok, Reitor https://t.co/IpHbua6Koa
economia	E caos perdura #metro Venezuela BNDS investir metro? #sufocometro #linhavermelha #MetroSP
economia	RT @claudiolamachia: Faltam recursos investir saude,seguranca educacao, sobram recursos triplicar receita partidos p
economia	Absurdo descaso Baia Guanabara Rio Janeiro! Investir estadio Copa facil, meio ambiente dane #Fantastico
economia	querem aumentar carga horaria nao querem aumentar salario, funcionario demite vagabundo
economia	RT @_raphaelvalente: Agora segurar contas gastaram compra campeonato, salario 3 meses Kkkkkkkk
economia	Agora segurar contas gastaram compra campeonato, salario 3 meses Kkkkkkkk
economia	@peganasuafanny dia falaram professor ganha mal pessima formacao Universidade nao merece ter salario medico
economia	Esse mes vou tentar fazer salario durar 4 dias.
economia	Como assim brasil, menos R$100,00 salario, hoje 2 veeeii
economia	Meu salario quase todo, tambem paguei todas contas comprei comprar
economia	Sair segundo salario vou tirar iPhone
economia	Ja gastei todo salario droga
economia	@marichewbacca @GabriellePoleto ne? Enquanto salario minimo 6 reais, familia Sandy tira 10 mil, ostentacao
economia	RT @AnnaLuGama: @RonaldoEsteves2 @FimDaGlobo Com certeza. Nao recebemos salario. #DilmaDoTrabalhador
economia	#ComDILMAaPANELAeCHEIA Mas Terceirizacao: 25% menor trabalhador contratado. Sem direito 13degsalario Ferias FGTS.
economia	@quin_ubz05: E HOJE TEM SALARIO ATRASADO KKKKKKKKKKKKKKKKKKKKKKK CHUPA MERCENARIO FDP http://t.co/1D5wLgbIwVPeleverton!
economia	Se Ricardo Oliveira triplicou salario entao ganhar 900k/mes? Depois nao sabem clubes estao quebrados.
economia	@dilmabr SUPER valorizar salario politicos triplicar ministerios verba partidos #Roubo #Vergonha #Injustica
economia	@lobaoeletrico Porque negocio bem baixo nao pagam salario tiram auxilio previdencia, aposentadoria, etc...
economia	Me acabei compras hoje, acabei salario tambem
economia	Vai trabalhar! O contribuinte nao paga salario p escrever cartazinho horario trabalho nao. Ta faltando arquivo p recuperar?
economia	Ja falei aqui amo avo tudo? Ja ne? Agr vou mostrar p pedir aumentar salario 5 mil tudo bem
economia	Acho digno salario minimo ser menos 2000 mil reais , , acho vou pro mundo di funk , prostituicao
economia	RT @LelexDutra: Cade black blocs protestar, terceirizados UERJ tao levando calote lindo, professor salario atras
economia	Cade black blocs protestar, terceirizados UERJ tao levando calote lindo, professor salario atrasado.
economia	@dilmabr salario aposentados cada vez pior falta respeito aposentados. http://t.co/lOTl5Q1PcS
economia	coisa acho legal marista valor pessoa paga almoco muda acordo salario
economia	@dilmabr imagine economia, nao sei quanto total deputado, salario sao 28 mil reais. Vai ser mao roda
economia	E roubalheira saude, educacao, impostos, multas, salario continua minimo. Um lixo pais, nojo!!!!
economia	N paga salario professores desde novembro ainda quer ter razao
economia	Antes comecar filmar ofereceram participacao lucros inves salario. Mas https://t.co/HzR7f5BG6g 2015-04-29 22:56:56
economia	@carlos_diehl @StenioVeiga aqui Rio salario professor nao chega mil reais liquidos, questao RS falido.
economia	RT @adelgadocunha: Quanto protesto pedindo intervencao militar paz selfie policial, agora ajuste salario
economia	Quanto protesto pedindo intervencao militar paz selfie policial, agora ajuste salario porrada
economia	Fla estar MONITORANDO Alex; sera otimo reforco;mas salario ser maximo 300.000 incluindo luvas; caso contrario sera loucura.
economia	Mas deputados precisam salario, trabalham muito! E dinheiro pouco nao podem pagar professores manter escolas.
economia	La Governo aumentar precos loterias novo. So nao aumenta salario.
economia	Os PMS deveriam estar protestando junto professores tambem estao salario!
economia	TSE rejeita emprestimo simulado Mensalao manda PT devolver R$ 4,9 milhoes cofres publicos. http://t.co/3IL7Rz1t4Y
economia	RT @gabrieljusto: Esta taxa juros/mes, emprestimo pessoal pre-aprovado Santander disponibilizou hoje. Coincidencia??? http
economia	Esta taxa juros/mes, emprestimo pessoal pre-aprovado Santander disponibilizou hoje. Coincidencia??? http://t.co/2BOK7mYvIA
economia	20 reais multa esqueci renovar data emprestimo livro, pqp
economia	Vou ter fazer emprestimo quero ter planejo ano ainda
economia	@FUTEBOL105FM Esse juiz fez emprestimo Crefisa vao deixar pagar 5 parcelas roubar pros porco
economia	8hs, domingo. Alerta celular. E-mail oferta emprestimo banco. R$9500,00 pagar 36x R$886,00. To sonhando ainda?
economia	Diviiida publica passou 800bi 2002 2,44tri 2015, pib negativo,inflacao acima 8%,balanca comercial negativa,dolar alta
economia	Estamos meio recessao brava. Boletim Focus BC reviu p/ cima queda PIB 2015, agora p/ retracao 1,1%
economia	#PIB baixa,crise economica nacional E @dilmabr aumenta 200 800 milhoes anuais #fundopartidario O Brasil nao levado serio !
economia	RT @CarlosAraujo68: E gente Nordeste faz regiao crescer 3%, enquanto incompetencia Sul Sudeste detona PIB ht
economia	E gente Nordeste faz regiao crescer 3%, enquanto incompetencia Sul Sudeste detona PIB https://t.co/MRmC6YcIw5
economia	E hj ministracao PIB Nova Aurora - Belford Roxo. #Alegria #Musica #Adoracao #Louvor @ https://t.co/L3IotnfzUL
economia	Hj sensacional! Amigos comunhao sempre bom! @ Pib Alcantara https://t.co/jtZLDfc7mB
economia	Para baixar inflacao... https://t.co/3Ia7Cmc3lA
economia	@marcelojuniorr_ Brasil topo que? Violencia? Inflacao?
economia	Nao aceitar aumento juros tempo retomada. Conter inflacao? Nenhuma medida povo meta! Receita bolo...
economia	@LuanaAnjos Esta indignada inflacao Lua? Kkkkkk
economia	GASTEI 6 REAIS SEIS REAIS COMPRANDO APENAS UM TRIDENT E FOFURA, OS PRECOS ESTAO ALTISSIMOS QUE INFLACAO #askmagcult
economia	A inflacao chegou flanelinhas https://t.co/Xu9nEmerHL
economia	@marcelocoli @Greenhalgh_ E resolveu inflacao mesmo. O pais deve dupla Presidentes. Ambos.
economia	@CBNoficial Boa noticia? Inflacao menor 1,0%? Gasolina baixou? Energia aumento? Pleno Emprego?
economia	@teteirada dolar alturas ne, inflacao governo Dilma beirando insanidade
economia	@_dion25 mercado empresarial pasteis crise Brasil acorda 4 reais pastel nao inflacao !!!
economia	RT @carlosudia: Um pais cresce menos todos outros sul americanos, inflacao controle, populacao endividada, desemprego corrupca
economia	Um pais cresce menos todos outros sul americanos, inflacao controle, populacao endividada, desemprego corrupcao, bom assim?
economia	RT @PresbEvandro: PT AFUNDOU O REAL E TROUXE DE VOLTA A INFLACAO. @marisascruz @DecaRGarcia @aeciofaraujo @deylze @bia_souto2 @MGPBeth http
economia	@gabifontanezi_ e, inflacao mal maior
economia	@S_Alves08 @gabifontanezi_ acredito correta. A inflacao alta subindo.Alem precoes custos vindas cambio energia
economia	Voce arriscaria 8% salario todo mes acoes Bolsa Valores, empresa rende menos inflacao?
economia	So imbecil depositar 8% salario todo mes investimento rende bem menos inflacao. Quem concorda RT.
economia	Defender titularidade absoluta Aranguiz meio campo inter tao ilogico qnto dizer inflacao controlada...
economia	Ta ok dolar custando R$ 3,10 inflacao 1,55%, sei permanecer taxa SELIC chegara 14% pensa....
economia	meca art nouveau parsa @ Centro Cultural Banco Do Brasil https://t.co/HZZxySaYPw
economia	Nao sei rezo acabar greve empresa amanha, ora continuar.. Kkkk
economia	Dai professor faz greve cumprir horario sabado, tnc
economia	Porque colegio n entra greve uns 30 dias, deixo
economia	@rede_globo_prtv professores ainda estao greve?
economia	Temos planos vida, nao podemos perder tempo greve
economia	@itsjapps qm ve pensa, mes meio greve passar ano sim.
economia	RT @zeilabheck: Quando arbitros formacao faculdades greve ser sempre vergonha.
economia	Quando arbitros formacao faculdades greve ser sempre vergonha.
economia	Tao falando amanha ter greve denovo alphaville
economia	@BrennoMotta uerj ano passado ano, nao lembro. Rural tbm greve preparando
economia	@peganasuafanny quer dizer professor nao pode entrar greve?
economia	Velho greve mh escola nao acaba nunca... To fodidassa
economia	"Muito Obrigado @diogoalcan @Nana_Rude apoio ""divulgacao"" rsrs greve,a coisa feia aqui http://t.co/atBLhiPbR8"
economia	RT @_seemuser: BOM DIA PRA VOCE QUE NAO FOI PRO COLEGIO PORQUE OS PROFESSORES ENTRARAM EM GREVE DE NOVO.
economia	Uff entrando greve dia 24 tudo quero fazer morrer/sofrer calado
economia	RT @rkrutli: @BetoRicha porque greve servidores entao, maravilha ???
economia	Escola greve desde dia 24 marco, quase mes
economia	Profs greve nao aula nao ontem
economia	Por escolas particulares daqui sao melhores publicas? Deve ser porque ensino nao fraco nao greve professores.
economia	Meu feeds noticias fb lotado coisas sobre greve/manifestacoes professores
economia	absurdo negocio greve professores ne, mundo perdido memo
economia	RT @douglasavai: Greve!!!! (@ Tribunal Justica Estado Santa Catarina - @tjscnoticias) https://t.co/0G1Om88PXS http://t.co/93bYqptk
economia	RT @Ana_Paulagodoi: Quero ve acabar greve,vamos ficar aula tempo,de tanto professores feridos...
economia	Professores todo direito protestar , entrar greve
economia	Com greve dificil
economia	A gente ter semana ferias meio ano ter aula dia 23 dezembro agr entraram greve dnv ferrou
economia	Minha tia veio interior fez questao dizer area nao emprego cwb nova engenharia. _.
economia	Nada melhor ter dinheiro, emprego.
economia	Preciso emprego, n consigo ficar nao!
economia	pensar amanha trabalhar, arrependo ter procurado emprego.
economia	RT @pareceqpiorou: @gaybrasil enquanto gente medo apanhar morrer, perder emprego. Mas sofrimento grande, coit
economia	@gaybrasil enquanto gente medo apanhar morrer, perder emprego. Mas sofrimento grande, coitados
economia	Pede dinheiro, nao pede emprego. Nem diz tipo emprego procurando
economia	"RT @BELIEBERFAMOSA: ""oq quer vida"" nao pedir quero diploma faculdade emprego ganhe 10 mil"
economia	@boasaventuras dia arrume emprego compre parcelar 24 vezes
economia	@carolinamunhoz ainda nao recebi ligacao falando passei emprego. Sera nao passei novo?
economia	oq quer vida nao pedir quero diploma faculdade emprego ganhe 10 mil
economia	Preciso urgentemente emprego verdade
economia	Achei emprego sonhos! @ Barao Parrilha Bar https://t.co/pq1uGlREdl
economia	@Lucasc015 chamam entrevista emprego nesses lugares cancelo, Deus livre. Sempre vejo assaltos.
economia	Gentes, deixa dar dica vcs. Arranjem emprego sustente vcs, pedir dinheiro pro pai pior coisa vida.
economia	precisando experiencia profissional passar entrevista emprego vou precisar beije
economia	Minha mae disse segunda n posso voltar p casa achar emprego, seja, morarei embaixo ponte
economia	@jaquesmachado @RdGaucha @leandrostaudt @andressaxa agradeca Deus ter emprego m
economia	Diretor(a) Arte Pleno - ISSU Comunicacao - Sao Paulo, SP http://t.co/FqfZ1p1N75
economia	Diretor(a) Arte Pleno/Senior - Trama Comunicacao - Sao Paulo, SP http://t.co/sIOkPY1IEV
economia	Assistente Marketing (Prazo Determinado 8 meses) - Sao Paulo - Janssen - Johnson &amp; Johnson - Sao Paulo, SP http://t.co/do3PbjM8UV #vagas
economia	Gerente Produto Jr - Sustagen RTD - Mead Johnson Nutrition - Sao Paulo, SP http://t.co/ZynieyUJ1A #vagas
economia	Estagio Design Grafico - Sao Paulo, SP http://t.co/VT02T8Mvmu
economia	Gerente Marca Inovacao - Diageo - Sao Paulo, SP http://t.co/o03palU3zh #vagas
economia	Assistente Desenvolvimento Propagandas - Loby Ecommerce - Sao Paulo, SP http://t.co/gJzRXyXlWj #vagas
economia	"rT @g1: Marinha Mercante prorroga inscricoes 114 vagas http://t.co/Q5bhkG9wAF"""
economia	Estagiario(a) Design - Hospital Olhos - Sao Paulo, SP http://t.co/JfLuGtA7fp
economia	Analista Studio Gourmet Unilever - Unilever - Sao Paulo, SP http://t.co/Egnk1JdF83 #vagas
economia	Channel Operations Processes Analyst - GE Healthcare - Sao Paulo, SP http://t.co/FwSgw2bzy4 #vagas
economia	Tenho entrevista emprego hojee
economia	RT @VagasPublicidad: ESTAGIARIA PARA AREA COMERCIAL - ALPHA SECURE - Sao Paulo, SP http://t.co/eMvzl4iRCq #vagas
economia	ESTAGIARIA PARA AREA COMERCIAL - ALPHA SECURE - Sao Paulo, SP http://t.co/eMvzl4iRCq #vagas
economia	Programa Economia Negocios agora novo horario! #Economia&amp;Negocios #RecordNews #FatimaTurci @ https://t.co/rhUfDeXXlb
economia	@tvterraviva: Abertura 81a Expozebu comeca expectativa superar marca R$ 50 milhoes negocios http://t.co/zbofzoIoSk
economia	Mais periclitante reuniao negocios! Com presenca grandes empreendedores williamcbarbosa https://t.co/XzSNYsU6jU
economia	RT @juliocasares_SP: Quando Dir Marketing VP Mark, realizamos grandes negocios otimos contratos. Hoje VP Geral,
economia	RT @juliocasares_SP: @victorschimidt1 Vai sair sim. Em breve. Ja vendi inumeras vezes. Grandes Negocios Realizados.
economia	@victorschimidt1 Vai sair sim. Em breve. Ja vendi inumeras vezes. Grandes Negocios Realizados.
economia	@Gisga_ veja bem miga. Pequenas empresas, grandes negocios
economia	Acabou publicar foto @ Negocios Digitais https://t.co/s3IFeByp1j
economia	Depois semana provas trabalhos enfim descanso (@ Escola Negocios PUC-PR) https://t.co/XUJs38Od3K
economia	Reuniao Negocios... (@ Grupo @NaturaldaTerraH in Sao Paulo) https://t.co/xyfyPQUKN4e
economia	ECONOMIA E NEGOCIOS - Fenatran ocorrera 9 13 novembro, Sao Paulo: Maior evento transporte rodovi... http://t.co/hT5UInbvkc
economia	#NeymarNoCQC Dilma Rousseff imposto n comprar camisa Dilma Rousseff
economia	Prefeito Jaragua Sul, Dieter Janssen, reconhece barato eficiente investir https://t.co/CYeoCTRGd2
economia	Crise, economia @dila7803: Ai gente, Shonda matou p nao pagar salario! https://t.co/8RnID7oDDa
economia	RT @allanlac: arruma emprego alguem nome jesus
economia	Cheguei agora ha pouco centro, colei ciee futura, consegui 2 encaminhamentos emprego, entrevistas agora
economia	O velho almoco negocios !!! @ Lig China Delivery https://t.co/jWZkwVya18
economia	RT @alexaguiarpoa: CESA armazena menos 1% safra agricola RS, deu prejuizo 60 milhoes 2013. Fora salarios. http://t
economia	Bom dia!!! @ Centro Treinamento BM&amp;F Bovespa/Sao Caetano Sul https://t.co/u9T0yCjPrE
economia	Ah ESQUECI, O GOVERNO VAI AUMENTAR O IPI DAS PANELAS DE: 10% PARA 97% A PARTIR DE AMANHA. BOA NOITE...
economia	X Encontro escritores MERCOSUL. http://t.co/dsTQYcdtpU
economia	Reuniao Cupula Social Mercosul :) (@ Escritorio Presidencia Republica in Sao Paulo, SP) https://t.co/vU0q4yFw3l
economia	Acompanhando cliente edgarschlusen sessao fotos Residencial Mercosul, grande https://t.co/1IxkruTK26
economia	"Ja visitou Exposicao ""Um So Corpo: Arte Contemporanea Paises Mercosul""? Nao?! Entao https://t.co/dEWdiyc4Bq"
economia	Minha vo aqui reclamando conta luz
economia	comecarem acordar cedo ralar poder pagar aluguel conta luz Dilma.. ae sim.. chora cama lugar quente!
economia	Hoje conta agua subiu 15,55%. E Luz subir 15%.
economia	@CesarTralli ,onde parar Tralli? O aumento conta luz fii reajuste,reajuste 100%? So hospicio Dilma!!!
economia	Gracas deus conta luz baixou http://t.co/T0OVRtMReg
economia	@jnflesch saudades. Nao petrolao, emprestao BNDES, nunca fiquei desempregado. Nao melhor mundo melhor ptzada
economia	RT @zepalhano: Roubo R$ 19 bi Fazenda? Calma, gente. Ainda faltam BNDES, Eletrobras mais.
economia	"RT @as_sousa: ""@sensacionalista: Mr. Catra renova emprestimo #BNDES presentear maes filhos http://t.co/RYJP0jKokq"" @De"
economia	@BlogdoJuca @UOL n assusta sao 500 bilhoes BNDES. Imagina?! Nem Celso Daniel assusta!
economia	Ja crise energetica... aumento tarifas luz... nao apagam luzes internas predio bndes petrobras...
economia	"RT @SoDeBoaBrazil: Seu FGTS financiando obras Cuba, Venezuela Bolivia ""Ministerio Fazenda quer BNDES R$ 10 bi FGTS"" http://t."
economia	RT @giancarlobpaim: Presidente BNDES desmonta mentira Dilma Rousseff sobre porto Cuba http://t.co/U3KoSo4KhA SO ISSO, moti
economia	RT @letraslimitadas: A pedidos, Porto Mariel, Cuba, financiado BNDES! http://t.co/ytjZwAtNcy
economia	RT @letraslimitadas: POR QUE O BNDES NAO FINANCIA OBRAS NO NORDESTE BRASILEIRO? http://t.co/kpovSBh4Wz
economia	"RT @as_sousa: ""@MariaLCAb: Dilma vetar abrir caixa preta BNDES. Vamos exigir abertura."" #CPIdoBNDES"
economia	@JornalOGlobo: Oposicao aposta #CPIdoBNDES apos trafico influencia Lula. http://t.co/dgnf9cYmD2 http://t.co/bOqIGBZqEM
economia	RT @luis13vieira: @souzajr2 @bndes_imprensa @RevistaEpoca E problema??Os EUA tambem irao financiar Cuba!!!
economia	@CleberBuneko Com certeza; epoca campanha n repassou tudo pagarmos conta, vem fazendo ajuste fiscal.#ForaPT
economia	A Dilma mae PT pai Ajuste Fiscal...Esse sim, mexeu DIREITOS trabalhadores....Quem diria rsrs
economia	Ajuste Fiscal Dilma deixou economia brasileira DESANDAR, p/ conseguir AQUECER mercado interno mulher conseguiu.. Fraca d+
economia	Agora quero saber oq militancia petista dizer sobre ajuste fiscal
economia	RT @LelexDutra: O PR partido igreja universal votando favor ajuste fiscal, vivi ver isso.
economia	O PR partido igreja universal votando favor ajuste fiscal, vivi ver isso.
economia	@BlogOlhoNaMira nao entendo fazer cego pro ajuste fiscal, sempre paco frente, vez nao sei.
economia	"O PT precisa apoiar Dilma, Ajuste Fiscal terceirizacao, FODE trabalhador, precisa ter ""dono""...,#JH"
economia	Esse ajuste fiscal DilmaPT, maldade trabalhadores, muda tudo..No seguro desemprego, aposetadoria..
economia	O ajuste fiscal terceirizacao, filhote governo DilmaPT, PT quer jogar responsa p PMDB aliados, tirando reta..
economia	@renancalheiros Ajuste Fiscal: nao ha cura indolor! O gigantismo estatal matando Brasil. Fatura luz: 61,5% valor sao IMPOSTOS!!
economia	Ajuste fiscal pode vir economia cargos PMDB, Brasil precisa limpeza antes mexer direitos trabalhistas.
economia	Ja entramos 5deg mes nada ajuste fiscal ser votado. Nada gov sinalizar aceita cortar carne nao apenas povo.
economia	Ajuste fiscal tudo feito forma errada, gastaram alem conta, quebraram pais...Dilma quebrou pais!! #JN
economia	td sempre causa racha RT @Estadao: Apos racha, PT decide apoio medida ajuste fiscal Camara http://t.co/ncxIJlTSDy
economia	RT @LelexDutra: PDT defendendo ajuste fiscal Dilma, trabalhista contra trabalhador, ue.
economia	PDT defendendo ajuste fiscal Dilma, trabalhista contra trabalhador, ue.
economia	RT @as_sousa: Planalto ameaca fazer contingenciamento radical ajuste fiscal n aprovado @Estadao [@MichelTemer assumiu] http://t.co
economia	Planalto ameaca fazer contingenciamento radical ajuste fiscal n aprovado @Estadao [@MichelTemer assumiu] http://t.co/ETfrSiuYwa
economia	Nao pode fazer ajuste fiscal educacao, diz presidente OAB http://t.co/4QANdaQqn0
economia	@Estadao: Ajuste fiscal entrara pauta Camara semana vem http://t.co/LZLYRTMtV9 Ajuste quem?
economia	#lindo - Proposta Governo privatizacao agua aprovada Parlamento PSD CDS-PP http://t.co/iRNJWByyco
economia	Escritorio advogados Arnaut socio escolhido assessor privatizacao TAP http://t.co/FNCwSBgZIG
economia	Voce pode! #empreender #Empreendedorismo #capacitamais @ Capacita Mais Sao Paulo Vila Zilda https://t.co/5KgExHireo
economia	Para esforcam. #empreender #Empreendedorismo #capacitamais @ Capacita Mais Guaruja https://t.co/niG9Nk43O3
economia	@marcogomes: Contrariando estatisticas: http://t.co/mqVXXHvObz Minha palestra #TEDx. Veja diga achou! #empreendedorismo
economia	Obrigado Unifenas oportunidade falar pouquinho sobre experiencia empreendedorismo https://t.co/csXGMDcTR4
economia	Esta afim alavancar negocios, entender pouco sobre empreendedorismo destacar https://t.co/M18ACwoqR0
