economia	Tenham uma ótima tarde. #empreender #Empreendedorismo #capacitamais @ Capacita Mais São Paulo Sapopemba https://t.co/Al0HaQCzj5
economia	Da janela eu vejo... Sobre minha vista. #empreendedorismocriativo #empreendedorismo #empreendedora https://t.co/7RlzGnsPSb
economia	Partage Franquias no Seminário de empreendedorismo da FURG. #Partage #PartageShoppingRioGrande https://t.co/XVlCiHXz32
economia	Por um Brasil mais empreendedor: o baiano Rodrigo Paolilo passará a presidência da Confederação https://t.co/sb9U2JDMKv
economia	@JoaoMarcos__ sim! Total. A fase do JEC é maneira e tal, mas de consolidação. Deveria ser proibido dizer um A do Figueira pós Bragança-2013.
economia	@PauloGarciaPT presta contas de #2014 e comprova #superávit , resultado de uma gestão #responsável
economia	A gasolina mais cara do estado de SP é em Avaré , é muita sorte
economia	GASOLINA e ÁLCOOL  SUPER BARATO!!! Vim abastecer aqui agora... Fica na RUA 68 setor CENTRAL em https://t.co/N7GxC9Jggw
economia	Depois q a gasolina aumentou, a quantidade de carro na rua aumentou tb. Não deveria ser o contrário? @LeiSecaRJ @RadarCostaVerde
economia	@jornal_cultura a baixa do preço da gasolina ñ foi mais um subterfúgio p a eleição da Dilma?
economia	RT @letraslimitadas: Dilma anuncia que baixou o litro da gasolina para 550 ml.
economia	E hoje fiquei sem energia por muito tempo!!! As velas me salvaram!!! A Eletropaulo disse que chegaria https://t.co/WmOjqK1Dkp
economia	Obrigado Çerra seu arrombado por nos dar a Eletropaulo empresa de merda q nos rouba tds os dias!!
economia	Seja o que for, seja original! G. A. @ Capital Trade Importação e Exportação Ltda. https://t.co/YM5L3flpcz
economia	Onde é que tem a regra de tributação pra importação no Brasil? Pq até onde eu sei SE A REGRA SE APLICASSE era 60% do valor não 182819%
economia	.:!!:. Venha Fazer Seu Projeto De Importação e/ou Exportação Conosco!!! RED LION - Importação &amp; https://t.co/A8ybLDXuzN
economia	A #ThePlayer atua na importação de materiais esportivos #fitness ..aprovado pelas marcas #rednose e https://t.co/U9L2Gndig5
economia	Senador do PSC fala que o gov deve achar maneira de fazer ajuste fiscal sem atacar seguro-desemprego. Que tal taxar igrejas?
economia	Dilminha será obrigada a cortar ministérios, o PMDB há deu a dica p aprovar esse ajuste fiscal..#JN
economia	FALA EM AJUSTE FISCAL MAS QUEREM AUMENTAR O SALARIO DOS JUIZES EM 76%
economia	@radiobandnewsfm e chamam isso de ajuste fiscal
economia	@jornal_cultura como o Governo pode fazer ajuste fiscal sem cortar seus maiores gastos? Só o povo vai pagar o ajuste?
economia	Ver o governo propondo ajuste fiscal e gastando em propaganda inútil é replay
economia	Se o PMDB tem projeto de poder para 2018, então por quê se esforça em aprovar o ajuste fiscal da Dilma? Auxiliar o PT em...2018? Paradoxo.
economia	"Entenda como vai ser, o AJUSTE FISCAL no BRASIL! Você será o PRÓXIMO . . . @ ""Despachante William"" https://t.co/52jYC3HxRY"
