politica	RT @freire_roberto: Nao entendeu @NetoMadneto1 apesar corrupcao Dilma impeachment existe voto majoritario Congresso. Ai
politica	RT @freire_roberto: Nao, @sarolijr enquanto espero luto aconteca. Vide oposicao desgoverno Lula/Dilma. @diegoescosteguy
politica	RT @letraslimitadas: Dilma anuncia baixou litro gasolina 550 ml.
politica	"RT @gnatalini: Dilma fugiu falar brasileiros. Temer fugiu evento R. Preto. Governo ""popular"" assim!"
politica	"RT @as_sousa: ""@MariaLCAb: Dilma vetar abrir caixa preta BNDES. Vamos exigir abertura."" #CPIdoBNDES"
politica	@vaniaborba agora vamos falar sobre impeachment dilma
politica	RT @andreoertel: Contas reeleicao Dilma podem ter irregularidade grave, diz ministro STF http://t.co/Snn1Eyq6LN http://t.co/5gqZ6f
politica	@joao_pedrolg @Cruzeiro_News SE TIVEMOS O MENSALAO LIGADO AO LULA; SE TEMOS O PETROLAO LIGADO A DILMA E AO PT, O EURICO ATE QUE COMBINA!!!
politica	RT @gnatalini: @GarrinchaBrasil @mirandasa @freire_roberto Que Face censurar opositores Dilma/Lula/PT, dia Liber
politica	Nem ditadura http://t.co/uyb5zzJOX5 via @o_antagonista [Nem ditadura @SenadorCaiado. Petrobras destruiu Audios Videos Dilma]
politica	RT @gnatalini: O Facebook protegendo Dilma/PT? E mesmo, gente? Isso confirmado, realmente???
politica	RT @gnatalini: O Facebook censurando criticas Dilma? Que diabos isso?
politica	RT @mariosabinof: Sonho PT: Dilma, Alvorada, fumando charuto vendo novela, 200 milhoes Bolsa Familia cubanos receitando
politica	ADOREI! RT@zerohora: Grupo protesta diante apartamento Dilma Rousseff Porto Alegre: http://t.co/rN264qyjTK http://t.co/RuIU7SFh6F
politica	RT @BolsonaroSP: Se Dilma ouvir vozes rua saido presidencia ontem. Fonte: O Globo online. http://t.co/lC1mwbx5MM
politica	"RT @as_sousa: ""@danischwery: Marqueteiro #Dilma Haddad investigado Policia Federal http://t.co/5w0ZoMmlL2"" [o homem 6 presi"
politica	RT @ECantanhede: Tudo Dilma nao precisava crise. Pois e...
politica	Essa economia Dilma/PT decepcao, telejornais mostra povo roendo osso.. #JN
politica	O bandido mor, Lula, deveria preocupar consigo nao Dilma, porque prestes ir cadeia ele! #ForaDilma
politica	"Hoje... No Fort... E povo ""CrisE"" ... A culpa Dilma!!! @ Palhoca - Sc https://t.co/kyMTL0xqzN"
politica	RT @nalves_st: Nao preco ver Jornal Nacional recorrer youtube exibir video Dilma pronunciando no#DilmaDoTrabalhador
politica	@JornalOGlobo @dilmabr decepcao dilma vergonha obrasil
politica	"RT @lspoeira: Modesto Carvalhosa mostra ""pacote anticorrupcao"" Dilma acabaria beneficiando corruptos - http://t.co/ufsrboPtfz (v. "
politica	RT @gnatalini: Sera Facebook censurou pedido Dilma?
politica	@freire_roberto nao situacao politica impeachment? Tudo acontecendo que? Pra falta interesse todos!
politica	Olhando fantastico falar sobre politica outros paises, cada vez decepciono politica porca!
politica	RT @Mleitaonetto: Gilmar Mendes devolvera junho acao contra doacao empresas partidos http://t.co/IcfcDceMPj
politica	RT @villa13013: i) Isso @tarsogenro neoliberalismo necessita 1 dinamica anti- democratica criminalizacao politica p/ impleme
politica	Juscelino melhor presidente Brasil teve, habilidade politica, https://t.co/gVZL4esCcT
politica	RT @freire_roberto: Mas claro buscamos ser alternativa PT PSDB, @faydeazevedo alianca candidaturas Campos
politica	RT @marisa_lobo: @Roxmo @leandrobecker @Jorgebertuzzi @DaniloGentili O PT usou professores verdade.Eles massa manobra
politica	Como diz malandro, PT espirito mulher policia, gosta apanhar, derrama dinheiro @RedeGlobo difama.
politica	TEMOS QUE ENTENDER, QUE FHC FEZ O PLANO REAL E TINHA PODER DE COMPRA. HOJE O PT DESTRUIU TODA NOSSA ECONOMIA... http://t.co/ljsVP2Mibv
politica	#AjustarParaAvancar avancar aonde,para retrocesso economia furada,pela incompetencia pt?
politica	@BlogdoNoblat decepcao PT Lula.
politica	O PT nao plano 2018. Seu principal lider sendo investigado pode ser preso. Como assim? Plano p/ 2018?!
politica	"@claudiotognolli: Lula:Sabemos 4 maiores inimigos PT sao 3: revistas Veja Epoca"""" [Lula, palestras n indica livros]"
politica	"Esses ""conselhos populares"" virou cavalo Troia, exemplo professores Parana SP....O PT usa p atacar governos rivais."
politica	The New York Times: ambiente politico Brasil estremeceu sexta. A noticia vem periodo dificil PT http://t.co/yrDxQgRPdP
politica	O PT erro enquanto partido sucesso estrondoso organizacao criminosa.
politica	@bminolli: Fica claro que, financeiramente, melhor pais ser destruido terremoto ser administrado PT. Verdade!
politica	RT @freire_roberto: Nao sobra cordao corrupcao ! @Crescente_D: Policia abre investigacao sobre Joao Santana, marqueteiro PT ht
politica	E serio? Tem sujeito familia Caninos diz protestos professores PR desviar foco corrupcao PT?
politica	@aleiarodrigues foda. Justica prisao pobres. 8 11 juizes STF sao PT.
politica	@meg_thai ninguem dar publicidade isso. O governo nao PT entao nao interessa.
politica	RT @freire_roberto: Desculpe @castelodeagoura sentido certo. Falta direta pais disputar eleicao. Basta gover
politica	Protesto Rio !!#foradilma @ Corcovado - Rio Janeiro https://t.co/zJCHm746DP
politica	Dilma recebida protesto visita ex-marido RS http://t.co/Lf2d5FOSZs via @veja bom. Bom
politica	Qual problema dessas pessoas qualquer coisa faz protesto? Exceto professores.
politica	Protesto uns levantarem placas...
politica	CE JURA RT @g1 'Sangue' foto viral PM apos protesto professores tinta, diz policia PR #G1 http://t.co/kxgeDyznyb
politica	"RT @alexaguiarpoa: ""Protesto"" ""professores"" comeco semana SP ataca predio historico. Professor? Video http://t.co/QRDBJhKQVo ht"
politica	Nem professores jogaram pedras adolescentes protesto professor nao acontecido
politica	Tava olhando videos protesto professores Curitiba. Chocado truculencia covardia PM! E pessoal governo achando massa...
politica	"Neste momento protesto frente Congresso Nacional milhares jovens ""3 Festival https://t.co/PRkahXDkt1"
politica	@fercuria @joaogabrieeeel Nao cego ideologia. Consigo enxergar injustificavel acao policial bandidos infiltrados protesto.
politica	@joaogabrieeeel Olha cartaz ontem protesto Curitiba. O escrito nele? Nao causa magisterio. http://t.co/983jMK4oft
politica	"CRIMINOSA acao policia PR, ali nao professor proposito unico protestar paz. Tinha ""profissional"" protesto."
politica	@Ary_AntiPT @BoechatBandNews merito movimento vale, nao protesto panfletagem esquerdista, perdeu respeito.
politica	Nao importa sigla dele, Beto Richa babaca repreendendo protesto pacifico n black blocs
politica	Extremamente revoltada protesto ontem professores. Um absurdo terem sido tratados tal maneira.
politica	Protesto pede Intervencao Militar tratado Educacao. Protesto pede Educacao tratado Intervencao Militar. Confere ?
politica	Tem galera acha protesto professor somente ideologico nao causa descaso Estado profissionais.
politica	@roberta_jorn @nelsonRFarias Nao acreditam, apenas nao ha iniciativa popular contundencia devida. Protesto tom passeio nao rola.
politica	Bem PM Parana poderia tomar atitude PM Amazonas exemplo unir professores. @brasilpost http://t.co/nHpQccItFa
politica	Essas pessoas nao nada protesto tao bagunca levar mesmo, nao nocao acontecendo
politica	Tipo HELICOPTERO JOGANDO BOMBA DE GAS EM PROFESSOR NO PROTESTO
politica	PSDBOSTA NUM EXISTE PROTESTO NAO EXISTE DEMOCRACIA @ Centro Civico Curitiba - PR https://t.co/3dhWPNNHbp
politica	@lucasferp nao leva mal nao, black bloc entrar protesto categoria porque aceitaram.
politica	@wemersonta @arnaldobranco protesto nao trabalhar, carro som, ir pras ruas nao baderna, invadir baderna sim.
politica	Eu estudante estado Parana, comeco ano ficamos 29 dias greve protesto Foz, acho tudo repetir!
politica	@milakleye sim porque, sendo bando professor, professor minimo orientacao ser civilizado protesto
politica	@folha Bem estilo PSDBista governar, comediante poder - quero protesto PM impeachment.
politica	RT @welingtonfortes: De ideia mandar PM cobrir protesto professores Pit bull? Meu Deus
politica	Genteee horror covardia professores. Que pais diz ser democratico, protesto acaba judaria.
politica	Ate certeza governadores vao sensibilizar protesto pacifico professor heroi mata leao dia.
politica	Quanto protesto pedindo intervencao militar paz selfie policial, agora ajuste salario porrada
politica	Fui protesto frente, cheio marca bomba tiro.
politica	fico triste vendo fotos protesto Parana! :(
politica	A pessoa faz concurso valor receber ,ela passa fazendo protesto ganhar mais, si acha pouco nao faz concurso
politica	RT @carolinaw_: sobre violencia protesto Curitiba: @BetoRicha miga assim nao defender (nunca deu)
politica	Os professor falta vao paulista fazer protesto
politica	. protesto coxinha pm quadruplica numero pessoas. De estudantes professores nunca 100 pessoas.
politica	Protesto protesto EUA, devia acontecer Brasilia, RJ SP. Nao Jd. Tremembe, Morumbi, frente Palacio.
politica	protesto centro aqui frente sefaz quase todos dias, pergunto.. vcs nao trabalham bando filho puta?????
politica	Ontem ouvi motorista taxi....protesto pacifico nao protesto. E marcha Jesus.....
politica	"O bom ciclovia... ""@viatrolebus: Haddad enfrenta protesto onibus meio aula http://t.co/7l4JeAzDLX #SPTrans"""
politica	RT @LelexDutra: @Estadao: Sob protesto, Temer deixa feira agricola interior SP discursar http://t.co/iBq0J8Psnv http://t.co/sT4F
politica	RT @PaulaFe37171633: Meu protesto : empregos, menos cobrancas impostos compra comida, menos aumento passagens
politica	Em meio protesto, Temer deixa evento SP discursar http://t.co/hfV5hBMXmG
politica	Sob protesto, Temer deixa feira agricola discursar interior Sao Paulo. Nao hora impeachment,mas sim renuncia
politica	To ouvindo protesto professores aqui casa
politica	Protesto novo, aguenta? Ta louco (@ Terminal Vila Angelica - @transitourbs in Araucaria, PR) https://t.co/bPifpaj3vL
politica	E impressao professores estao fazendo protesto horas madrugada?
politica	@willian_nog @RodP13 @TV_REVOLTA + protesto, mascara, vestir batalha, respeito populacao patrimonio.
politica	RT @SuCidreira: @ReginaSalomo @RedeGlobo @twitter @TwitterBrasil Eta @twitter ! Mas n adiantar O protesto sempre #GloboGolpist
politica	@rederecordtv , podia colocar imagens protesto contra concorrente #GloboGolpistaRIP, pouquinho.. https://t.co/dZOtlwOZVI
politica	Tomara amanha protesto
politica	@alexchina_0_: Protesto professores contra Alckmin Rede Globo reune 60 mil pessoas centro SP: http://t.co/p9J8cXhVYo
politica	Povo quer exigir Globo cubra protesto contra Globo sendo que, Globo chega protesto anti-Globo, tacam pedra Globo.
politica	@freire_roberto todo respeito, nao vejo acao mobilizacao congresso. E jogo disputar poder, Brasil agoniando
politica	RT @viviantorigoe: triste demais tanto 0 atencao mobilizacao defesa professores. curiosa tv falando barbarie
politica	@DelsonChavesDal O aparelhamento forte, PT enraizou-se p todo lado, mobilizacao populacao pode mudar panorama...
politica	Dia mobilizacao derrubada veto Observatorio violencia contra mulher, projeto Dep.... https://t.co/AdG9JYcN0f
politica	RT @freire_roberto: Se questao procurar milhoes brasileiros achado @maurocels depender mobilizacao popular/
politica	Precisamos sair estado reclamacao estado mobilizacao. - @marlonreis
politica	Feriado manifestacao pro impeachment, emocionada.
politica	Ja vamos ter passeata pro impeachment Lula, semana vem? Me avisem colocar camiseta CBF protestar contra corrupcao
politica	"@jornal_cultura PMDB estaria timidamente reduzindo credibilidade presidente p forcar impeachment assumir ""trono""?"
politica	RT @_pierremichel: Impeachment Dilma voces querem, Beto Richa ninguem fala nada?
politica	RT @jonatasdepaula: Boato Beto Richa sacado dinheiro Parana Previdencia antes lei autorizativa. Se confirmar, impeachmen
politica	@AecioNeves 4 mandatos deputado federal, cumpridos seriedade. Um responsaveis impeachment Collor, homem honesto
politica	@Tatiweigert @thiagodottori ato passivel impeachment, lei? Pergunto desconheco lei
politica	@cunha_edison: PORQUE NAO EXISTE ATOS DE VANDALISMO NAS NOSSAS MANIFESTACOES DE RUA PELO IMPEACHMENT E FORA DILMA? UAI PQ SOMOS DECENTES
politica	"ELE SO NAO MANDA FAZER ISSO NAS MANIFESTACOES PRO IMPEACHMENT PORQUE A MAIORIA VAI COM CAMISETINHA E BANDEIRINHA ESCRITA ""fora PT leve..."""
politica	RT @canaldamancha1: @MichelTemer #FORA #FACCAOCRIMINOSA #CIROOLIVEIRA #MARIACELIARAIMUNDO #RODRIGOZOGAIB #PROCURACOES #DESAPARECERAM43DP @d
politica	RT @LelexDutra: @veraalmeida52 respeito Aecio Neves, acho posicao covarde zilhoes motivos pro impeachment
politica	RT @LelexDutra: @folha: Aecio convence tucanos Camara adiar pedido impeachment. http://t.co/EkJFl4M56e banana.
politica	Bobagens ditas Magnoli #RodaViva -PT direita -Nao ha motivo impeachment -O governo Israel maior inimigo pais
politica	"RT @Zoccoli16: Sociol.Cardoso,UERJ:""Quem defende impeachment hoje quer limpeza acabe!Sao corruptos."" http://t.co/S6G5vPN8QK #"
politica	RT @elianadeolive14: Nao hora impeachment, dizem juristas - Politica - Geral - Estadao Mobile http://t.co/tlcrPgp4tu O povo contin
politica	#Impeachment #ja
politica	Nao hora impeachment, dizem juristas - Politica - Geral - Estadao Mobile http://t.co/tlcrPgp4tu O povo continuar sangrando ?
politica	"RT @letraslimitadas: ""PSDB nao dividido sobre impeachment, diz Alckmin"" http://t.co/qxHzPaFMLH"
politica	Com taxas desemprego nuvens, sera dificil PT escapar impeachment via povo ruas
politica	Ja pensou louco, Xanxere fazer impeachment Dilma, enquanto
politica	@BalestrinDagmar verdade! Qlqr politico favor impeachment, dando valor!! Motivos nao faltam!!!
politica	PSDB poe bloco Impeachment rua. O projeto pedir impeachment ... DOS OUTROS ... Assim corrupcao ... https://t.co/jSyZ38hMBJ
politica	Alckmin surtou vez poe culpa SEU desgoverno PT. Histerico. Impeachment urgencia! #GloboGolpistaRIP http://t.co/jXTTbcNAXl
politica	@g1 PSDB contatando oposicao indicar advogados protocolarao alguns pedidos impeachment.
politica	@JornalOGlobo: Ha 16 anos, Lula pedia impeachment governo acusava golpe. http://t.co/b6zfh9NLZ6 http://t.co/VlPteysfHg AGORA INVERTEU!
politica	Correio Braziliense continua campanha infame p/impeachment, veiculando mentiras, calunias subvertendo ordem. Pedem proprio fim.
politica	"RT @pablo_grilo: Ha 16 anos Lula pedia impeachment PSDB acusava ""golpe"" -\_()_/- http://t.co/WdUv0CApLa"
politica	Na proxima semana PSDB protocolar camara pedido impeachment petralha. Ate enfim!
politica	O pior? Presidente? Vice? Impeachment?... https://t.co/zq6knK8mF6
politica	"RT @paulacfortes: ""@emirsader: E possibilidade impeachment, oposicao fazer perder eleicoes 2018?"""
politica	RT @ArimateiaMacedo: Marcone Perilo, Tasso Jereissati Geraldo Alckmin sao alguns lideres PSDB engrossam coro anti impeachment. h
politica	RT @letraslimitadas: Leo Pinheiro, OAS, comecou explodir colo Lula. O impeachment Dilma politica
politica	Depoimentos reportagem dizem Lula contra impeachment. @JornalOGlobo diz titulo Lula pedia impeachment http://t.co/BUrnPqGUCW
politica	RT @ENICOMARTINS: @MarceloPintoBA @DCM_online E proprio governo patrocinando golpe atraves propagadores impeachment. Quer
politica	Impeachment lembra
politica	"RT @melosfera: @turquim5 @RodP13 Na @folha : FHC tb ""pedalava"", normal... Q houve? Desembarque impeachment, caso? https:/"
politica	@JornalOGlobo: Ha 16 anos, Lula pedia impeachment governo acusava golpe. http://t.co/7hB1eR02fH http://t.co/V4FYgFC4Jf@diImabr
politica	A folha hoje sociologo merda falando contra impeachment Dilma folha panico PT #ForaPT http://t.co/e8Vecriiz7
politica	Impeachment hoje serve corruptores corruptos- boa entrevista Professor Adalberto Cardoso. http://t.co/OeByF5gcPF
politica	"RT @galaxyranger81: ""Impeachment interessa grandes companhias petroleo"" | Brasil 24/7 http://t.co/tFRnSqs8lt"
politica	RT @gilmardarosa: Marcha partiu Sao Paulo Brasilia impeachment presidenta @dilmabr , eruditos bem.#SQN http://t.co
politica	@folha: Painel: PSDB consulta outros juristas sobre viabilidade impeachment Dilma. http://t.co/5RkffTodIV NAO SABE PERDER!
politica	Como PSDB recalcado! Perderam eleicoes presidenciais 2002, 2006, 2010 2014, ainda insiste Impeachment! Da licenca mano!
politica	RT @galaxyranger81: PSDB favor terceirizacao, contra Mais Medicos, favor abertura Pre Sal, favor impeachment! Sao con
politica	Ao brigar impeachment governante, precisamos ter mente proximo assumir podera exigir sacrificios.
politica	O impeachment Collor 1991 influenciado serie globo 1988? Foi ouvi Bial?
politica	RT @PaulaBeiro: Posicao PSDB sobre impeachment sera tomada cautela, diz Aecio Neves http://t.co/rmkTvBYDou http://t.co/eaTPJXtP89#G
politica	Desculpe @castelodeagoura sentido certo. Falta direta pais disputar eleicao. Basta governar meio PT
politica	Por cidadaos brasileiros nao pensam mudanca indignam epoca eleicao?
politica	Martaxa saiu pensa pode ganhar eleicao. Nao pode. O povo nao esquece enfiou 1 nabo, digo aumentou imposto. Radad idem viu.
politica	RT @alonsopvt: Em qualquer pais serio nao existiria, aqui ganhou eleicao respaldado 53MI apoiadores 39 MI omissos http://t.co
politica	As vezes leio manchete @cartacapital parece lendo capa @VEJA... PSOL olho eleicao rasteira mae
politica	Sindicalistas Talk Show falam negociacao salarial metalurgicos eleicao sindical. http://t.co/biE9f277g5 http://t.co/a7EtbgVqXe
politica	@folha Alguem pode dizer senhor perdeu eleicao!
politica	Epoca eleicao p gnt momento curtir colocar p fuder msm
politica	RT @villa13013: Enquanto fez discurso p/ ganhar eleicao pratica bem diferente governo, #seguranca gov #Sartori #Caotica . http:/
politica	@izzynobre acontece hj petista brabo c partidao faz volume,+ eleicao caras voltam marido traido perdoa mulher
politica	@adrianafialho6 afirmou programa Dilma nao mentiu epoca eleicao
politica	Explicacao p/facistas TUCANATO vence eleicao votado aceitar nao pode pregar ODIO Q E CRIME. http://t.co/VWOL2akGtP
politica	Aqui eleicao deu 90% contra ela, @SenadorCaiado . Nois caipira bobo nao, so! https://t.co/cvCGwgXhNq
politica	Povo Boa Vista, Roraima. Lembre bem desses vereadores zombam cara voces proxima eleicao. Corruptos safados. #Fantastico
politica	RT @gomesdudis: To esperando eleicao primeiro operario presidente primeira presidenta espetaculo Globo :v #50AnosDeGolpe
politica	Meus pais achando graca video Lula Academia. Logo relacionaram eleicao. Tremei tucanada, tremei.
politica	[26/4 00:14] Marcos Mendes: Queria hj dia eleicao lacrar 13
politica	Desculpa, eleicao duas liderancas populares presidencia maiores marcos Brasil ultima decada
politica	Beto Fica slogan adesivo colado camisa carros professores ultima eleicao... https://t.co/YYmdU98ldG
politica	A @RedeGlobo tentou manipular resultado Eleicao Carioca 1982. Brizola nao permitiu. http://t.co/4OUpaO78gs
politica	@freire_roberto falta interesse todos. A oposicao nao querem. E corrupcao entranhas congresso.
politica	RT @tadeuveneri: Bom dia, agora Largo Ordem manifestacao contra perseguicao jornalistas ameacados materia s/ corrupcao Go
politica	@RomarioOnze #ForaDilma #ForaPT [O pais unido contra maior esquema corrupcao historia humanidade]
politica	@walmirnff @amoaparaiba @infraton Tudo gera corrupcao. Um paralelepipedo chao custaria 300 reais, governo cobraria 10mil. +- isso!
politica	@infraton: Corrupcao Brasil virou cultura http://t.co/aWfFFeHe7L E pura verdade. Isso acontece todo dia marginais!
politica	RT @AnnaLuGama: @turquim5 estao apavorados porque nao conseguem tirar PT poder. Nao estao incomodados corrupcao coisa nenhuma. #Di
politica	RT @ANTONY_CARLOS: #PT repudia nota prisao tesoureiro PTralha... E fazem propaganda eleitoral dizendo estao acabando
politica	A manifestacao Fora Dilma contra corrupcao , leva ruae milhares pessoas Globo nao usa expressao , fala numeros frios.
politica	Uma corrupcao limites
politica	Sera algo importante quadro politico BR @wellingtonmoura resgatara esquerda enxovalhamento sofre corrupcao gov.PT
politica	RT @marisa_lobo: Delegados PF movimentos contra corrupcao fazem ato apoio juiz Lava Jato http://t.co/9mBPKgQHQX http://t.co/Ff
politica	O Brasileiro reclama corrupcao acha direito pegar fila caixa rapido carrinho cheio.... https://t.co/3OOfvqICry
politica	Todas sujeiras PT faz selo PSDB qualidade. Mesmas praticas. PSDB nunca derrubar PT corrupcao.
politica	RT @rosacrossi: Juiz perito injustica. ...E corrupcao. .pratica tudo http://t.co/PHqpj7IMKo
politica	@HumanizaRedes Viva Rachel,fora corrupcao,fora DILMA.
politica	Pt empreiteiras estaladas brasil, Estados Municipios gerando corrupcao.
politica	RT @Iuri_siviero: @PSDBiloide: DEM(1deg) PSDB(3deg) topo ranking corruptos.E ainda organizam marcha contra corrupcao! #Marc
politica	E premio? @MirandaSa_ Na corrida louca tapar rombos corrupcao,nem Mega-Sena /TmeMania sao poupadas:aposta ficara 40% cara
politica	Policia Civil indicia tres auditores Agefis corrupcao passiva - Cidades DF - Correio Braziliense http://t.co/uIs9UdJ4mr
politica	De adianta ser presidente fazer parte corrupcao.?
politica	E justifica roubalheira? #nojo @Estadao: Corrupcao Brasil mesma idade escravidao, afirma @Dilmabr http://t.co/zno0QOAHQt
politica	@valor_economico So tres?! Se procurar nesta esfera! E pais corrupcao! Fora Dilma Fora Lula Fora PT
politica	Silencio presidente vem crise advinda administracao, marcada falta planejamento inumeros escandalos corrupcao.
politica	Se acha financiamento publico diminuira corrupcao, saiba menor, financ. privado aceito. http://t.co/EVyNDTD5J0
politica	Dia Corrupcao,imagine dia,sendo feriado.Como reagiria comercio ? O Turismo?Quem sabe :Visite torre Petrobras.Crie p tema!
politica	"Teriamos depoimentos fantasticos,para tentar aprovacao deste projeto,quem sabe,por unanimidade.""Dia Corrupcao""A briga ser mentor"
politica	#UmSonhoQueAindaNaoSeRealizou pais corrupcao /sem Dilma
politica	"Acho Brasil ,de tantos feriados ,ja pode solicitar meritos,por grandes servicos prestados : ""Dia Corrupcao""."
politica	@oceguinho facil semestre governo outro semestre corrupcao #tadificil #mudaBrasil
politica	Imagine louco ter aqui Brasil tambem pena morte trafico corrupcao?
politica	RT @riccsy: Quem defende corruptos tao culpado maldades corrupcao causa vida tanto quanto corrupto torna-se um. Maldito
politica	@MartaSuplicy_ Parabens Marta sair PT, corrupcao, VC digna.
politica	RT @testandotexto: PT enriqueceu processo democratico brasileiro. Hj discute coisas antes cogitava. Trata-se corrupcao c
politica	Brazao novo conselheiro tribunal contas estado vem corrupcao
politica	E gente fala corrupcao Brasil ne?
politica	@portaljovempan Lendo reportagen sobre corrupcao ex presidente Lula vergonha ser honesto
politica	Ainda bem existem orgaos competentes neste pais. Abaixo corrupcao! https://t.co/ENuQ4OQikZ
politica	RT @HugoAg0g0: PT aumentou gasolina energia tapar furo corrupcao governo. E logo presenteou partidos 900 m
politica	Gasto estimado reconstruir Nepal apos catastrofe 6 bilhoes. Rombo estimado Petrobras 10 bilhoes! Corrupcao pior catastrofe
politica	E vamos pagar conta corrupcao Petrobras deixou. https://t.co/ouhLYFh4Nr
politica	"PT tb contribuiu p/o longo processo descobrimento Brasil. ""Choque"" descobrir havia corrupcao pais. #FatoshistoricosPT"
politica	PT enriqueceu processo democratico brasileiro. Hj discute coisas antes cogitava. Trata-se corrupcao crescemos forte.
politica	RT @requiaopmdb: Quer ser universal cante aldeia. Comece protestando contra corrupcao estado.Vamos limpar Brasil comecando
politica	RT @Gilvando_Melo: @JornalismoWando @LeiLoc13 Helio, PSDB nao roubou cassete agora nao indignado corrupcao?
politica	@sara1953 Porem nunca tao farta escancarada! O PT institucionalizou corrupcao, privatizado estatais beneficio proprio!
politica	E hilario comico n tragico ver total inversao valores. O partido corrupto planeta, PSDB, falando apurar corrupcao
politica	@JornalOGlobo gente nada muda Brasil.... pior escandalos dr corrupcao continuamos governo, quanto futebol
politica	Ah, ditadura militar nao corrupcao! citei Coroa Brasil, AbiAckel pedras preciosas, escandalo Itaipu velho parou.
politica	@eduardopflores @ptbrasil A verdade incontestavel PT assumiu chefia corrupcao. Faz distribuicao butim.
politica	@ptbrasil E cinismo vcs falarem corrupcao. E tudo farinha saco. Mas PT roubo institucional.Feito tesoureiros.
politica	RT @teresvirmond: Esse deputado Carlos Sampaio deve ser bancada narcotrafico corrupcao. Quer impedimento presidenta p/n ser
politica	oh, cabeca corrupcao Lula Dilma https://t.co/alWn2mM7il
politica	Pra que? Ele vendido corrupcao PT, afinal chefes petrolao saiu ileso, deve encobrir tbm https://t.co/EpMtxyyytY
politica	No pais festa, corrupcao gente safada, dia povo acorda irmao nn sobrar nada
politica	@MelliRicardo fecharam olhos p corrupcao PSDB, claro estao cheios cartas manga senao PSDB nao estaria tao apagado!!
politica	Terceirizacao nao favor. Isso gerar corrupcao https://t.co/JCf27wGuWO
politica	RT @prdjesus: @BR45IL100PT @marisascruz @MirandaSa_ trabalharmos cada dia conseguir alimentar maquina corrupcao desvio
politica	"RT @alessan31436379: @junjiabe rogamos votacao aprovacao #PEC82 #PEC443. As PEC's fortalecimento combate corrupcao."""
politica	RT @RogerLandmark1: Abreu Lima entrara historia exemplo desperdicio, corrupcao ... Enfim marco gestao PT https://t
politica	corrupcao fonte, parece nao seca
politica	Patria educadora ova! Patria campea juros altos agiotas oficiais. Campea violencia corrupcao. Mas pode ser diferente
politica	RT @letraslimitadas: ...com balanco corrupcao, Petrobras virou pagina, garantiu Dilma. Escrita mal porcamente Lula, fal
politica	Manchete Correio sobre projetos parados Congresso melhorariam vida brasileiros. Um deles: crime hediondo corrupcao.
politica	"Pois e."" @JornalOGlobo Em 15 anos, gastos governo cresceram receita. http://t.co/0MoXBtp1Zh http://t.co/j3vxNO18S9"
politica	governo quer acabar crack nao moral vetar comercial cerveja
politica	@Estadao O governo nao enviou carpideira soldo mortadela?
politica	Esse governo odio.
politica	"ta ""serto"" ""@congemfoco Mesmo apos deixar governo, Aecio usou aeronaves governo Minas http://t.co/HwY0927qX4 http://t.co/gAjUxH7GfP"""
politica	RT @villa13013: Governo #Sartori ainda nao disse veio, tenta impedir comercio Pinhao beira Rodovias #Serra ... http://t.
politica	@Cardoso Se missil (falo opressor), arromba (estupra) explode (explode), governo inimigo pode processar estupro? #SJWProblems
politica	RT @ponteeuropa O PR confiou Deus destino TAP. Podia ter escolhido Governo coragem dignidade.
politica	@mtvbrasilvideo @anterogreco @tumaoficial porque governo corrupto, ligado filosofia comunista levou destruicao.
politica	agora governo mete tml dizer (supostamente) fazendo coisas pais.
politica	@WinstonLing @GeraldodeMorais: Exatamente: povo gera propria riqueza dispensa Governo Paternalista Demagogo
politica	RT @romulomr27: @sylviaLunkes 60% reprovacao governo #CalaBocaDilma
politica	A qualidade stream brasileiro deixa desejar. Culpa governo nao investe telecomunicacoes.
politica	"O fazer ministro Trabalho governo @blogdilmabr ato 1""maio Forca Sindical,onde dep Paulinho defende Dilma"
politica	"RT @gnatalini: Os bancos lucros recordes ""Governo Esquerda"", PT. Grandes protetores capital financeiro."
politica	O governo povo nao aparece dia trabalhador. Vergonha
politica	Nao sei ainda pode ter gente consegue apoiar governo Dilma.
politica	RT @marisa_lobo: Inteligencia governo, roubar deixar roubar ser descoberto, for, dizer nao sabia! http://t.co/yG
politica	"Daora ""professor"" protesta governo PSDB, nao causar alvoroco governo PT/PMDB"
politica	O governo podia economizar, pegasse todos vagabundos botassem fazer manutencao cidade inves deixar guardado
politica	Parabens trabalhador pagou MAIS IMPOSTO DE RENDA, governo/PT/Dilma nao atualizou tabela IR apesar inflacao.
politica	RT @Mleitaonetto: Pronunciamento gravado dia Renan subiu tom criticas http://t.co/n0ObO14v6k
politica	Voce caiu dibre governamental @JornalOGlobo: Procuradoria investigar 'pedaladas' fiscais governo. http://t.co/BwuKuNVRnI
politica	Esse famoso governo brasileiro
politica	toma aqui diploma revolucoes agr pode falar mal governo
politica	Dilma garante governo compromisso, seja, garante.. Hahaha
politica	Nohssa beto dilma naum? PQ NAO TEVE CRIME CARACTERIZADO QUE POSSA PEDIR IMPEMCHENSTP DELA, crime governo, tipo isso.
politica	O governo terceirizacao atividades-fim. https://t.co/k0BSUaUHfR
politica	Me decepciono informa sobre episodio civico civico meio edicao imprensa oficial governo.
politica	Assinatura Convenio Governo Estado SP Sociedade Rural Brasileira https://t.co/WrWIQ2BNCY
politica	RT @flaviamarjorie_: E serio isso? Tem rir nao chorar, ne? Qualquer saberia tinta, NOJO Governo LIXO! http:
politica	RT @lamers_r: No Brasil PT &gt;&gt;&gt; Tanto traficantes, empreiteiros, corruptos, bandidos... sabem poder contar governo desonesto. #For
politica	E governo acha machucar professores alunos resolver alguma coisa..
politica	RT @Andree_Felipe07: A Carta Maior fazer noticia falando revista Epoca golpista querer governo faca regulacao
politica	Sacrilegio pro governo dedo medio. ..
politica	@francaverdade vergonha nenhuma, igual epoca governo dele.
politica	"Acabei ler materia dizia governo SP processar professores ""obstrucao vias""."
politica	@jornal_cultura atual governo alguma agenda p melhorar vida trabalhador p manter poder?
politica	Coitado povo FIES, moral, descaso governo
politica	@RdGaucha: Imposto sobre bebidas sobe 10% partir maio. Saiba http://t.co/1MolnNwobx http://t.co/XV0w9zjT7M
politica	Ta todo mundo notebook tentando fies... Porra ainda esperancas governo ajudar.
politica	Eu nao aguento governo pais! As coisas estao piorando. Isso comeco merda dar.
politica	Sobre Tucanada gosta, tirinha diz TUDO! Esta realidade sobre atual (Des)Governo https://t.co/0XyuiVH8FG
politica	Cotidiano brasileiro, causa indignacao, governo brasileiro deixa povo ilusao! @ cidade verde https://t.co/eEKM7WnXdO
politica	@monicamartelli1 @barbaragancia VPP semana vem ir governo PR. Forca colegas professores!
politica	Repudio acao governo contra professores
politica	RT @LelexDutra: Nao Moro derrotado STF ontem, Brasil bem, guerreiros lutaremos forca contr
politica	Para pagar contas governo.
politica	@RdGaucha 11 assaltos dia ontem bairro Floresta Benjamin Felix. @governo_rs utilizando bem recursos impostos.
politica	Cade dinheiro deste pais??? Lixo governo. (@ Itau Capao Redondo in Sao Paulo, SP) https://t.co/ri3VIheIKC
politica	@AecioNeves Poupanca escola, 1600 unidades saude, recuperacao pavimentos rodoviarios, reducao custos, sao conquistas governo
politica	Governo Federal criar Bolsa #Propina desempregados efeitos operacoes Policia Federal Ministerio Publico
politica	Venho aqui expressar indignacao contra governo brasileiro contra professores, hoje professores alunos nao nada
politica	"@FENAPEF Repudio total famigerada PEC 412...engodo assim governo querem enganar povo ""suposta"" autonomia PF.."
politica	Querem culpar policia? Tem ser cima, mandam (e governo claro). Nao peao faz preso
politica	RT @dudacarol_: Nojo governo Parana
politica	Nojo governo Parana
politica	RT @HerbertHarry: Como governo Parana deixa caes racao, perna robusta jornalista serve! Isto aconteceu ontem! http://
politica	Richa fascista, ditador! Peguem panelas pecam exoneracao!! http://t.co/Te5OBrmi5O
politica	RT @gnatalini: Vou fazer barulho contra Governo PT 1o Maio 20:30h. Vamos nessa, Brasil!
politica	governo Sao Paulo PROCESSA professores
politica	Na escola governo, professores podem pregar revolucao comunista nao saem jeito nenhum.
politica	A inflacao provocada proprio governo represar precos combustiveis energia @anaamelialemos reuniao CRA
politica	A unica coisa sinto neste momento vergonha alheia, governo ataca, agride, nao ESCUTA https://t.co/35zUCIM2Ml
politica	Vergonhoso atitude policiais governo,triste saber professores estao correndo perigo #BrasilComOsProfessoresDoParana
politica	RT @alexaguiarpoa: CESA armazena menos 1% safra agricola RS, deu prejuizo 60 milhoes 2013. Fora salarios. http://t
politica	RT @alexaguiarpoa: Governo RS laboratorio produzir remedio nao fabricou NENHUM ultima decada consumiu fortuna. http://t
politica	Grande @TulioMilman. DIREITO DE PERGUNTAR: Blasfemar contra governo hora declarar imposto renda pecado??? Sensacional!
politica	RT @ladradpinga: 8:00 manha voces falando governo, vao dormir
politica	"Discurso Beto Richa : ""Educacao continua sendo prioridade governo"" Policia bandido http://t.co/ysF1X2YFfv"
politica	RT @Nelsonfsilva1: @GeraldodeMorais O combustivel governo corrupto imposto pago contribuinte.
politica	Policia militar governo Curitiba massacrando professores. Isso #PatriaEspancadora ! Policiais deveriam ir presos. Cade D. Humanos?
politica	RT @gnatalini: Com medo panelaco Dilma nao quer falar TV 1o Maio. Encastelada poder. Governo moribundo! Eita PT!
politica	Joaquim Levy tenta-nos convencer governo reduz gastos. Bom, 'cortar carne' sr picareta cidadao. E Bradesco? Vai bem!
politica	Vergonha -&gt; Guerra professores governo Parana provoca 213 feridos, inclusive jornalistas https://t.co/cFQWeprQ8J
politica	Ratinho falou tudo! Ta faltando governo preocupar precisa nao superfluos!
politica	Ninguem sabe cortes Dilma fez...Impressionante mentiras desde governo ai..#JG
politica	Pior retracao 20 anos. Mas governo FHC nao pior? #ForaPT #ForaDilma
politica	Do jeito greve professores,daqui pouco governo traz professores cuba kkkkkkk
politica	Eu provavelmente nunca saberia disso, homofobia crime SP http://t.co/A2bm4yB8mF
politica	RT @marinalvaarauj8: @celsorussomano_ nome todos obesos peco rejeite #Rec261_13 #PL2431-11 siga senado. Obesi
politica	RT @marinalvaarauj8: @DepQuintella favor rejeite rec 261/13parapl2431 siga senado. Obesos agradece.
politica	Entretanto.....jamais vi coisa igual.....em dois intervalos...nos comerciais...duas vezes saiu PROPAGANDA DO OLIVIO AO SENADO!!!!!
politica	Depois fala Renan TV Senado dias Dilma ainda serao piores!
politica	@cartacapital A prioridade camara senado nao estao sintonia sociedade!!! Fecha problema: Petrobras,Obras PAC ie
politica	Ironicamente epoca derrubando todas conquistas agravante Pl terceirizacao votacao senado
politica	@MarcosPFN prof. Boa noite. Pq Senado aprova nomeacao dirigente AG. regulamentadora, sendo estados sao deputados?
politica	E bom ver caras pegando, nunca imaginei ver Renan Calheiros, presidente senado batendo Dilma PT...Incrivel #JN
politica	A Dilma maus lencois, ontem criticada presidente camara, hj presidente senado...Ela colhe campanha leviana. #JN
politica	"RT @marisa_lobo: Confronto Parana gera embate petista tucano Senado. http://t.co/vd4SsUoFJR"""
politica	RT @marinalvaarauj8: @LuisTibe rejeite rec 261/13 parao pl2431/12siga ser votado senado favor obesos podemos contar s
politica	Senado Federal aprova projeto torna Carlos Barbosa-RS Capital Brasileira https://t.co/ocgn6Y1gS2
politica	RT @Alinecaldas22G: #PL2431_11=% #senado. Alternativa CID E-66 Usados nose nop/. #fim#RDC52_11 #rec261_13
politica	SENADO APROVA MP QUE PERMITE REFINANCIAMENTO DE CAMINHOES: A medida promete dar folego financeiro motorist... http://t.co/T8WwygmBek
politica	Nas favelas, senado, sujeira todo lado, ninguem respeita constituicao, todos acreditam https://t.co/p41j1Z3jow
politica	TRANSPORTES - REFINANCIAMENTO DE CAMINHOES DEVE SER VOTADO NO SENADO NESTA QUARTA-FEIRA: A proposta apr... http://t.co/q4Z2GwSVsG
politica	RT @marinalvaarauj8: @Domingos_Neto peco represente rejeite #REC261_13 #PL2431_11 siga senado. O senhor pode
politica	@Estadao: Grupo 'anti-Cunha' Senado criado apresentara pauta Renan http://t.co/j2n2bXkcTF / merecido!
politica	Fazer limpa naquele senado
politica	@fusketa francischini beto richa vao tentar assegurar vaga cativa senado igual safado Alvaro Dias
politica	RT @jpedroam: Em audiencia senado novo pres. Da Petrobras: A empresa reserva petroleo 18 anos 5 anos paga atua
politica	RT @marinalvaarauj8: @Jovair1414 peco rejeite #REC261-13 #PL2431-11 siga senado obesos precisam tratamento urgente.
politica	@MendesOnca: 2002- Socorro Globo Cabo ser explicado BNDES Senado Federal - Portal Noticias http://t.co/7NyTlGAI3A
politica	@caique_rn obrigado amigo, porem conselho senado embarreirando lei
politica	@Agencia_Senado @CamaraNoticias @maozero Brianstorm apresenta res est Fase IIa c CT ELA durante AAN/2015 http://t.co/BYtFwPeIBk
politica	A guerra Renam-Cunha texto Agencia Senado. https://t.co/GQ1Ui6vcNs
politica	Cem dias apos posse, pres Dilma lider Senado. Folha SP
politica	Escravidao financiou 61 politicos. Aecio + candidatos governo 6 Senado 2002/2014 empresas lista suja MT. Carta Capital
politica	Estou disposicao ir Senado fazer acareacao Aecio Neves. Deputado Rogerio Correia, via Portal Forum. #GloboGolpistaRIP
politica	"Senado cria bloco ""barrar"" pautas presidente Camara via @UOLNoticias @UOL http://t.co/Y2sk22JMAm"
politica	Manifestacao BASTA. http://t.co/FJRmi4GatT
politica	Amanha ter manifestacao parque nacoes.
politica	Eu critiquei presidente ausencia manifestacao midia massa dia trabalho. Mas critico tambem hipocrisia Aecio Neves
politica	RT @FabricioBonfim1: Professores Municipais sao agredidos durante manifestacao Prefeitura Goiania. http://t.co/zQ8RP8AzxT
politica	RT @Sebastiaocarmo: Em manifestacao Paco Municipal professores Goiania greve sao agredidos. Retrato Educacao Brasil PT. h
politica	"Concentracao manifestacao ""Corrida Pedal Paz"", Lagoa Rodrigo Freitas. @ Lagoa Rodrigues https://t.co/3zt2UTK5qb"
politica	Os cara achando manifestacao professores tudo coisa PT, Deus. Os professores Estado estao receber mesmo...
politica	@PedroBask13 @JoceyrR #BrasilComOsProfessoresDoParana Pimenta olhos outros refresco. Manifestacao boa contra outros.
politica	Vendo revoltas causa manifestacao Parana. Acusam policiais batido professores porque afim
politica	Herois! #professores #manifestacao @ Praca Da Republica - Sao Paulo https://t.co/ioQNSeQUDV
politica	RT @lamers_r: Manifestantes baderneiros? &gt;&gt;&gt; Eles estao indo guerra manifestacao??? #ForaPT #SOSBrasil http://t.co/6dfoKMXeqa
politica	"Acho legal pessoal pedir manifestacao ""calma, ordem, selfie, fazer barulho"". E bom porque gera respaldo reivindicacoes."
politica	Sobre manifestacao professores, policia exagerando, levaram cachorro
politica	Manifestacao Centro Civico Curitiba novo. Pelo aparato policial local, parece predios serao defendidos propria PM...
politica	RT @potulski_: Ta ridicula manifestacao policiais acham professores sao saco pancada
politica	Manifestacao professores NH. http://t.co/w5YRKMPkwf
politica	@BreideSonia @FGL1983 @BlogOlhoNaMira ninguem dizendo professor bandido, direito livre manifestacao sim, baderna nao.
politica	@cafejornal Dep. Paulo Pimenta Presidente CDHM estara Parana p/ apurar violacoes direitos humanos durante manifestacao praca!
politica	@brasilpost: PMs recusam cercar professores sao presos PR http://t.co/1wg2ykOlC9 http://t.co/Tw4DqKazBm errado
politica	"@viledesma nossa, ridiculo. E mostrando manifestacao ""pacifica"" Estados Unidos"
politica	@lucasferp nao defendendo Beto Richa, recriminando forma manifestacao.
politica	Que triste manifestacao, parecendo guerra
politica	Onde vermelhos manifestacao ha desordem manifestacoes cores verde amarelo nao ha tumulto alegria
politica	To achando absurdo violencia rolando manifestacao PR,porem parecendo virou guerra +politica,q vdd intencao fique.
politica	Governador Beto Richa PSDB Parana manda Policia massacrar manifestacao professores greve. Mais 100 feridos. Q absurdo.
politica	Nossa visto coisas estao feias manifestacao
politica	Quem manifestacao centro civico cuidado cm cavalaria PM
politica	Otimo manifestacao saida/entrada caieiras, adiantar super, continuem assim
politica	Bom diaaa Hj manifestacao contra governo PSDB #BetoRicha comecou cedo capital https://t.co/REfw1LC2KM
politica	Hoje manifestacao louca! Uma gritaria louca aqui
politica	"Querem respeitem religiao, proprios desrespeitam lei: ""e proibido ter qualquer manifestacao religiosa dentro trem""."
politica	"@gshow: Sem grana, aumento... nao ter kibe!"" Manifestacao pegando fogo! http://t.co/AkzOE3D25r #TapasEBeijos"""
politica	O cara simplesmente virou disse: Nao necessariamente existe esquerda direita manifestacao, existe pessoas qur concordam nao +
politica	Manifestacao professores hoje Sto.Amaro. .. Deve ser complicado professores ter https://t.co/m2Uvpl3Lq6
politica	Hoje assembleia geral Emesp relacao manifestacao amanha Assembleia Legislativa https://t.co/0VZIhXNU3P
politica	Viva luta trabalhadores! (@ Manifestacao-GREVE GERAL Professores Funcionarios Estaduais) https://t.co/Px3gYiQJwW
politica	Depois ficha cair, #PMPR querer fazer manifestacao contra roubo fundo previdencia, voces participaram disso!!
politica	Esses merdas ficam fazendo manifestacao, vao trabalhar
politica	Fiquei sabendo treta manifestacao professores
politica	@alexaguiarpoa estrategia concordo. Mas transformar historia (ainda+) partido, colocando imagem frente manifestacao oficial
politica	Casa cheia tarde decisao sobre recriacao Secretaria Fazenda Municipal, confira manifestacao: http://t.co/jwg9Oep9Yi
politica	Como manifestacao Centro Civico? #curitiba
politica	Jornalista esportivo tao vergonha falta fazer manifestacao nariz palhaco pedindo respeito... Nao, espera...
politica	RT @LAugusto456: Lembram manifestacao contra ex presidente Collor? Todos preto luto Brasil #ForaPT #VemPraRu
politica	50.000 professores protestando Sao Paulo amor Deus ultima manifestacao 400 professores nao ser Data PT, viu
politica	"RT @nine_janine: ""@requiaopmdb: Habeas Corpus Luiz Abi interdito proibitorio manifestacao professores. Vc concorda?"" nao!!!"
politica	Sera manifestacao coxinhas colocara contra liberacao tercerizacao, sera novo contra porra nenhuma?
politica	@MidiaNINJA Toda manifestacao indignacao contra farsa #GloboGolpistaRIP pouca. Assassina ditadura militar coveira Brasil!
politica	Lembram manifestacao contra ex presidente Collor? Todos preto luto Brasil #ForaPT #VemPraRua17Maio
politica	RT @rafaelwaraujo: O Boechat nao sabe significa pelego chama pessoal manifestacao hj Pelegada. Pelego faz qu
politica	Manifestacao d@s Protetor@s Animais frente casa Prefeito Goiania , cobrando https://t.co/2fsLt1V4Uq
politica	RT @zepedra1: @fodenella artigo 6 constituicao Federal, liberdade expressao manifestacao pacifica ideias... Vamos estudar
politica	Manifestacoes Brasil condenacao protestos: debate, legitimo? - https://t.co/wrJt79KAHJ // racional...
politica	E pessoal #Brasil mudou melhor??? #Manifestacoes #Protestos
politica	@Estadao: Em video, @dilmabr alfineta Beto Richa critica violencia coibir manifestacoes Roubar violencia tbm, senhora.
politica	RT @Kamila_Couto: Mentira disse dia 1deg maio criado homenagem manifestacoes trabalhadores. A https://t.co/Ga13a
politica	RT @alessan31436379: @luiza_erundina AGU continua liderando ranking proposicoes manifestacoes Camara.#PEC443 #PEC82 http:/
politica	@samalvesmusic Manifestacoes violentas gerando violencia :( #BaltimoreRiots
politica	Beyonce postou fotos manifestacoes estao acontecendo cidade Baltimore causa violencia policial. http://t.co/Y7ZuZLrmNs
politica	"Estamos 2015, amigos, historia ""black bloc"" infiltrado manifestacoes justificar violencia policial nao cola mais."
politica	As manifestacoes professores paranaenses poderiam, tranquilamente, ser paulistas, alagoanos... Brasileiros!
politica	Cara, mundo explodindo! Greves, manifestacoes, assassinatos. Sera dia ter fim proprio fim? Pensemos.
politica	sobre manifestacoes: lado beto richa bosta
politica	Meu primo professor Curitiba, petista participando manifestacoes entender
politica	@cunha_edison: PORQUE SO EXISTE ATOS DE VANDALISMO NAS MANIFESTACOES DO MST, PSOL, PSTU E PCdoB?UAI PQ SAO TODOS VANDALOS
politica	@acmacedo falar macedo uso caes pitt bul policia parana manifestacoes ontem
politica	"RT @CmteHamilton: Programa ""De Bracos Abertos"" , Prefeitura SP ainda gera manifestacoes Cracolandia, centro cidade. http://t.co"
politica	Meu feeds noticias fb lotado coisas sobre greve/manifestacoes professores
politica	dae galera manifestacoes domingos, camisa cbf, pedindo intervencao militar, massa sofazao casa???
politica	@dilmabr Acesso educacao? Greve professores, varias pessoas feridas manifestacoes, acesso educacao? Em pais vive?
politica	"Programa ""De Bracos Abertos"" , Prefeitura SP ainda gera manifestacoes Cracolandia, centro cidade. http://t.co/9jtv8Si5o4"
politica	Nas manifestacoes pedir intervencao militar selfie manifestantes, professores porrada tiro! Flw
politica	engracado ver diferentes formas falarem sobre luta movimento resistencia negra outras manifestacoes nao negras mundo
politica	Da agonia ver mae acompanhando manifestacoes, reacoes tudo mais.
politica	E massa Black Bloc apanha pais meio manifestacoes. Os caras querem auto-gestao saiu casa mamae ainda. kkk
politica	"@MendesOnca: Leticia Sabatella critica sombra terrivel fascista manifestacoes | Portal Forum http://t.co/bPM8ranp8C
politica	@g1brasil Aqui Brasil resolvem problemas atraves protestos manifestacoes, sera dia vamos saber fazer planejamento?
politica	Aqui Centro Civico capital todos Paranaenses continua manifestacoes pacificamente, https://t.co/1gol8qLFDK
politica	O Congresso ser dissolvido Leitura obrigatoria p/quem ker entender Manifestacoes rua Brasil. http://t.co/dSGsOUhBSh
politica	RT @egty: @willian_nog @TV_REVOLTA @RodP13 So ha baderna policia age, veja pacificas manifestacoes #ForaPT #ForaDil
politica	Vivo pais pessoas pedem p imprensa noticiar manifestacoes qd acontece, expulsam caras la. Povo bipolar, aff.
politica	A Globo errou Jornalismo, sim. Depois manifestacoes 2013, assumiu alguns erros. Mas entretenimento, nao falha
politica	Pessoas defendem #intervencaomilitar sao parasitas querem apropriar manifestacoes democraticas. Cretinos baixos sao elogios
politica	Lendo manifestacoes acreditam piamente havera golpe comunista Brasil, constato ha individuos serios problemas psiquicos.
politica	Nao entendeu @NetoMadneto1 apesar corrupcao Dilma impeachment existe voto majoritario Congresso. Ainda nao
politica	O Facebook protegendo Dilma/PT? E mesmo, gente? Isso confirmado, realmente???
politica	O Facebook censurando criticas Dilma? Que diabos isso?
politica	RT @TVBBnews: Seria Dilma obrigar povo assistir pronunciamento @AecioNeveszuero: @FabioPorchat querendo obrigar povo assi
politica	Fim tarde casa Dilma #turistando @ Palacio Alvorada https://t.co/qOEB4mGoQ5
politica	RT @alexaguiarpoa: O fato semana - Um brutais assaltos policiais protesto periodo democratico Brasil. http://t.co/0l
politica	O fato semana - Um brutais assaltos policiais protesto periodo democratico Brasil. http://t.co/0l4u1GxJWk
politica	Protesto SINTET praca girassois http://t.co/kNs9ZhVGei
politica	"Protesto ""professores"" comeco semana SP ataca predio historico. Professor? Video http://t.co/QRDBJhKQVo http://t.co/a2FbNNC4hk"
politica	RT @pedrorichter: @portalR7: Cinegrafista mordido pit bul PM durante protesto professores Parana http://t.co/FNJ8MI3Equ htt
politica	@portalR7: Cinegrafista mordido pit bul PM durante protesto professores Parana http://t.co/FNJ8MI3Equ http://t.co/6ELmq700ZC
politica	Reporter cinematografico atacado cao PM durante protesto professores PR http://t.co/kWUR7c5O43 #G1 http://t.co/ld6Vv82jRY
politica	De ideia mandar PM cobrir protesto professores Pit bull? Meu Deus
politica	A cidade Baltimore passando protesto civis. Li hoje cedo noticia sobre gangues rivais combinando atirar policiais.
politica	Protesto estados unidos igual brasil
politica	Mais negro morto policia e.u.a,ta tendo protesto povo saquiando tudo
politica	Impeachment, impeachment, impeachment sim palavra momento sim ferramenta https://t.co/UK4P19tx88
politica	@MichelTemer #FORA #FACCAOCRIMINOSA #CIROOLIVEIRA #MARIACELIARAIMUNDO #RODRIGOZOGAIB #PROCURACOES #DESAPARECERAM43DP @dilmabr #IMPEACHMENT
politica	@folha: Aecio convence tucanos Camara adiar pedido impeachment. http://t.co/EkJFl4M56e banana.
politica	PSDB nao dividido sobre impeachment, diz Alckmin http://t.co/qxHzPaFMLH
politica	@emirsader: E possibilidade impeachment, oposicao fazer perder eleicoes 2018?
politica	RT @Zoccoli16: Sociol.Adalberto Cardoso,UERJ,fala Folha sobre corrupcao, LavaJato, terceirizacao quer Impeachment #Globo50 http:/
politica	"RT @Zoccoli16: Sociol.Cardoso,UERJ:""Quem defende impeachment hj quer limpeza acabe!Sao corruptos."" #GloboGolpista50 http://t"
politica	RT @letraslimitadas: Leo Pinheiro, OAS, comecou explodir colo Lula. O impeachment Dilma parece iminente. http://t.co/hFGdi8r
politica	"RT @Zoccoli16: Sociologo Adalberto Cardoso, 53,UERJ: ""Quem defende impeachment hoje quer limpeza acabe!Sao corruptos."" http:/"
politica	"Sociol.Cardoso,UERJ:""Quem quer impeachment, quer limpeza acabe!Sao corruptos."" @stanleyburburin @turquim5 http://t.co/S6G5vPN8QK"
politica	"Sociologo Adalberto Cardoso, 53,UERJ: ""Quem defende impeachment hoje quer limpeza acabe!Sao corruptos."" http://t.co/S6G5vPN8QK"
politica	Impeachment interessa grandes companhias petroleo | Brasil 24/7 http://t.co/tFRnSqs8lt
politica	Prontos uma! Dias 4 5, eleicao delegados Congresso Uniao Nacional https://t.co/uxYXhkcgFD
politica	@rosalvobarsa votar bosta eleicao passada, pro Freixo nao ganhar, voto candidato nele caso extremo.
politica	RT @rpall57: Explicacao p/facistas TUCANATO vence eleicao votado aceitar nao pode pregar ODIO Q E CRIME. http://t.c
politica	Eleicao Recomposicao Sindicato Empregadas Domesticas (@ Rua Cidadania Matriz in Curitiba, PR) https://t.co/C3q3WEVq7z
politica	RT @danialvinegro: Povo Boa Vista, Roraima. Lembre bem desses vereadores zombam cara voces proxima eleicao. Corruptos safa
politica	RT @educacao_rio: @infraton: Corrupcao Brasil virou cultura http://t.co/aWfFFeHe7L E pura verdade. Isso acontece todo dia
politica	Nao sobra cordao corrupcao ! @Crescente_D: Policia abre investigacao sobre Joao Santana, marqueteiro PT http://t.co/VQcEeJ3MgG
politica	Em audiencia senado novo pres. Da Petrobras: A empresa reserva petroleo 18 anos 5 anos paga atuais prejuizos.
politica	Algumas fotos Aliocha Mauricio manifestacao desta sexta Centro Civico. Cerca 5 mil pessoas. http://t.co/I6NDv5ccQP
politica	eu, odeio tumulto, nao acho insulto manifestacao. (28/03/2015) @ Paulista Avenue https://t.co/ptDAgfYWlj
politica	Congestionamento zona norte POA. Manifestacao Movimento Camisetas Pretas favor aumento decibeis.
politica	Ta ridicula manifestacao policiais acham professores sao saco pancada
politica	Ainda tendo manifestacao horario ? Eu vi umas 10 caminhonete policia passando ali lado cep
politica	Ia ter manifestacao nao teve, reuniao professores, gente entro reuniao
politica	@requiaopmdb: Habeas Corpus Luiz Abi interdito proibitorio manifestacao professores. Vc concorda? nao!!!
politica	A essencia sabedoria transforma dor alegria, vejo milagre acontecer manifestacao poder...
politica	Ao sustentar-se interdito proibitorio manifestacao Centro Civico Paranaense , evidente conluio Poderes Estado !
politica	Manifestantes baderneiros? &gt;&gt;&gt; Eles estao indo guerra manifestacao??? #ForaPT #SOSBrasil http://t.co/6dfoKMXeqa
politica	@fodenella artigo 6 constituicao Federal, liberdade expressao manifestacao pacifica ideias... Vamos estudar
politica	Eu amo faculdade todos estao indo pras manifestacoes, professores
politica	@MendesOnca: Leticia Sabatella critica sombra terrivel fascista manifestacoes | Portal Forum http://t.co/bPM8ranp8C 2015-04-28 14:31:08
politica	Vejo Christiane Torloni lembro passei mao filho manifestacoes 2013 . MELHOR MOMENTO
politica	@willian_nog @TV_REVOLTA @RodP13 So ha baderna policia age, veja pacificas manifestacoes #ForaPT #ForaDilma
politica	@jornal_cultura atual governo alguma agenda p melhorar vida trabalhador p manter poder?
politica	Coitado povo FIES, moral, descaso governo
politica	Eu nao aguento governo pais! As coisas estao piorando. Isso comeco merda dar.
politica	Sobre Tucanada gosta, tirinha diz TUDO! Esta realidade sobre atual (Des)Governo https://t.co/0XyuiVH8FG
politica	RT @barbara_porto: @monicamartelli1 @barbaragancia VPP semana vem ir governo PR. Forca colegas profes
politica	Cotidiano brasileiro, causa indignacao, governo brasileiro deixa povo ilusao! @ cidade verde https://t.co/eEKM7WnXdO
politica	@monicamartelli1 @barbaragancia VPP semana vem ir governo PR. Forca colegas professores!
politica	@mariaribeirob @astridfontenell VPP semana vem ir governo PR. Forca colegas professores!
politica	Repudio acao governo contra professores
politica	Voce sabia 'Governo Goias' manteve-se durante 3 horas quarta-feira 29 Goiania Assunto Momento? http://t.co/tt3F33Nq8W
politica	@HeulerComH Ele deve ganhar boa grana governo ser deficiente, acho n controla pernas kkkkkkk
politica	Cade dinheiro deste pais??? Lixo governo. (@ Itau Capao Redondo in Sao Paulo, SP) https://t.co/ri3VIheIKC
politica	@AecioNeves Poupanca escola, 1600 unidades saude, recuperacao pavimentos rodoviarios, reducao custos, sao conquistas governo
politica	Governo Federal criar Bolsa #Propina desempregados efeitos operacoes Policia Federal Ministerio Publico
politica	Venho aqui expressar indignacao contra governo brasileiro contra professores, hoje professores alunos nao nada
politica	Querem culpar policia? Tem ser cima, mandam (e governo claro). Nao peao faz preso
politica	E serio isso? Tem rir nao chorar, ne? Qualquer saberia tinta, NOJO Governo LIXO! http://t.co/n0yRazlCh9
politica	Como governo Parana deixa caes racao, perna robusta jornalista serve! Isto aconteceu ontem! http://t.co/zGFPVex9KQ
politica	governo sao paulo (PSDB) processa professores obstrucao via publica
politica	governo Sao Paulo PROCESSA professores
politica	Na escola governo, professores podem pregar revolucao comunista nao saem jeito nenhum.
politica	A inflacao provocada proprio governo represar precos combustiveis energia @anaamelialemos reuniao CRA
politica	A unica coisa sinto neste momento vergonha alheia, governo ataca, agride, nao ESCUTA https://t.co/35zUCIM2Ml
politica	Vergonhoso atitude policiais governo,triste saber professores estao correndo perigo #BrasilComOsProfessoresDoParana
politica	Grande @TulioMilman. DIREITO DE PERGUNTAR: Blasfemar contra governo hora declarar imposto renda pecado??? Sensacional!
politica	'Governo Goias' apareceu quarta-feira 29 ocupando 20o posicao Top20 Assuntos Momento Goiania: http://t.co/tt3F33Nq8W
politica	RT @Nelsonfsilva1: @GeraldodeMorais O combustivel governo corrupto imposto pago contribuinte.
politica	Policia militar governo Curitiba massacrando professores. Isso #PatriaEspancadora ! Policiais deveriam ir presos. Cade D. Humanos?
politica	RT @gnatalini: Com medo panelaco Dilma nao quer falar TV 1o Maio. Encastelada poder. Governo moribundo! Eita PT!
politica	Vergonha -&gt; Guerra professores governo Parana provoca 213 feridos, inclusive jornalistas https://t.co/cFQWeprQ8J
politica	@folha governo faser controle social droga vicio maligno, Jesus liberta, oracao satanas sai pessoa vicio sai.
politica	Ratinho falou tudo! Ta faltando governo preocupar precisa nao superfluos!
politica	Ninguem sabe cortes Dilma fez...Impressionante mentiras desde governo ai..#JG
politica	RT @marinalvaarauj8: @celsorussomano_ nome todos obesos peco rejeite #Rec261_13 #PL2431-11 siga senado. Obesi
politica	RT @marinalvaarauj8: @Domingos_Neto peco represente rejeite #REC261_13 #PL2431_11 siga senado. O senhor pode
politica	RT @marinalvaarauj8: @DeputadoBacelar favor rejeite #REC261_13. #PL2431_11 siga senado.
politica	RT @marinalvaarauj8: @AndreMourapsc_ precisamos rejeite #REC261_13 # PL2431_11 siga votacao senado.
politica	RT @marinalvaarauj8: @juniormarreca peco rejeite #REC261_13 # PL2431_11 siga votacao senado.
politica	RT @marinalvaarauj8: @sarneyfilho ajude rejeite #REC261_13 # PL2431_11 siga votacao senado. Chega descaso
politica	RT @marinalvaarauj8: @Jovair1414 peco rejeite #REC261-13 #PL2431-11 siga senado obesos precisam tratamento urgente.
politica	RT @marinalvaarauj8: @RubensBuenoPPS peco encarecidamente rejeite #REC261-13 #PL2431-11 siga senado . Obesos agrade
politica	RT @marinalvaarauj8: @DepQuintella favor rejeite rec 261/13parapl2431 siga senado. Obesos agradece.
politica	Depois fala Renan TV Senado dias Dilma ainda serao piores!
politica	@cartacapital A prioridade camara senado nao estao sintonia sociedade!!! Fecha problema: Petrobras,Obras PAC ie
politica	RT @marinalvaarauj8: @mendonca_filho peco ajude obesos rejeitando #REC261_13 #PL2431_11 siga senado aprovacao.
politica	RT @marinalvaarauj8: @DepQuintella piedade obesos rejeite #REC261_13 #PL2431_11 siga aprovacao senado.
politica	Ironicamente epoca derrubando todas conquistas agravante Pl terceirizacao votacao senado
politica	Vim visitar bandidos Congresso Senado https://t.co/aRCPyuWYV8
politica	E bom ver caras pegando, nunca imaginei ver Renan Calheiros, presidente senado batendo Dilma PT...Incrivel #JN
politica	A Dilma maus lencois, ontem criticada presidente camara, hj presidente senado...Ela colhe campanha leviana. #JN
politica	"Confronto Parana gera embate petista tucano Senado. http://t.co/vd4SsUoFJR"""
politica	RT @marinalvaarauj8: @LuisTibe rejeite rec 261/13 parao pl2431/12siga ser votado senado favor obesos podemos contar s
politica	RT @marinalvaarauj8: @DepQuintella favor peco rejeite #REC261_13 #PL2431_11 siga senado . Obesos estao tratamento
politica	RT @marinalvaarauj8: @DepQuintella rejeite #REC261_13 #PL2431_11 siga senado. Sos obesos tratamento ha 4 anos.
politica	RT @marinalvaarauj8: @BrunoAraujo4511 favor rejeite #REC261_13 #PL2431_11 siga senado depende voces termos n
politica	RT @marinalvaarauj8: @mendonca_filho rejeite #REC261_13 #PL2431_11 siga senado. Obesoa medicamentos necessario tratame
politica	RT @marinalvaarauj8: @celsorussomanno favor peco ajude rejeitando #REC261_13 #PL2431_11 Siga senado.
politica	Reuniao Comissao Constituicao, Justica Cidadania Senado. @ Comissao Constituicao, https://t.co/nCRRSBhCiL
