politica	RT @freire_roberto: Não entendeu @NetoMadneto1 que apesar da corrupção da Dilma impeachment só existe com voto majoritário do Congresso. Ai				
politica	RT @freire_roberto: Não, @sarolijr enquanto espero luto para que aconteça. Vide nossa oposição ao desgoverno Lula/Dilma. @diegoescosteguy				
politica	RT @letraslimitadas: Dilma anuncia que baixou o litro da gasolina para 550 ml.				
politica	"RT @gnatalini: Dilma fugiu de falar aos brasileiros. Temer fugiu de evento em R. Preto. Governo ""popular"" é assim!"				
politica	"RT @as_sousa: ""@MariaLCAb: Dilma vai vetar abrir a caixa preta do BNDES. Vamos exigir a abertura."" #CPIdoBNDES"				
politica	@vaniaborba agora vamos falar sobre o impeachment da dilma				
politica	RT @andreoertel: Contas da reeleição de Dilma podem ter irregularidade grave, diz ministro do STF http://t.co/Snn1Eyq6LN http://t.co/5gqZ6f				
politica	@joao_pedrolg @Cruzeiro_News SE TIVEMOS O MENSALÃO LIGADO AO LULA; SE TEMOS O PETROLÃO LIGADO A DILMA E AO PT, O EURICO ATÉ QUE COMBINA!!!				
politica	RT @gnatalini: @GarrinchaBrasil @mirandasa @freire_roberto   Que o Face para de censurar os opositores de Dilma/Lula/PT, nesse dia da Liber				
politica	Nem na ditadura http://t.co/uyb5zzJOX5 via @o_antagonista [Nem na ditadura @SenadorCaiado. Petrobrás destruiu Áudios e Vídeos por Dilma]				
politica	RT @gnatalini: O Facebook está protegendo a Dilma/PT? É isso mesmo, minha gente? Isso está confirmado, realmente???				
politica	RT @gnatalini: O Facebook está censurando críticas à Dilma? Que diabos é isso?				
politica	RT @mariosabinof: Sonho do PT: Dilma, no Alvorada, fumando charuto e vendo novela, com 200 milhões no Bolsa Família e cubanos receitando as				
politica	ADOREI! RT@zerohora: Grupo protesta diante do apartamento de Dilma Rousseff em Porto Alegre: http://t.co/rN264qyjTK http://t.co/RuIU7SFh6F				
politica	RT @BolsonaroSP: Se Dilma fosse ouvir as vozes da rua teria saído da presidência ontem. Fonte: O Globo online. http://t.co/lC1mwbx5MM				
politica	"RT @as_sousa: ""@danischwery: Marqueteiro de #Dilma e Haddad é investigado pela Polícia Federal http://t.co/5w0ZoMmlL2"" [o homem de 6 presi"				
politica	RT @ECantanhede: Tudo o que Dilma não precisava era de mais uma crise. Pois é...				
politica	Essa economia da Dilma/PT é decepção, telejornais só mostra o povo roendo osso.. #JN				
politica	O bandido mor, Lula, deveria se preocupar consigo mesmo e não com Dilma, porque quem está prestes a ir pra cadeia é ele! #ForaDilma				
politica	"Hoje... No Fort... É meu povo isso é a ""CrisE"" ... A culpa é da Dilma!!!   @ Palhoça - Sc https://t.co/kyMTL0xqzN"				
politica	RT @nalves_st: Não tem preço ver o Jornal Nacional recorrer ao youtube pra exibir o video de Dilma se pronunciando no#DilmaDoTrabalhador				
politica	@JornalOGlobo @dilmabr que decepção dilma em vergonha obrasil				
politica	"RT @lspoeira: Modesto Carvalhosa mostra que o ""pacote anticorrupção"" da Dilma acabaria beneficiando corruptos - http://t.co/ufsrboPtfz (v. "				
politica	RT @gnatalini: Será que o Facebook censurou a pedido da Dilma?				
politica	@freire_roberto  não temos situação política para o impeachment? Tudo o q está acontecendo é o que? Pra mim e falta de interesse de todos!				
politica	Olhando o fantástico falar sobre política de outros países, cada vez me decepciono mais com a nossa política porca!				
politica	RT @Mleitaonetto: Gilmar Mendes devolverá em junho ação contra doação de empresas a partidos http://t.co/IcfcDceMPj				
politica	RT @villa13013: i) Isso aí @tarsogenro o neoliberalismo necessita d 1 dinâmica anti- democrática e de criminalização da política p/ impleme				
politica	Juscelino foi o melhor presidente que o Brasil já teve, por sua habilidade política, por suas https://t.co/gVZL4esCcT				
politica	RT @freire_roberto: Mas claro que buscamos ser alternativa ao PT e PSDB, @faydeazevedo nossa aliança com candidaturas Campos				
politica	RT @marisa_lobo: @Roxmo @leandrobecker @Jorgebertuzzi @DaniloGentili  O PT usou os professores essa é a verdade.Eles foram massa de manobra				
politica	Como diz o malandro, o PT tem o espírito de mulher de polícia, gosta mesmo é de apanhar, derrama dinheiro na @RedeGlobo e ela o difama.				
politica	TEMOS QUE ENTENDER, QUE FHC FEZ O PLANO REAL E TINHA PODER DE COMPRA. HOJE O PT DESTRUIU TODA NOSSA ECONOMIA... http://t.co/ljsVP2Mibv				
politica	#AjustarParaAvançar avancar para aonde,para o retrocesso com a economia furada,pela incompetencia do pt?				
politica	@BlogdoNoblat haja decepção com o PT e com Lula.				
politica	O PT não tem plano para 2018. Seu principal líder esta sendo investigado e pode ser preso. Como assim? Plano p/ 2018?!				
politica	"@claudiotognolli: Lula:Sabemos que os 4 maiores inimigos do PT são 3: as revistas Veja e Época"""" [Lula, dá palestras mas ñ indica livros]"				
politica	"Esses ""conselhos populares"" virou um cavalo de Tróia, exemplo dos professores do Paraná e SP....O PT os usa p atacar governos rivais."				
politica	The New York Times: o ambiente político do Brasil estremeceu na sexta. A notícia vem num período difícil pra PT http://t.co/yrDxQgRPdP				
politica	O PT é um erro enquanto partido e um sucesso estrondoso como organização criminosa.				
politica	@bminolli: Fica claro que, financeiramente, é melhor para um país ser destruído por um terremoto do que ser administrado pelo PT. Verdade!				
politica	RT @freire_roberto: Não sobra um no cordão da corrupção ! @Crescente_D: Polícia abre investigação sobre João Santana, marqueteiro do PT ht				
politica	É sério? Tem um sujeito aí da família dos   Caninos que diz que o protestos dos professores no PR é para desviar foco da corrupção do PT?				
politica	@aleiarodrigues é foda. Justiça e prisão é para os pobres. 8 dos 11 juízes do STF são do PT.				
politica	@meg_thai e ninguém dar publicidade a isso. O governo não é do PT então não interessa.				
politica	RT @freire_roberto: Desculpe @castelodeagoura nesse sentido você está certo. Falta uma direta no pais para disputar eleição. Basta de gover				
politica	Protesto no Rio !!#foradilma @ Corcovado  -  Rio de Janeiro https://t.co/zJCHm746DP				
politica	Dilma é recebida com protesto em visita a ex-marido no RS http://t.co/Lf2d5FOSZs via @veja bom. Bom				
politica	Qual o problema dessas pessoas que qualquer coisa faz protesto? Exceto os professores.				
politica	Protesto para uns é levantarem placas...				
politica	CE JURA RT @g1 'Sangue' em foto viral de PM após protesto de professores é tinta, diz polícia do PR #G1 http://t.co/kxgeDyznyb				
politica	"RT @alexaguiarpoa: ""Protesto"" de ""professores"" no começo da semana em SP ataca prédio histórico. Professor? Vídeo http://t.co/QRDBJhKQVo ht"				
politica	Nem foram os professores q jogaram as pedras foram adolescentes se fosse um protesto só com professor isso não teria acontecido				
politica	Tava olhando vídeos do protesto de professores em Curitiba. Chocado com a truculência e covardia da PM! E o pessoal governo achando massa...				
politica	"Neste momento protesto em frente ao Congresso Nacional com milhares de jovens no ""3 Festival da https://t.co/PRkahXDkt1"				
politica	@fercuria @joaogabrieeeel Não sou cego por ideologia. Consigo enxergar injustificável ação policial e bandidos infiltrados no protesto.				
politica	@joaogabrieeeel Olha este cartaz ontem no protesto em Curitiba. O que está escrito nele? Não era causa do magistério. http://t.co/983jMK4oft				
politica	"CRIMINOSA ação da policia do PR, mas ali não tinha só professor com propósito único de protestar em paz. Tinha ""profissional"" de protesto."				
politica	@Ary_AntiPT @BoechatBandNews  o mérito o movimento até vale, mas isso não é protesto e panfletagem esquerdista, perdeu o respeito.				
politica	Não importa qual a sigla dele, esse Beto Richa é um babaca se ta repreendendo protesto pacifico n só black blocs				
politica	Extremamente revoltada com o protesto de ontem dos professores. Um absurdo eles terem sido tratados de tal maneira.				
politica	Protesto que pede Intervenção Militar é tratado com Educação. Protesto que pede Educação é tratado com Intervenção Militar. Confere ?				
politica	Tem uma galera que acha mesmo que protesto de professor é somente ideológico e não é por causa do descaso do Estado com estes profissionais.				
politica	@roberta_jorn @nelsonRFarias Não acreditam, apenas não há iniciativa popular com a contundência devida. Protesto em tom de passeio não rola.				
politica	Bem que a PM do Paraná poderia tomar a atitude da PM de Amazonas como exemplo e se unir aos professores. @brasilpost http://t.co/nHpQccItFa				
politica	Essas pessoas que não tem nada com o protesto e tão só por bagunça tem que levar mesmo, não tem noção do que tá acontecendo				
politica	Tipo HELICÓPTERO JOGANDO BOMBA DE GÁS EM PROFESSOR NO PROTESTO				
politica	PSDBOSTA NUM EXISTE PROTESTO NÃO EXISTE DEMOCRACIA @ Centro Cívico Curitiba - PR https://t.co/3dhWPNNHbp				
politica	@lucasferp não me leva a mal não, mas pra black bloc entrar em protesto de categoria e porque eles aceitaram.				
politica	@wemersonta @arnaldobranco protesto e não trabalhar, carro de som, ir pras ruas não baderna, invadir e baderna sim.				
politica	Eu sou estudante do estado do Paraná, no começo do ano ficamos 29 dias d greve fui no protesto em Foz, e acho que isso tudo vai se repetir!				
politica	@milakleye sim até porque, sendo um bando de professor, professor tem o mínimo de orientação pra ser civilizado em um protesto				
politica	@folha Bem no estilo PSDBista de governar, mais um comediante no poder - quero um protesto com os PM do impeachment.				
politica	RT @welingtonfortes: De quem foi a idéia de mandar os PM cobrir o protesto dos professores com Pit bull? Meu Deus				
politica	Genteee que horror essa covardia com os professores. Que pais é esse que diz ser democratico, onde um protesto acaba em judaria.				
politica	Até pq com certeza os governadores vão se sensibilizar com o protesto pacífico do professor herói que mata um leão por dia.				
politica	Quanto o protesto era pedindo intervenção militar tinha paz e selfie com policial, agora quando é ajuste de salário tem porrada				
politica	Fui no protesto lá na frente, cheio das marca das bomba e tiro.				
politica	fico triste vendo essas fotos do protesto no Paraná! :(				
politica	A pessoa faz concurso lá tem o valor que vai receber ,ela passa e fica fazendo protesto para ganhar mais, si acha pouco não faz o concurso				
politica	RT @carolinaw_: sobre a violência no protesto em Curitiba: @BetoRicha miga assim não da pra te defender (nunca deu)				
politica	Os professor falta e depois vão na paulista fazer protesto				
politica	. protesto de coxinha a pm quadruplica o numero de pessoas. De estudantes ou professores nunca tem mais de 100 pessoas.				
politica	Protesto que é protesto é esse dos EUA, devia acontecer isso em Brasília, RJ e em SP. Não no Jd. Tremembé, no Morumbi, em frente ao Palácio.				
politica	protesto no centro aqui na frente da sefaz é quase todos os dias, daí eu pergunto..  vcs não trabalham seus bando de filho da puta?????				
politica	Ontem ouvi de um motorista de taxi....protesto pacífico não é protesto. É marcha para Jesus.....				
politica	"O bom é ciclovia... ""@viatrolebus: Haddad enfrenta protesto por ônibus no meio de sua aula http://t.co/7l4JeAzDLX #SPTrans"""				
politica	RT @LelexDutra: @Estadao: Sob protesto, Temer deixa feira agrícola no interior de SP sem discursar http://t.co/iBq0J8Psnv http://t.co/sT4F				
politica	RT @PaulaFe37171633: Meu protesto é : que haja mais empregos, menos cobranças de impostos na compra de comida, menos aumento das passagens				
politica	Em meio a protesto, Temer deixa evento em SP sem discursar http://t.co/hfV5hBMXmG				
politica	Sob protesto, Temer deixa feira agrícola sem discursar no interior de São Paulo.   Não é hora de impeachment,mas sim de renuncia				
politica	To ouvindo o protesto dos professores aqui de casa				
politica	Protesto de novo, quem é que aguenta? Ta louco  (@ Terminal da Vila Angélica - @transitourbs in Araucária, PR) https://t.co/bPifpaj3vL				
politica	É impressão minha que esses professores já estão fazendo protesto essas horas da madrugada?				
politica	@willian_nog @RodP13 @TV_REVOLTA + no protesto, mas sem máscara, sem se vestir pra batalha, com respeito a população e ao patrimônio.				
politica	RT @SuCidreira: @ReginaSalomo  @RedeGlobo  @twitter @TwitterBrasil  Eta @twitter ! Mas ñ vai adiantar O protesto é pra sempre #GloboGolpist				
politica	@rederecordtv , podia colocar as imagens do protesto contra a sua concorrente #GloboGolpistaRIP, só um pouquinho.. https://t.co/dZOtlwOZVI				
politica	Tomara que amanha tenha protesto				
politica	@alexchina_0_: Protesto dos professores contra Alckmin e Rede Globo reúne 60 mil pessoas no centro de SP: http://t.co/p9J8cXhVYo				
politica	Povo quer exigir que a Globo cubra o protesto contra a Globo sendo que, se a Globo chega num protesto anti-Globo, eles tacam pedra na Globo.				
politica	@freire_roberto com todo o respeito, eu não vejo ação e nem mobilização do congresso. É um jogo para disputar um poder, e o Brasil agoniando				
politica	RT @viviantorigoe: triste demais o tanto de 0 atenção e mobilização em defesa dos professores. estou curiosa pela tv falando dessa barbárie				
politica	@DelsonChavesDal O aparelhamento é muito forte, PT enraizou-se p todo lado, só a mobilização da população pode mudar esse panorâma...				
politica	Dia de mobilização para derrubada do veto do Observatório da violência contra mulher, projeto da Dep.... https://t.co/AdG9JYcN0f				
politica	RT @freire_roberto: Se fosse questão de procurar milhôes brasileiros já tínham achado @maurocels vai depender de muita mobilização popular/				
politica	Precisamos sair do estado da reclamação para o estado da mobilização. - @marlonreis				
politica	Feriado sem manifestação pró impeachment, tô até emocionada.				
politica	Já vamos ter passeata pro impeachment do Lula, semana que vem? Me avisem pra colocar minha camiseta da CBF pra protestar contra corrupção				
politica	"@jornal_cultura o PMDB estaria timidamente reduzindo a credibilidade da presidente p forçar um impeachment e assumir o ""trono""?"				
politica	RT @_pierremichel: Impeachment da Dilma vocês querem, mas do Beto Richa ninguém fala nada?				
politica	RT @jonatasdepaula: Boato de que Beto Richa teria sacado dinheiro do Paraná Previdência antes da lei autorizativa. Se confirmar, impeachmen				
politica	@AecioNeves 4 mandatos de deputado federal, cumpridos com seriedade. Um dos responsáveis pelo impeachment de Collor, homem honesto				
politica	@Tatiweigert @thiagodottori mas aquele ato é passível de impeachment, no que está na lei? Pergunto pois desconheço a lei				
politica	@cunha_edison: PORQUE NÃO EXISTE ATOS DE VANDALISMO NAS NOSSAS MANIFESTAÇÕES DE RUA PELO IMPEACHMENT E FORA DILMA? UAI PQ SOMOS DECENTES				
politica	"ELE SÓ NÃO MANDA FAZER ISSO NAS MANIFESTAÇÕES PRÓ IMPEACHMENT PORQUE A MAIORIA VAI COM CAMISETINHA E BANDEIRINHA ESCRITA ""fora PT e leve..."""				
politica	RT @canaldamancha1: @MichelTemer #FORA #FACÇAOCRIMINOSA #CIROOLIVEIRA #MARIACELIARAIMUNDO #RODRIGOZOGAIB #PROCURAÇOES #DESAPARECERAM43DP @d				
politica	RT @LelexDutra: @veraalmeida52  respeito muito o Aécio Neves, mas acho a posição dele covarde tem zilhões de motivos pro impeachment dessa				
politica	RT @LelexDutra: @folha: Aécio convence tucanos da Câmara a adiar pedido de impeachment. http://t.co/EkJFl4M56e banana.				
politica	Bobagens ditas por Magnoli no #RodaViva  -PT é de direita -Não há motivo para impeachment -O governo de Israel é o maior inimigo de seu país				
politica	"RT @Zoccoli16: Sociól.Cardoso,UERJ:""Quem defende o impeachment hoje quer que essa limpeza acabe!São os corruptos."" http://t.co/S6G5vPN8QK #"				
politica	RT @elianadeolive14: Não é hora de impeachment, dizem juristas - Política - Geral - Estadão Mobile http://t.co/tlcrPgp4tu O povo vai contin				
politica	#Impeachment #já				
politica	Não é hora de impeachment, dizem juristas - Política - Geral - Estadão Mobile http://t.co/tlcrPgp4tu O povo vai continuar sangrando ?				
politica	"RT @letraslimitadas: ""PSDB não está dividido sobre impeachment, diz Alckmin"" http://t.co/qxHzPaFMLH"				
politica	Com as taxas de desemprego nas nuvens, será difícil o PT escapar do impeachment via povo nas ruas				
politica	Já pensou q louco, Xanxerê fazer impeachment da Dilma, enquanto ela estiver la				
politica	@BalestrinDagmar verdade! Qlqr politico q for a favor do impeachment, eu estou dando valor!! Motivos não faltam!!!				
politica	PSDB põe o bloco do Impeachment na rua. O projeto é pedir impeachment ... DOS OUTROS ... Assim como corrupção ...  https://t.co/jSyZ38hMBJ				
politica	Alckmin surtou de vez e põe a culpa do SEU desgoverno no PT.  Histérico. Impeachment com urgência! #GloboGolpistaRIP http://t.co/jXTTbcNAXl				
politica	@g1 PSDB já está contatando a oposição para indicar seus advogados que protocolarão alguns pedidos de impeachment.				
politica	@JornalOGlobo: Há 16 anos, Lula pedia impeachment e governo acusava golpe. http://t.co/b6zfh9NLZ6 http://t.co/VlPteysfHg AGORA INVERTEU!				
politica	Correio Braziliense continua sua campanha infame p/impeachment, veiculando mentiras, calúnias e subvertendo a ordem. Pedem seu próprio fim.				
politica	"RT @pablo_grilo: Há 16 anos Lula pedia impeachment e PSDB acusava ""golpe"" ¯\_()_/¯ http://t.co/WdUv0CApLa"				
politica	Na próxima semana o PSDB vai protocolar na câmara o pedido de impeachment da petralha. Até que enfim!				
politica	O que é o pior? Presidente? Vice? Impeachment?...  https://t.co/zq6knK8mF6				
politica	"RT @paulacfortes: ""@emirsader: E sem a possibilidade do impeachment, o que a oposição vai fazer até perder as eleições de 2018?"""				
politica	RT @ArimateiaMacedo: Marcone Perilo, Tasso Jereissati e Geraldo Alckmin são alguns líderes do PSDB que engrossam o coro anti impeachment. h				
politica	RT @letraslimitadas: Léo Pinheiro, da OAS, começou a explodir no colo de Lula. O impeachment de Dilma politica			Até quarta feira sai pedido de impeachment na câmara http://t.co/eGTZd9BssO	2015-04-26 19:41:22
politica	Depoimentos na reportagem dizem que Lula era contra impeachment. @JornalOGlobo diz no título q Lula pedia impeachment http://t.co/BUrnPqGUCW				
politica	RT @ENICOMARTINS: @MarceloPintoBA @DCM_online  É o próprio governo patrocinando o golpe através de um dos propagadores do impeachment. Quer				
politica	Impeachment quem lembra				
politica	"RT @melosfera: @turquim5 @RodP13 Na @folha : FHC tb ""pedalava"", isso é normal...  Q houve? Desembarque do impeachment, nesse caso?  https:/"				
politica	@JornalOGlobo: Há 16 anos, Lula pedia impeachment e governo acusava golpe.  http://t.co/7hB1eR02fH http://t.co/V4FYgFC4Jf@diImabr				
politica	A folha  hoje  um sociólogo de merda falando contra o impeachment de Dilma a folha em pânico pelo PT #ForaPT http://t.co/e8Vecriiz7				
politica	Impeachment hoje serve a corruptores e corruptos- boa entrevista com o Professor Adalberto Cardoso. http://t.co/OeByF5gcPF				
politica	"RT @galaxyranger81: ""Impeachment interessa às grandes companhias de petróleo"" | Brasil 24/7 http://t.co/tFRnSqs8lt"				
politica	RT @gilmardarosa: Marcha que partiu de São Paulo pra Brasília pelo impeachment da presidenta @dilmabr , os eruditos do bem.#SQN http://t.co				
politica	@folha: Painel: PSDB consulta outros juristas sobre viabilidade de impeachment de Dilma. http://t.co/5RkffTodIV NÃO SABE PERDER!				
politica	Como o PSDB é recalcado! Perderam as eleições presidenciais de 2002, 2006, 2010 e 2014, e ainda insiste no Impeachment! Dá licença mano!				
politica	RT @galaxyranger81: PSDB é a favor da terceirização, contra o Mais Médicos, a favor da abertura do Pré Sal, a favor do impeachment! São con				
politica	Ao brigar pelo impeachment de um governante, precisamos ter em mente que o próximo que assumir poderá exigir mais sacrifícios.				
politica	O impeachment do Collor em 1991 foi influenciado por um série da globo de 1988? Foi isso que eu ouvi Bial?				
politica	RT @PaulaBeiro: Posição do PSDB sobre impeachment será tomada com cautela, diz Aécio Neves http://t.co/rmkTvBYDou http://t.co/eaTPJXtP89#G				
politica	Desculpe @castelodeagoura nesse sentido você está certo. Falta uma direta no pais para disputar eleição. Basta de governar por meio do PT				
politica	Por que os cidadãos brasileiros não pensam em mudança e se indignam na época da eleição?				
politica	Martaxa saiu pois pensa q pode ganhar a eleição. Não pode. O povo não esquece quem lhe enfiou 1 nabo, digo aumentou imposto. Radad idem viu.				
politica	RT @alonsopvt: Em qualquer pais sério não existiria, aqui ganhou a eleição respaldado por 53MI de apoiadores e 39 MI de omissos http://t.co				
politica	As vezes eu leio manchete da @cartacapital e parece que estou lendo a capa da @VEJA... PSOL de olho na eleição dá rasteira até na mãe				
politica	Sindicalistas no Talk Show falam da negociação salarial dos metalúrgicos e eleição sindical. http://t.co/biE9f277g5 http://t.co/a7EtbgVqXe				
politica	@folha Alguém pode dizer a este senhor que ele perdeu  a eleição!				
politica	Época da eleição p gnt era momento de curtir colocar p fuder msm				
politica	RT @villa13013: Enquanto fez um discurso p/ ganhar eleição e pratica bem diferente no governo, #seguranca gov #Sartori tá #Caotica . http:/				
politica	@izzynobre acontece q hj tem mt petista brabo c o partidão e faz volume,+ na eleição os caras voltam que nem marido traído que perdoa mulher				
politica	@adrianafialho6 ele afirmou no programa dele que a Dilma não mentiu na época da eleição				
politica	Explicação p/facistas e TUCANATO vence eleição quem é mais votado tem q aceitar e não pode pregar o ÓDIO Q É CRIME. http://t.co/VWOL2akGtP				
politica	Aqui na eleição deu 90% contra ela, @SenadorCaiado . Nois e caipira mais num e bobo não,  so! https://t.co/cvCGwgXhNq				
politica	Povo de Boa Vista, Roraima.  Lembre bem desses vereadores que zombam da cara de vocês na próxima eleição. Corruptos safados.  #Fantastico				
politica	RT @gomesdudis: To esperando a eleição do primeiro operário presidente e da primeira presidenta no espetáculo da Globo ai :v #50AnosDeGolpe				
politica	Meus pais achando graça do vídeo do Lula na Academia. Logo relacionaram com a eleição. Tremei tucanada, tremei.				
politica	[26/4 00:14] Marcos Mendes: Queria que hj fosse dia de eleição só pra eu lacrar o 13				
politica	Desculpa, mas a eleição de duas lideranças populares para a presidência foram um dos maiores marcos do Brasil na última década				
politica	Beto Fica esse era o slogan do adesivo colado na camisa e nos carros de muitos professores na última eleição... https://t.co/YYmdU98ldG				
politica	A @RedeGlobo tentou manipular o resultado da Eleição Carioca em 1982. Brizola não permitiu. http://t.co/4OUpaO78gs				
politica	@freire_roberto por isso é falta de interesse de todos. À oposição não tem o q eles querem. E q a corrupção está nas entranhas do congresso.				
politica	RT @tadeuveneri: Bom dia, agora no Largo da Ordem manifestação contra  perseguição aos jornalistas ameaçados por matéria s/ corrupção no Go				
politica	@RomarioOnze e o #ForaDilma #ForaPT [O país unido contra o maior esquema de corrupção da história da humanidade]				
politica	@walmirnff @amoaparaiba @infraton Tudo gera corrupção. Um paralelepípedo no chão que custaria 300 reais, o governo cobraria 10mil. +- isso!				
politica	@infraton: Corrupção no Brasil virou cultura http://t.co/aWfFFeHe7L É a mais pura verdade.  Isso acontece todo dia com marginais!				
politica	RT @AnnaLuGama: @turquim5 estão apavorados porque não conseguem tirar o PT do poder. Não estão incomodados com corrupção coisa nenhuma. #Di				
politica	RT @ANTONY_CARLOS: #PT repudia em nota a prisão do tesoureiro PTralha...  E depois fazem propaganda eleitoral dizendo q estão acabando com				
politica	A manifestação Fora Dilma e contra a corrupção , leva as ruae milhares de pessoas e a Globo não usa essa expressão , fala só números frios.				
politica	Uma corrupção sem limites				
politica	Será algo importante para o quadro político no BR @wellingtonmoura e resgatará a esquerda do enxovalhamento que sofre pela corrupção gov.PT				
politica	RT @marisa_lobo: Delegados da PF e movimentos contra corrupção fazem ato de apoio a juiz da Lava Jato http://t.co/9mBPKgQHQX http://t.co/Ff				
politica	O Brasileiro reclama da corrupção e acha que tem direito de pegar a fila do caixa rápido com o carrinho cheio.... https://t.co/3OOfvqICry				
politica	Todas as sujeiras que o PT faz tem o selo PSDB de qualidade. Mesmas práticas. PSDB nunca vai derrubar o PT pela corrupção.				
politica	RT @rosacrossi: Juíz perito em injustiça. ...É corrupção. .pratica tudo http://t.co/PHqpj7IMKo				
politica	@HumanizaRedes Viva a Rachel,fora corrupção,fora DILMA.				
politica	Pt e suas empreiteiras estaladas no brasil, nos Estados e Municípios gerando corrupção.				
politica	RT @Iuri_siviero: @PSDBiloide: DEM(1°) e PSDB(3°) no topo do ranking dos mais corruptos.E ainda organizam marcha contra a corrupçao! #Marc				
politica	E o prêmio? @MirandaSa_ Na corrida louca para tapar os rombos da corrupção,nem Mega-Sena /TmeMania são poupadas:aposta ficará 40% mais cara				
politica	Polícia Civil indicia três auditores da Agefis por corrupção passiva - Cidades DF - Correio Braziliense http://t.co/uIs9UdJ4mr				
politica	De que adianta ser presidente e só fazer parte da corrupção.?				
politica	É justifica roubalheira? #nojo @Estadao: Corrupção no Brasil tem a mesma idade que a escravidão, afirma @Dilmabr http://t.co/zno0QOAHQt				
politica	@valor_economico  Só três?!  Se procurar tem muito mais nesta esfera!  É o país da corrupção!  Fora Dilma  Fora Lula  Fora PT				
politica	Silêncio da presidente vem da crise advinda de sua administração, marcada pela falta de planejamento e por inúmeros escândalos de corrupção.				
politica	Se vc acha que o financiamento público diminuirá a corrupção, saiba que onde ela é menor, o financ. privado é aceito. http://t.co/EVyNDTD5J0				
politica	Dia da Corrupção,imagine esse dia,sendo feriado.Como reagiria o comércio ? O Turismo?Quem sabe :Visite uma torre da Petrobras.Crie p o tema!				
politica	"Teríamos depoimentos fantásticos,para tentar a aprovação deste projeto,quem sabe,por unanimidade.""Dia da Corrupção""A briga por ser o mentor"				
politica	#UmSonhoQueAindaNaoSeRealizou um país sem corrupção /sem Dilma				
politica	"Acho que o Brasil ,de tantos feriados ,já pode solicitar mais um com méritos,por grandes serviços prestados  : ""Dia da Corrupção""."				
politica	@oceguinho ta mais fácil um semestre para o governo e outro semestre para a corrupção #tadificil #mudaBrasil				
politica	Imagine que louco ter aqui no Brasil também pena de morte por tráfico e por corrupção?				
politica	RT @riccsy: Quem defende corruptos é tão culpado das maldades que a corrupção causa na vida tanto quanto corrupto torna-se mais um. Maldito				
politica	@MartaSuplicy_ Parabéns Marta por sair do PT, muita corrupção, VC é digna.				
politica	RT @testandotexto: PT só enriqueceu o processo democrático brasileiro. Hj se discute coisas q antes nem se cogitava. Trata-se corrupção e c				
politica	Brazão é o novo conselheiro do tribunal de contas do estado  vem mais corrupção aí				
politica	E aí a gente fala da corrupção no Brasil né?				
politica	@portaljovempan Lendo as reportagen sobre corrupção e o ex presidente Lula tenho vergonha de ser honesto				
politica	Ainda bem que existem órgãos competentes neste país. Abaixo a corrupção! https://t.co/ENuQ4OQikZ				
politica	RT @HugoAg0g0: PT aumentou gasolina e energia para tapar o furo da corrupção do seu governo. E logo depois presenteou os partidos com 900 m				
politica	Gasto estimado para reconstruir o Nepal após catástrofe 6 bilhões. Rombo estimado da Petrobras 10 bilhões! Corrupção é a pior catástrofe				
politica	E lá vamos nos pagar mais essa conta que a corrupção na Petrobras deixou.  https://t.co/ouhLYFh4Nr				
politica	"PT tb contribuiu p/o longo processo d descobrimento do Brasil. ""Choque"" ao se descobrir q havia muita corrupção no país. #FatoshistoricosPT"				
politica	PT só enriqueceu o processo democrático brasileiro. Hj se discute coisas q antes nem se cogitava. Trata-se corrupção e crescemos mais forte.				
politica	RT @requiaopmdb: Quer ser universal cante a sua aldeia. Comece protestando contra corrupção no nosso estado.Vamos limpar o Brasil começando				
politica	RT @Gilvando_Melo: @JornalismoWando @LeiLoc13 Hélio, o PSDB não roubou pra cassete e agora não está indignado com corrupção?				
politica	@sara1953  Porém nunca foi tão farta e escancarada! O PT institucionalizou a corrupção, privatizado as estatais em benefício próprio!				
politica	É hilário e cômico se ñ fosse trágico ver essa total inversão de valores. O partido mais corrupto do planeta, PSDB, falando apurar corrupção				
politica	@JornalOGlobo gente nada muda nesse Brasil.... pior que os escândalos dr corrupção e continuamos com o mesmo governo, quanto mais no futebol				
politica	Ah, mas na ditadura militar não tinha corrupção! citei Coroa Brasil, AbiAckel e pedras preciosas, escândalo de Itaipu e o velho parou.				
politica	@eduardopflores @ptbrasil A verdade incontestável é que o PT assumiu a chefia da corrupção.  Faz a distribuição do butim.				
politica	@ptbrasil É muito cinismo vcs falarem de corrupção. É tudo farinha do mesmo saco. Mas no PT o roubo é institucional.Feito pelos tesoureiros.				
politica	RT @teresvirmond: Esse deputado Carlos Sampaio deve ser da bancada do narcotráfico e da corrupção. Quer o impedimento da presidenta p/ñ ser				
politica	oh, cabeça dessa corrupção e o Lula e Dilma https://t.co/alWn2mM7il				
politica	Pra que? Ele é mais um vendido pra corrupção do PT, afinal os chefes do petrólão saiu ileso, ele deve encobrir tbm https://t.co/EpMtxyyytY				
politica	No meu  pais é só  festa, corrupção  e gente safada, um dia o povo acorda e meu irmão nn vai sobrar nada				
politica	@MelliRicardo eles fecharam os olhos p a corrupção do PSDB, claro q estão cheios de cartas na manga senão o PSDB não estaria tão apagado!!				
politica	Terceirização eu não só a favor. Isso so vai gerar mais corrupção https://t.co/JCf27wGuWO				
politica	RT @prdjesus: @BR45IL100PT @marisascruz @MirandaSa_ trabalharmos cada dia mais para conseguir alimentar a máquina da corrupção e dos desvio				
politica	"RT @alessan31436379: @junjiabe rogamos pela votação e aprovação da #PEC82 e da #PEC443. As PEC's de fortalecimento do combate à corrupção."""				
politica	RT @RogerLandmark1: Abreu e Lima entrará para a história como exemplo de desperdício, corrupção ... Enfim o marco da gestão do PT https://t				
politica	corrupção eh uma fonte, e parece que não seca				
politica	Pátria educadora uma ova! Pátria campeã dos juros altos e agiotas oficiais. Campeã da violência e da corrupção.  Mas isso pode ser diferente				
politica	RT @letraslimitadas: ...com o balanço da corrupção, a Petrobras virou uma página, garantiu Dilma. Escrita mal e porcamente pelo Lula, fal				
politica	Manchete do Correio sobre projetos parados no Congresso que melhorariam a vida dos brasileiros. Um deles: o do crime hediondo pra corrupção.				
politica	"Pois é."" @JornalOGlobo Em 15 anos, gastos do governo cresceram mais do que receita. http://t.co/0MoXBtp1Zh http://t.co/j3vxNO18S9"				
politica	um governo que quer acabar com o crack mas não tem moral pra vetar comercial de cerveja				
politica	@Estadao O governo não enviou uma carpideira a soldo de mortadela?				
politica	Esse governo me dá ódio.				
politica	"ta ""serto"" ""@congemfoco Mesmo após deixar o governo, Aécio usou aeronaves do governo de Minas http://t.co/HwY0927qX4 http://t.co/gAjUxH7GfP"""				
politica	RT @villa13013: Governo #Sartori q ainda não disse a q veio, tenta impedir comércio de Pinhão na beira das Rodovias da #Serra ... http://t.				
politica	@Cardoso  Se um míssil (falo opressor), arromba (estupra) e explode (explode), o governo inimigo pode processar por estupro? #SJWProblems				
politica	RT @ponteeuropa O PR confiou a Deus o destino da TAP. Podia ter escolhido o Governo se tivesse coragem e dignidade.				
politica	@mtvbrasilvideo @anterogreco @tumaoficial porque é uma governo corrupto, ligado a uma filosofia comunista que só levou destruição.				
politica	agora o governo se mete até na tml pra dizer que (supostamente) tá fazendo coisas pelo país.				
politica	@WinstonLing @GeraldodeMorais: Exatamente: um povo que gera sua própria riqueza dispensa Governo Paternalista e Demagogo				
politica	RT @romulomr27: @sylviaLunkes mais de 60% de reprovação do governo  #CalaBocaDilma				
politica	A qualidade do stream brasileiro deixa a desejar. Culpa do governo que não investe em telecomunicações.				
politica	"O que fazer com ministro do Trabalho do governo @blogdilmabr que vai no ato de 1""maio da Força Sindical,onde dep Paulinho defende fora Dilma"				
politica	"RT @gnatalini: Os bancos tem lucros recordes no ""Governo de Esquerda"", do PT. Grandes protetores do capital financeiro."				
politica	O governo do povo não aparece no dia do trabalhador. Vergonha				
politica	Não sei ainda como pode ter gente que consegue apoiar esse governo da Dilma.				
politica	RT @marisa_lobo: Inteligência para esse governo, é roubar e deixar roubar sem ser descoberto, e se for, dizer que não sabia! http://t.co/yG				
politica	"Daora que os ""professor"" só protesta onde o governo é do PSDB, não tem pq causar alvoroço onde o governo é PT/PMDB"				
politica	O governo podia economizar, se pegasse todos os vagabundos e botassem pra fazer manutenção na cidade ao invés de deixar guardado				
politica	Parabéns pra vc trabalhador q pagou MAIS IMPOSTO DE RENDA, pois o governo/PT/Dilma não atualizou a tabela do IR apesar da inflação.				
politica	RT @Mleitaonetto: Pronunciamento foi gravado no mesmo dia em que Renan subiu o tom nas críticas http://t.co/n0ObO14v6k				
politica	Você caiu no dibre governamental @JornalOGlobo: Procuradoria vai investigar 'pedaladas' fiscais do governo. http://t.co/BwuKuNVRnI				
politica	Esse é o famoso governo brasileiro				
politica	toma aqui seu diploma de revoluções agr vc pode falar mal do governo				
politica	Dilma garante que seu governo tem compromisso, ou seja,  só ela garante..  Hahaha				
politica	Nohssa pq o beto e a dilma naum?  PQ NAO TEVE CRIME CARACTERIZADO QUE POSSA PEDIR IMPEMCHENSTP DELA, crime no governo, tipo isso.				
politica	O governo e a terceirização das suas atividades-fim. https://t.co/k0BSUaUHfR				
politica	Me decepciono muito com quem se informa sobre o episódio no civico civico por meio de edição e pela imprensa oficial do governo.				
politica	Assinatura de Convênio entre o Governo do Estado de SP e a Sociedade Rural Brasileira para https://t.co/WrWIQ2BNCY				
politica	RT @flaviamarjorie_: É sério isso? Tem que rir pra não chorar, né? Qualquer um saberia que isso é tinta, que NOJO desse Governo LIXO! http:				
politica	RT @lamers_r: No Brasil do PT &gt;&gt;&gt; Tanto traficantes, empreiteiros, corruptos, bandidos... sabem poder contar com um governo desonesto. #For				
politica	E o governo acha q machucar professores e alunos vai resolver alguma coisa..				
politica	RT @Andree_Felipe07: A Carta Maior vai fazer uma notícia falando que a revista Época é golpista e vai querer que o governo faça a regulação				
politica	Sacrilégio pro governo meu dedo médio. ..				
politica	@francaverdade vergonha nenhuma, era igual na época do governo dele.				
politica	"Acabei de ler uma matéria que dizia que o governo de SP vai processar os professores por ""obstrução de vias""."				
politica	@jornal_cultura o atual governo tem alguma agenda p melhorar a vida do trabalhador ou só p manter o poder?				
politica	Coitado do povo do FIES, na moral, muito descaso do governo				
politica	@RdGaucha: Imposto sobre bebidas sobe 10% a partir de maio. Saiba mais em http://t.co/1MolnNwobx http://t.co/XV0w9zjT7M				
politica	Ta todo mundo com notebook tentando fies... Porra ainda tem esperanças que o governo vai ajudar.				
politica	Eu não aguento mais o governo desse país! As coisas estão só piorando. Isso é só o começo da merda que vai dar.				
politica	Sobre o que a Tucanada gosta, a tirinha diz TUDO!  Esta é a realidade sobre o atual (Des)Governo do https://t.co/0XyuiVH8FG				
politica	Cotidiano brasileiro, causa indignação, governo brasileiro deixa o povo na ilusão!  @ cidade verde https://t.co/eEKM7WnXdO				
politica	@monicamartelli1 @barbaragancia VPP de semana que vem tem que ir para o governo do PR. Força para os meus colegas professores!				
politica	Repúdio à ação do governo contra os professores				
politica	RT @LelexDutra: Não foi o Moro que foi derrotado pelo STF ontem, foi o Brasil do bem, mas somos guerreiros e lutaremos com mais força contr				
politica	Para pagar as contas do governo.				
politica	@RdGaucha 11 assaltos no dia de ontem no bairro Floresta entre Benjamin e Felix. @governo_rs utilizando bem os recursos de nossos impostos.				
politica	Cadê o dinheiro deste país??? Lixo de governo. (@ Itaú Capão Redondo in São Paulo, SP) https://t.co/ri3VIheIKC				
politica	@AecioNeves Poupança escola, 1600 unidades de saúde, recuperação de pavimentos rodoviários, redução de custos, são conquistas do governo				
politica	Governo Federal vai criar o Bolsa #Propina para os desempregados pelos efeitos das operações da Policia Federal e Ministerio Publico				
politica	Venho aqui expressar minha indignação contra o governo brasileiro contra os professores, hoje sem os professores nós alunos não seremos nada				
politica	"@FENAPEF Repúdio total a famigerada PEC 412...engodo e assim como o governo querem enganar o povo com a ""suposta"" autonomia da PF.."				
politica	Querem culpar polícia? Tem que ser os de cima, os que mandam (e o governo claro). Não os peão que ou faz ou vai preso				
politica	RT @dudacarol_: Nojo desse governo do Paraná				
politica	Nojo desse governo do Paraná				
politica	RT @HerbertHarry: Como o governo do Paraná deixa seus cães sem ração, a perna robusta de um jornalista serve! Isto aconteceu ontem! http://				
politica	Richa fascista, ditador! Peguem suas panelas e peçam a exoneração!!  http://t.co/Te5OBrmi5O				
politica	RT @gnatalini: Vou fazer barulho contra o Governo do PT no 1o de Maio às 20:30h. Vamos nessa, Brasil!				
politica	governo de São Paulo PROCESSA professores				
politica	Na escola do governo, os professores podem até pregar uma revolução comunista que eles não saem de jeito nenhum.				
politica	A inflação foi provocada pelo próprio governo ao represar os preços dos combustíveis e da energia @anaamelialemos em reunião na CRA				
politica	A única coisa que sinto neste momento é vergonha alheia, por um governo que ataca, agride, nao ESCUTA https://t.co/35zUCIM2Ml				
politica	Vergonhoso a atitude dos policiais e desse governo,triste saber q seus professores estão lá correndo perigo  #BrasilComOsProfessoresDoParana				
politica	RT @alexaguiarpoa: CESA armazena menos de 1% da safra agrícola do RS, mas deu prejuízo de 60 milhões só em 2013. Fora os salários. http://t				
politica	RT @alexaguiarpoa: Governo do RS tem laboratório pra produzir remédio que não fabricou NENHUM na ultima década e consumiu fortuna. http://t				
politica	Grande @TulioMilman. DIREITO DE PERGUNTAR: Blasfemar contra o governo na hora de declarar o imposto de renda é pecado???  Sensacional!				
politica	RT @ladradpinga: 8:00 da manha e vocês falando do governo, vão dormir que isso				
politica	"Discurso do Beto Richa : ""Educação continua sendo prioridade no meu governo"" Policia é pra bandido http://t.co/ysF1X2YFfv"				
politica	RT @Nelsonfsilva1: @GeraldodeMorais O combustível de um governo corrupto é o imposto pago pelo contribuinte.				
politica	Polícia militar e governo de Curitiba massacrando professores. Isso é #PatriaEspancadora ! Policiais deveriam ir presos. Cadê D. Humanos?				
politica	RT @gnatalini: Com medo do panelaço Dilma não quer falar na TV no 1o de Maio. Encastelada e sem poder. Governo moribundo! Eita PT!				
politica	Joaquim Levy tenta-nos convencer que o governo reduz gastos. Bom, 'cortar na carne' sr picareta só na do cidadão. E o Bradesco? Vai bem!				
politica	Vergonha -&gt; Guerra entre professores e governo do Paraná provoca 213 feridos, inclusive jornalistas https://t.co/cFQWeprQ8J				
politica	Ratinho falou tudo! Tá faltando o governo se preocupar com o que precisa e não com supérfluos!				
politica	Ninguém sabe q cortes é esse q a Dilma fez...Impressionante as mentiras desde governo aí..#JG				
politica	Pior retração em 20 anos. Mas no governo do FHC não era pior? #ForaPT #ForaDilma				
politica	Do jeito que esta essa greve dos professores,daqui a pouco o governo traz os professores de cuba kkkkkkk				
politica	Eu provavelmente nunca saberia disso, mas homofobia é crime em SP http://t.co/A2bm4yB8mF				
politica	RT @marinalvaarauj8: @celsorussomano_ em nome de todos os obesos eu peco que rejeite #Rec261_13 para que #PL2431-11 siga para senado. Obesi				
politica	RT @marinalvaarauj8: @DepQuintella por favor rejeite a rec 261/13parapl2431 siga para senado. Obesos agradece.				
politica	Entretanto.....jamais vi coisa igual.....em dois intervalos...nos comerciais...duas vezes saiu PROPAGANDA DO OLIVIO AO SENADO!!!!!				
politica	Depois da fala de Renan na TV Senado os dias de Dilma ainda serão piores!				
politica	@cartacapital A prioridade da câmara e do senado não estão em sintonia com a sociedade!!! Fecha um problema: Petrobrás,Obras do PAC ie				
politica	Ironicamente estamos em uma época que esta derrubando todas essas conquistas com o agravante de uma Pl da terceirização em votação no senado				
politica	@MarcosPFN prof. Boa noite. Pq é o Senado quem aprova a nomeacao do dirigente de uma AG. regulamentadora, sendo q nos estados sao deputados?				
politica	É bom ver esses caras se pegando, nunca imaginei ver o Renan Calheiros, presidente do senado batendo na Dilma e no PT...Incrível #JN				
politica	A Dilma em maus lençóis, ontem foi criticada pelo presidente da câmara, hj pelo presidente do senado...Ela colhe pela campanha leviana. #JN				
politica	"RT @marisa_lobo: Confronto no Paraná gera embate entre petista e tucano no Senado. http://t.co/vd4SsUoFJR"""				
politica	RT @marinalvaarauj8: @LuisTibe rejeite o rec 261/13 parao pl2431/12siga para ser votado no senado em favor de obesos podemos contar com o s				
politica	Senado Federal aprova projeto que torna Carlos Barbosa-RS a Capital Brasileira do https://t.co/ocgn6Y1gS2				
politica	RT @Alinecaldas22G: #PL2431_11=% já #senado. Alternativa da CID E-66  Usados nose nop/. #fim#RDC52_11 #rec261_13				
politica	SENADO APROVA MP QUE PERMITE REFINANCIAMENTO DE CAMINHÕES: A medida promete dar fôlego financeiro aos motorist... http://t.co/T8WwygmBek				
politica	Nas favelas, no senado, sujeira pra todo lado, ninguem respeita a constituicao, mas todos acreditam https://t.co/p41j1Z3jow				
politica	TRANSPORTES - REFINANCIAMENTO DE CAMINHÕES DEVE SER VOTADO NO SENADO NESTA QUARTA-FEIRA: A proposta já foi apr... http://t.co/q4Z2GwSVsG				
politica	RT @marinalvaarauj8: @Domingos_Neto peço que nos represente rejeite o #REC261_13 para que o #PL2431_11 siga para o senado. O senhor pode no				
politica	@Estadao: Grupo 'anti-Cunha' do Senado é criado e apresentará pauta a Renan http://t.co/j2n2bXkcTF / merecido!				
politica	Fazer uma limpa naquele senado				
politica	@fusketa francischini e beto richa vão tentar assegurar a vaga cativa no senado igual o safado do Álvaro Dias				
politica	RT @jpedroam: Em audiência no senado com o novo pres. Da Petrobras: A empresa tem reserva de petróleo para 18 anos e em 5 anos paga os atua				
politica	RT @marinalvaarauj8: @Jovair1414 peço que rejeite o #REC261-13 para o #PL2431-11 siga para senado obesos precisam de tratamento urgente.				
politica	@MendesOnca: 2002- Socorro à Globo Cabo vai ser explicado pelo BNDES  Senado Federal - Portal de Notícias http://t.co/7NyTlGAI3A				
politica	@caique_rn muito obrigado meu amigo, porém o conselho do senado ta embarreirando essa lei				
politica	@Agencia_Senado @CamaraNoticias @maozero  Brianstorm apresenta res do est Fase IIa c CT em ELA durante AAN/2015 http://t.co/BYtFwPeIBk				
politica	A guerra Renam-Cunha em texto da Agência do Senado.  https://t.co/GQ1Ui6vcNs				
politica	Cem dias após sua posse, pres Dilma está sem líder no Senado. Folha SP				
politica	Escravidão financiou 61 políticos. Aécio + candidatos ao governo e 6 ao Senado 2002/2014 por empresas  lista suja do MT. Carta Capital				
politica	Estou à disposição para ir ao Senado e fazer acareação com Aécio Neves. Deputado Rogério Correia, via Portal Fórum. #GloboGolpistaRIP				
politica	"Senado cria bloco para ""barrar"" pautas do presidente da Câmara via @UOLNoticias @UOL  http://t.co/Y2sk22JMAm"				
politica	Manifestação pelo BASTA. http://t.co/FJRmi4GatT				
politica	Amanhã vai ter manifestação no parque das nações.				
politica	Eu critiquei a presidente pela ausência de manifestação em mídia de massa no dia do trabalho. Mas critico também a hipocrisia de Aecio Neves				
politica	RT @FabricioBonfim1: Professores Municipais são agredidos durante manifestação na Prefeitura de Goiânia. http://t.co/zQ8RP8AzxT				
politica	RT @Sebastiaocarmo: Em manifestação no Paço Municipal professores de Goiânia em greve são agredidos. Retrato da Educação no Brasil do PT. h				
politica	"Concentração da manifestação ""Corrida e Pedal da Paz"", na Lagoa Rodrigo de Freitas. @ Lagoa Rodrigues https://t.co/3zt2UTK5qb"				
politica	Os cara achando que a manifestação dos professores é tudo coisa do PT, só por Deus. Os professores do Estado estão sem receber mesmo...				
politica	@PedroBask13 @JoceyrR #BrasilComOsProfessoresDoParana Pimenta nos olhos dos outros é refresco. Manifestação boa é a contra os outros.				
politica	Vendo as revoltas por causa da manifestação no Paraná. Acusam os policiais como se eles tivessem batido nos professores porque estavam afim				
politica	Heróis! #professores #manifestação @ Praça Da Republica - São Paulo https://t.co/ioQNSeQUDV				
politica	RT @lamers_r: Manifestantes ou baderneiros? &gt;&gt;&gt; Eles estão indo pra guerra ou manifestação??? #ForaPT #SOSBrasil http://t.co/6dfoKMXeqa				
politica	"Acho legal pessoal pedir manifestação ""calma, em ordem, com selfie, sem fazer barulho"". É bom porque gera respaldo às reivindicações."				
politica	Sobre a manifestação dos professores, como a polícia ta exagerando, levaram até os cachorro				
politica	Manifestação no Centro Cívico de Curitiba de novo. Pelo aparato policial no local, parece que os prédios serão defendidos da própria PM...				
politica	RT @potulski_: Ta ridícula já essa manifestação esses policiais acham que os professores são saco de pancada				
politica	Manifestação dos professores em NH. http://t.co/w5YRKMPkwf				
politica	@BreideSonia @FGL1983 @BlogOlhoNaMira ninguém tá dizendo que professor e bandido, tem direito à livre manifestação sim, baderna não.				
politica	@cafejornal Dep. Paulo Pimenta Presidente da CDHM estará no Paraná p/ apurar violações dos direitos humanos durante a manifestação na praça!				
politica	@brasilpost: PMs se recusam a cercar professores e são presos no PR  http://t.co/1wg2ykOlC9 http://t.co/Tw4DqKazBm isso ta muito errado				
politica	"@viledesma nossa, foi ridículo. E mostrando como é uma manifestação ""pacífica"" nos Estados Unidos"				
politica	@lucasferp não to defendendo Beto Richa, to recriminando a forma da manifestação.				
politica	Que triste essa manifestação, ta parecendo guerra				
politica	Onde tem vermelhos em manifestação há desordem as manifestações com as cores verde amarelo não há tumulto só alegria				
politica	To achando um absurdo a violencia q ta rolando na manifestaçao no PR,porem ta parecendo q virou uma guerra +politica,q a vdd intençao fique.				
politica	Governador Beto Richa do PSDB do Paraná manda Polícia massacrar manifestação dos professores em greve. Mais de 100 feridos. Q absurdo.				
politica	Nossa pelo visto as coisas estão feias lá na manifestação				
politica	Quem está na manifestação no centro cívico  cuidado cm a cavalaria da PM				
politica	Ótimo uma manifestação na saida/entrada de caieiras, vai adiantar super,  continuem assim				
politica	Bom diaaa Hj a manifestação contra o governo do PSDB #BetoRicha começou cedo na capital de https://t.co/REfw1LC2KM				
politica	Hoje a manifestação esta louca! Uma gritaria louca aqui				
politica	"Querem que respeitem religião, mas os próprios desrespeitam a lei: ""é proibido ter qualquer manifestação religiosa dentro do trem""."				
politica	"@gshow: Sem grana, sem aumento... não vai ter o kibe!"" Manifestação pegando fogo!  http://t.co/AkzOE3D25r #TapasEBeijos"""				
politica	O cara simplesmente virou e disse: Não necessariamente existe esquerda ou direita em manifestação,  existe pessoas qur concordam ou não +				
politica	Manifestação dos professores hoje em Sto.Amaro.  .. Deve ser muito complicado os professores ter que https://t.co/m2Uvpl3Lq6				
politica	Hoje tivemos assembléia geral na Emesp em relação a manifestação de amanhã na Assembléia Legislativa https://t.co/0VZIhXNU3P				
politica	Viva a luta dos trabalhadores! (@ Manifestação-GREVE GERAL dos Professores e Funcionários Estaduais) https://t.co/Px3gYiQJwW				
politica	Depois que a ficha cair, a #PMPR vai querer fazer manifestação contra o roubo no seu fundo de previdência, mas vocês participaram disso!!				
politica	Esses merdas ficam fazendo manifestação, mas vão trabalhar				
politica	Fiquei sabendo que teve treta na manifestação dos professores				
politica	@alexaguiarpoa como estratégia concordo. Mas é transformar a história (ainda+) do partido, colocando imagem à frente de manifestação oficial				
politica	Casa cheia em tarde de decisão sobre a recriação da Secretaria da Fazenda Municipal, confira a manifestação: http://t.co/jwg9Oep9Yi				
politica	Como ta essa manifestação no Centro Cívico? #curitiba				
politica	Jornalista esportivo é tão sem vergonha que só falta fazer manifestação com nariz de palhaço pedindo respeito... Não, espera...				
politica	RT @LAugusto456: Lembram como foi a manifestação contra o ex presidente Collor? Todos foram de preto em luto pelo Brasil #ForaPT  #VemPraRu				
politica	50.000 professores protestando em São Paulo onde pelo amor de Deus na última manifestação tinha 400 professores  a não ser Data PT, viu isso				
politica	"RT @nine_janine: ""@requiaopmdb: Hábeas Corpus para Luiz Abi  e interdito proibitório para manifestação de professores. Vc concorda?"" não!!!"				
politica	Será que essa manifestação dos coxinhas se colocará contra a liberação da tercerização, ou será de novo contra porra nenhuma?				
politica	@MidiaNINJA Toda manifestação de indignação contra a farsa #GloboGolpistaRIP é pouca. Assassina da ditadura militar e coveira do Brasil!				
politica	Lembram como foi a manifestação contra o ex presidente Collor? Todos foram de preto em luto pelo Brasil #ForaPT  #VemPraRua17Maio				
politica	RT @rafaelwaraujo: O Boechat não sabe o que significa pelego e chama o pessoal da manifestação de hj de Pelegada. Pelego é ele que faz o qu				
politica	Manifestação d@s Protetor@s dos Animais em frente a casa do Prefeito de Goiânia , cobrando a https://t.co/2fsLt1V4Uq				
politica	RT @zepedra1: @fodenella artigo 6 da constituição Federal,  liberdade de expressão e manifestação pacífica de ideias... Vamos estudar em				
politica	Manifestações no Brasil e condenação de protestos: debate, legítimo? - https://t.co/wrJt79KAHJ // muito racional...				
politica	E aí pessoal o #Brasil já mudou pra melhor??? #Manifestações #Protestos				
politica	@Estadao: Em vídeo, @dilmabr alfineta Beto Richa e critica violência para coibir manifestações Roubar é violência tbm, senhora.				
politica	RT @Kamila_Couto: Mentira quem disse que o dia 1° de maio foi criado em homenagem as manifestações dos trabalhadores. A https://t.co/Ga13a				
politica	RT @alessan31436379: @luiza_erundina AGU continua liderando o ranking de proposições com mais manifestações na Câmara.#PEC443 #PEC82 http:/				
politica	@samalvesmusic  Manifestações violentas gerando mais violência :( #BaltimoreRiots				
politica	Beyoncé postou fotos das manifestações que estão acontecendo na cidade de Baltimore por causa da violência policial. http://t.co/Y7ZuZLrmNs				
politica	"Estamos em 2015, amigos, e essa história de ""black bloc"" infiltrado nas manifestações para justificar a violência policial não cola mais."				
politica	As manifestações dos professores paranaenses poderiam, tranqüilamente, ser dos paulistas, alagoanos... Brasileiros!				
politica	Cara, o mundo ta explodindo! Greves, manifestações, assassinatos. Será que um dia isso vai ter fim ou é o próprio fim? Pensemos.				
politica	sobre as manifestações: vc ta do lado do beto richa vc é um bosta				
politica	Meu primo é professor em Curitiba, ele é petista mas ta participando de manifestações   vai entender				
politica	@cunha_edison: PORQUE SÓ EXISTE ATOS DE VANDALISMO NAS MANIFESTAÇÕES DO MST, PSOL, PSTU E PCdoB?UAI PQ SÃO TODOS VÂNDALOS				
politica	@acmacedo sem falar macedo no uso de caes pitt bul pela policia do parana nas manifestaçoes ontem				
politica	"RT @CmteHamilton: Programa ""De Braços Abertos"" , da Prefeitura de SP ainda gera manifestações na Cracolândia, centro da cidade. http://t.co"				
politica	Meu feeds notícias no fb tá lotado de coisas sobre essa greve/manifestações dos professores				
politica	dae galera das manifestações dos domingos, camisa da cbf, pedindo intervenção militar, tá massa o sofazão aí em casa???				
politica	@dilmabr Acesso a educação? Greve de professores, várias pessoas feridas nas manifestações, isso é acesso a educação? Em que país tu vive?				
politica	"Programa ""De Braços Abertos"" , da Prefeitura de SP ainda gera manifestações na Cracolândia, centro da cidade. http://t.co/9jtv8Si5o4"				
politica	Nas manifestações para pedir intervenção militar é selfie com os manifestantes, na dos professores e porrada e tiro! Flw				
politica	é engraçado ver as diferentes formas de falarem sobre a luta do movimento e resistência negra e outras manifestações não negras no mundo				
politica	Da uma agonia ver minha mãe acompanhando as manifestações, as reações dela e tudo mais.				
politica	É massa quando um Black Bloc apanha dos pais no meio das manifestações. Os caras querem auto-gestão e nem saiu da casa da mamãe ainda. kkk				
politica	"@MendesOnca: Leticia Sabatella critica sombra terrível e fascista em manifestações | Portal Fórum http://t.co/bPM8ranp8C	2015-04-28 14:31:08"				
politica	@g1brasil Aqui no Brasil só resolvem os problemas através de protestos e manifestações, sera que um dia vamos saber fazer planejamento?				
politica	Aqui no Centro Cívico na capital de todos os Paranaenses continua as manifestações mas pacificamente, https://t.co/1gol8qLFDK				
politica	O Congresso é que tem de ser dissolvido  Leitura obrigatória p/quem ker entender as Manifestações de rua no Brasil. http://t.co/dSGsOUhBSh				
politica	RT @egty: @willian_nog @TV_REVOLTA @RodP13 Só quando há baderna a polícia age, veja como foram pacíficas as manifestações #ForaPT  #ForaDil				
politica	Vivo num país onde as pessoas pedem p a imprensa noticiar as manifestações e qd isso acontece, expulsam os caras de lá.  Povo bipolar, aff.				
politica	A Globo errou muito no Jornalismo, sim. Depois das manifestações de 2013, ela até assumiu alguns erros. Mas entretenimento, ela não falha				
politica	Pessoas que defendem #intervençãomilitar são parasitas que querem se apropriar das manifestações democráticas. Cretinos e baixos são elogios				
politica	Lendo manifestações dos q acreditam piamente que haverá  golpe comunista no Brasil, constato q há indivíduos com serios problemas psíquicos.				
politica	Não entendeu @NetoMadneto1 que apesar da corrupção da Dilma impeachment só existe com voto majoritário do Congresso. Ainda não temos				
politica	O Facebook está protegendo a Dilma/PT? É isso mesmo, minha gente? Isso está confirmado, realmente???				
politica	O Facebook está censurando críticas à Dilma? Que diabos é isso?				
politica	RT @TVBBnews: Seria o mesmo que a Dilma obrigar o povo assistir pronunciamento @AecioNeveszuero: @FabioPorchat querendo obrigar o povo assi				
politica	Fim de tarde na casa da Dilma #turistando @ Palacio do Alvorada https://t.co/qOEB4mGoQ5				
politica	RT @alexaguiarpoa: O fato da semana - Um dos mais brutais assaltos policiais a um protesto no período democrático do Brasil. http://t.co/0l				
politica	O fato da semana - Um dos mais brutais assaltos policiais a um protesto no período democrático do Brasil. http://t.co/0l4u1GxJWk				
politica	Protesto do SINTET na praça dos girassóis http://t.co/kNs9ZhVGei				
politica	"Protesto de ""professores"" no começo da semana em SP ataca prédio histórico. Professor? Vídeo http://t.co/QRDBJhKQVo http://t.co/a2FbNNC4hk"				
politica	RT @pedrorichter: @portalR7: Cinegrafista é mordido por pit bul da PM durante protesto de professores no Paraná http://t.co/FNJ8MI3Equ htt				
politica	@portalR7: Cinegrafista é mordido por pit bul da PM durante protesto de professores no Paraná http://t.co/FNJ8MI3Equ http://t.co/6ELmq700ZC				
politica	Repórter cinematográfico é atacado por cão da PM durante protesto de professores no PR http://t.co/kWUR7c5O43 #G1 http://t.co/ld6Vv82jRY				
politica	De quem foi a idéia de mandar os PM cobrir o protesto dos professores com Pit bull? Meu Deus				
politica	A cidade de Baltimore está passando por protesto civis. Li hoje cedo uma notícia sobre gangues rivais combinando de atirar em policiais.				
politica	Protesto dos estados unidos ta igual do brasil				
politica	Mais um negro morto pela polícia nos e.u.a,ta tendo protesto o povo saquiando tudo				
politica	Impeachment, impeachment, impeachment é sim a palavra do momento e é sim uma ferramenta da https://t.co/UK4P19tx88				
politica	@MichelTemer #FORA #FACÇAOCRIMINOSA #CIROOLIVEIRA #MARIACELIARAIMUNDO #RODRIGOZOGAIB #PROCURAÇOES #DESAPARECERAM43DP @dilmabr #IMPEACHMENT				
politica	@folha: Aécio convence tucanos da Câmara a adiar pedido de impeachment. http://t.co/EkJFl4M56e banana.				
politica	PSDB não está dividido sobre impeachment, diz Alckmin http://t.co/qxHzPaFMLH				
politica	@emirsader: E sem a possibilidade do impeachment, o que a oposição vai fazer até perder as eleições de 2018?				
politica	RT @Zoccoli16: Sociól.Adalberto Cardoso,UERJ,fala à Folha sobre corrupção, LavaJato, terceirização e quem quer Impeachment #Globo50  http:/				
politica	"RT @Zoccoli16: Sociól.Cardoso,UERJ:""Quem defende o impeachment hj quer que essa limpeza acabe!São os corruptos."" #GloboGolpista50  http://t"				
politica	RT @letraslimitadas: Léo Pinheiro, da OAS, começou a explodir no colo de Lula. O impeachment de Dilma parece iminente. http://t.co/hFGdi8r				
politica	"RT @Zoccoli16: Sociólogo Adalberto Cardoso, 53,UERJ: ""Quem defende o impeachment hoje quer que essa limpeza acabe!São os corruptos."" http:/"				
politica	"Sociól.Cardoso,UERJ:""Quem quer impeachment, quer q essa limpeza acabe!São os corruptos."" @stanleyburburin  @turquim5  http://t.co/S6G5vPN8QK"				
politica	"Sociólogo Adalberto Cardoso, 53,UERJ: ""Quem defende o impeachment hoje quer que essa limpeza acabe!São os corruptos."" http://t.co/S6G5vPN8QK"				
politica	Impeachment interessa às grandes companhias de petróleo | Brasil 24/7 http://t.co/tFRnSqs8lt				
politica	Prontos para mais uma! Dias 4 e 5, eleição de delegados para o Congresso da União Nacional dos https://t.co/uxYXhkcgFD				
politica	@rosalvobarsa eu tive que votar nesse bosta na eleição passada, pro Freixo não ganhar, só voto num candidato nele nesse caso extremo.				
politica	RT @rpall57: Explicação p/facistas e TUCANATO vence eleição quem é mais votado tem q aceitar e não pode pregar o ÓDIO Q É CRIME. http://t.c				
politica	Eleição para Recomposição do Sindicato das Empregadas Domésticas (@ Rua da Cidadania Matriz in Curitiba, PR) https://t.co/C3q3WEVq7z				
politica	RT @danialvinegro: Povo de Boa Vista, Roraima.  Lembre bem desses vereadores que zombam da cara de vocês na próxima eleição. Corruptos safa				
politica	RT @educacao_rio: @infraton: Corrupção no Brasil virou cultura http://t.co/aWfFFeHe7L É a mais pura verdade.  Isso acontece todo dia com 				
politica	Não sobra um no cordão da corrupção ! @Crescente_D: Polícia abre investigação sobre João Santana, marqueteiro do PT http://t.co/VQcEeJ3MgG				
politica	Em audiência no senado com o novo pres. Da Petrobras: A empresa tem reserva de petróleo para 18 anos e em 5 anos paga os atuais prejuízos.				
politica	Algumas fotos do Aliocha Maurício da manifestação desta sexta no Centro Cívico. Cerca de 5 mil pessoas. http://t.co/I6NDv5ccQP				
politica	eu, que odeio tumulto, não acho insulto manifestação. (28/03/2015) @ Paulista Avenue https://t.co/ptDAgfYWlj				
politica	Congestionamento na zona norte de POA. Manifestação do Movimento dos Camisetas Pretas em favor do aumento de decibéis.				
politica	Ta ridícula já essa manifestação esses policiais acham que os professores são saco de pancada				
politica	Ainda ta tendo manifestação esse horário ? Eu vi umas 10 caminhonete da policia passando ali do lado do cep				
politica	Ia ter uma manifestação mais não teve, teve um reunião dos professores, mais ai a gente entro lá na reunião				
politica	@requiaopmdb: Hábeas Corpus para Luiz Abi  e interdito proibitório para manifestação de professores. Vc concorda? não!!!				
politica	A essência da sabedoria que transforma a dor em alegria, eu vejo um milagre acontecer na manifestação do seu poder...				
politica	Ao sustentar-se o interdito proibitório para manifestação no Centro Cívico Paranaense , fica evidente o conluio entre os Poderes no Estado !				
politica	Manifestantes ou baderneiros? &gt;&gt;&gt; Eles estão indo pra guerra ou manifestação??? #ForaPT #SOSBrasil http://t.co/6dfoKMXeqa				
politica	@fodenella artigo 6 da constituição Federal,  liberdade de expressão e manifestação pacífica de ideias... Vamos estudar em				
politica	Eu amo minha faculdade pq todos estão indo pras manifestações, até os professores				
politica	@MendesOnca: Leticia Sabatella critica sombra terrível e fascista em manifestações | Portal Fórum http://t.co/bPM8ranp8C   2015-04-28 14:31:08				
politica	Vejo Christiane Torloni e só lembro de quando passei a mão no filho dela nas manifestações de 2013 . MELHOR MOMENTO				
politica	@willian_nog @TV_REVOLTA @RodP13 Só quando há baderna a polícia age, veja como foram pacíficas as manifestações #ForaPT  #ForaDilma				
politica	    @jornal_cultura o atual governo tem alguma agenda p melhorar a vida do trabalhador ou só p manter o poder?				
politica	    Coitado do povo do FIES, na moral, muito descaso do governo				
politica	    Eu não aguento mais o governo desse país! As coisas estão só piorando. Isso é só o começo da merda que vai dar.				
politica	    Sobre o que a Tucanada gosta, a tirinha diz TUDO!  Esta é a realidade sobre o atual (Des)Governo do https://t.co/0XyuiVH8FG				
politica	    RT @barbara_porto: @monicamartelli1 @barbaragancia VPP de semana que vem tem que ir para o governo do PR. Força para os meus colegas profes				
politica	    Cotidiano brasileiro, causa indignação, governo brasileiro deixa o povo na ilusão!  @ cidade verde https://t.co/eEKM7WnXdO				
politica	    @monicamartelli1 @barbaragancia VPP de semana que vem tem que ir para o governo do PR. Força para os meus colegas professores!				
politica	    @mariaribeirob @astridfontenell VPP de semana que vem tem que ir para o governo do PR. Força para os meus colegas professores!				
politica	    Repúdio à ação do governo contra os professores				
politica	    Você sabia que o 'Governo de Goiás' manteve-se durante 3 horas na quarta-feira 29 em Goiânia como Assunto do Momento? http://t.co/tt3F33Nq8W				
politica	    @HeulerComH Ele deve ganhar uma boa grana do governo por ser deficiente, acho que por isso ele n controla suas pernas kkkkkkk				
politica	    Cadê o dinheiro deste país??? Lixo de governo. (@ Itaú Capão Redondo in São Paulo, SP) https://t.co/ri3VIheIKC				
politica	    @AecioNeves Poupança escola, 1600 unidades de saúde, recuperação de pavimentos rodoviários, redução de custos, são conquistas do governo				
politica	    Governo Federal vai criar o Bolsa #Propina para os desempregados pelos efeitos das operações da Policia Federal e Ministerio Publico				
politica	    Venho aqui expressar minha indignação contra o governo brasileiro contra os professores, hoje sem os professores nós alunos não seremos nada				
politica	    Querem culpar polícia? Tem que ser os de cima, os que mandam (e o governo claro). Não os peão que ou faz ou vai preso				
politica	    É sério isso? Tem que rir pra não chorar, né? Qualquer um saberia que isso é tinta, que NOJO desse Governo LIXO! http://t.co/n0yRazlCh9				
politica	    Como o governo do Paraná deixa seus cães sem ração, a perna robusta de um jornalista serve! Isto aconteceu ontem! http://t.co/zGFPVex9KQ				
politica	    governo de sao paulo (PSDB)  processa professores por obstrução de via pública				
politica	    governo de São Paulo PROCESSA professores				
politica	    Na escola do governo, os professores podem até pregar uma revolução comunista que eles não saem de jeito nenhum.				
politica	    A inflação foi provocada pelo próprio governo ao represar os preços dos combustíveis e da energia @anaamelialemos em reunião na CRA				
politica	    A única coisa que sinto neste momento é vergonha alheia, por um governo que ataca, agride, nao ESCUTA https://t.co/35zUCIM2Ml				
politica	    Vergonhoso a atitude dos policiais e desse governo,triste saber q seus professores estão lá correndo perigo  #BrasilComOsProfessoresDoParana				
politica	    Grande @TulioMilman. DIREITO DE PERGUNTAR: Blasfemar contra o governo na hora de declarar o imposto de renda é pecado???  Sensacional!				
politica	    'Governo de Goiás' apareceu na quarta-feira 29 ocupando a 20º posição do Top20 nos Assuntos do Momento de Goiânia: http://t.co/tt3F33Nq8W				
politica	    RT @Nelsonfsilva1: @GeraldodeMorais O combustível de um governo corrupto é o imposto pago pelo contribuinte.				
politica	    Polícia militar e governo de Curitiba massacrando professores. Isso é #PatriaEspancadora ! Policiais deveriam ir presos. Cadê D. Humanos?				
politica	    RT @gnatalini: Com medo do panelaço Dilma não quer falar na TV no 1o de Maio. Encastelada e sem poder. Governo moribundo! Eita PT!				
politica	    Vergonha -&gt; Guerra entre professores e governo do Paraná provoca 213 feridos, inclusive jornalistas https://t.co/cFQWeprQ8J				
politica	    @folha governo tem faser controle social à droga e vício maligno, só Jesus liberta, oração satanás saí da pessoa vício saí.				
politica	    Ratinho falou tudo! Tá faltando o governo se preocupar com o que precisa e não com supérfluos!				
politica	    Ninguém sabe q cortes é esse q a Dilma fez...Impressionante as mentiras desde governo aí..#JG				
politica	    RT @marinalvaarauj8: @celsorussomano_ em nome de todos os obesos eu peco que rejeite #Rec261_13 para que #PL2431-11 siga para senado. Obesi				
politica	    RT @marinalvaarauj8: @Domingos_Neto peço que nos represente rejeite o #REC261_13 para que o #PL2431_11 siga para o senado. O senhor pode no				
politica	    RT @marinalvaarauj8: @DeputadoBacelar por favor rejeite o #REC261_13. para que o #PL2431_11 siga para o senado.				
politica	    RT @marinalvaarauj8: @AndreMourapsc_ precisamos que rejeite o #REC261_13 para o # PL2431_11 siga para votação no senado.				
politica	    RT @marinalvaarauj8: @juniormarreca peço que rejeite o #REC261_13 para o # PL2431_11 siga para votação no senado.				
politica	    RT @marinalvaarauj8: @sarneyfilho nos ajude  rejeite o #REC261_13 para o # PL2431_11 siga para votação no senado. Chega de descaso com os o				
politica	    RT @marinalvaarauj8: @Jovair1414 peço que rejeite o #REC261-13 para o #PL2431-11 siga para senado obesos precisam de tratamento urgente.				
politica	    RT @marinalvaarauj8: @RubensBuenoPPS peço encarecidamente que rejeite o #REC261-13 para que o #PL2431-11 siga para o senado . Obesos agrade				
politica	    RT @marinalvaarauj8: @DepQuintella por favor rejeite a rec 261/13parapl2431 siga para senado. Obesos agradece.				
politica	    Depois da fala de Renan na TV Senado os dias de Dilma ainda serão piores!				
politica	    @cartacapital A prioridade da câmara e do senado não estão em sintonia com a sociedade!!! Fecha um problema: Petrobrás,Obras do PAC ie				
politica	    RT @marinalvaarauj8: @mendonca_filho peço que ajude obesos rejeitando o #REC261_13 para que o #PL2431_11 siga para o senado para aprovação.				
politica	    RT @marinalvaarauj8: @DepQuintella tenha piedade dos obesos e rejeite o #REC261_13 para o #PL2431_11 siga para aprovação no senado.				
politica	    Ironicamente estamos em uma época que esta derrubando todas essas conquistas com o agravante de uma Pl da terceirização em votação no senado				
politica	    Vim visitar os bandidos do Congresso e do Senado https://t.co/aRCPyuWYV8				
politica	    É bom ver esses caras se pegando, nunca imaginei ver o Renan Calheiros, presidente do senado batendo na Dilma e no PT...Incrível #JN				
politica	    A Dilma em maus lençóis, ontem foi criticada pelo presidente da câmara, hj pelo presidente do senado...Ela colhe pela campanha leviana. #JN				
politica	"Confronto no Paraná gera embate entre petista e tucano no Senado. http://t.co/vd4SsUoFJR"""				
politica	    RT @marinalvaarauj8: @LuisTibe rejeite o rec 261/13 parao pl2431/12siga para ser votado no senado em favor de obesos podemos contar com o s				
politica	RT @marinalvaarauj8: @DepQuintella por favor peço que rejeite o #REC261_13 para #PL2431_11 siga para senado . Obesos estão sem tratamento a				
politica	RT @marinalvaarauj8: @DepQuintella rejeite o #REC261_13 para o #PL2431_11 siga para senado. Sos obesos sem tratamento ha 4 anos.				
politica	RT @marinalvaarauj8: @BrunoAraujo4511 por favor rejeite o #REC261_13 para o #PL2431_11 siga para o senado só depende de vocês para termos n				
politica	RT @marinalvaarauj8: @mendonca_filho rejeite o #REC261_13 para #PL2431_11 siga para senado. Obesoa sem medicamentos necessário para tratame				
politica	RT @marinalvaarauj8: @celsorussomanno por favor peço que nos ajude rejeitando o #REC261_13 para #PL2431_11 Siga para o senado.				
politica	Reunião da Comissão de Constituição, Justiça e Cidadania do Senado. @ Comissão de Constituição, https://t.co/nCRRSBhCiL				
