esportes	A maior torcida de SC para o maior clube de SC - Joinville Esporte Clube http://t.co/dojKgZZTMv
esportes	Amanhã e um dia histórico p o esporte brasileiro. A Under Armour entra no Brasil. E e através do SPFC. Em 12.03.14, recebia Kevin Plank.
esportes	Final do Gauchao. Principal produto de esporte da empresa. E Bate Bola é de showroom de edifício em Canoas. Ridículo! http://t.co/WUCJQjcTaV
esportes	@arlenet10 gostar de outro esporte, que tenha menos torcedores, e quem ganha, ngm fica tirando sarro
esportes	Jec nasceu campeão,nasceu,com a taça na mão  @ Arena Joinville Esporte Clube https://t.co/cZB3PRa3to
esportes	E não a força que derrube o nosso glorioso Joinville Esporte Clube !  @ Arena Joinville https://t.co/3A6woxX3A0
esportes	Não venha me dizer que É SÓ FUTEBOL... Isso vai muito além de um esporte qualquer. Isso mexe com https://t.co/YLsviv1aKN
esportes	Gostaria de parabenizar o Joinville Esporte Clube pela conquista do campeonato catarinense!!! Mas https://t.co/AU32fIrqK0
esportes	No Santos pratica-se o esporte, com dignidade e com fervor, seja qual for a sua sorte, de vencido ou https://t.co/vGoSASVgA7
esportes	Se o futebol não fosse um esporte espetacular, já teria acabado aqui no Brasil, pelo o que acontece fora das quatro linhas.
esportes	Resumo do fim de semana; Patinaçao , Meu esporte preferido!!!  . Assim como a corrida, andar de https://t.co/C29cwwuIhD
esportes	@moniqueduarda e não são só os torcedores,  a mídia também, só espero o globo esporte amanhã, triste realidade
esportes	RT @Celabeatriz0: Futebol é um esporte q depende de mt sorte também na moral...
esportes	É de arrepiar, toda essa trajetória merecia o título, Joinville Esporte Clube campeão Catarinense de https://t.co/lZ0KLhf7gl
esportes	Meu amor pelo esporte é maior que qualquer rivalidade ridícula
esportes	RT @blowssophia: Muito amor em uma só foto.  @ Arena Joinville Esporte Clube https://t.co/28DVHBxxch
esportes	No esporte , o que importa no fim são os resultados . Aí está o kit de terceiro lugar no CDI 3* de https://t.co/tQtAz0NwWC
esportes	Final da Copa do Mundo de Ginástica! Ouro para o Brasil!!! #CaixaGinastica #Ginástica #Esporte @ https://t.co/CN5e7sFbmh
esportes	@_GaaBorges @biellplacido eu gosto do esporte em geral, mas futebol é amor demais
esportes	Muito amor em uma só foto.  @ Arena Joinville Esporte Clube https://t.co/28DVHBxxch
esportes	Domingo feliz é quando a TV tá cheia de esporte - ginástica,  NBA, final do Paulista e do Carioca.
esportes	Um entre um milhão torcida e tradição  Goiás Esporte Clube  1943  http://t.co/sNl6nZTyVZ
esportes	#BoaTarde hoje é um ótimo dia pra praticar uma atividade física A #LCA apoia o #esporte. #Domingo https://t.co/V5UesWawVC
esportes	Bate a saudade de estar perto do pai agora, pra ver Esporte Espetacular com ele, almoçar e ver o Santos ganhar
esportes	Eu fico frio com muita coisa, mas toda e qualquer historia ligada ao esporte me derruba mano
esportes	Lagrimas heteras com essa mina que ta passando no globo esporte
esportes	linda essa história do Globo Esporte! 
esportes	KAKA AGORA NO ESPORTE ESPETACULAR. NINGUEM SAIIIIII
esportes	Gre-Nal testa 'clima de Copa do Mundo' em final e reforça exemplo positivo http://t.co/l1FOg8Q0u0 @UOL
esportes	Cheguei do Museu do Futebol, todo amante do esporte bretão mais brasileiro do mundo kkk, show de bola
esportes	Coisas que minha família não perde em esporte: Ginastica Artistica e Olimpiadas de Inverno
esportes	"Mais um treino de MMSS de domingo concluído com sucesso!!! ""Meu esporte eu carrego na veia""  https://t.co/plSDmav9QA"
esportes	Numa outra vida eu só posso ter sido ginasta porque não é normal meu amor pelo esporte
esportes	Novo esporte: ciclismo! A caminho do Plano para encontrar os amigos. Vamos?  @ Feira do Guará https://t.co/YkN2ZptUXY
esportes	Já estamos na Arena @ Arena Joinville Esporte Clube https://t.co/RHfsumBAp7
esportes	Hoje eu posso dizer que foi o dia da superação no esporte, vlw cada km, vlw muito o apoio Erika https://t.co/VG1gNV2dzs
esportes	Hoje eu posso dizer que foi o dia da superação no esporte, vlw cada km, vlw muito o apoio Erika https://t.co/MVKb6jBtnJ
esportes	Se o #Palmeiras for campeão será ótimo!!! Se não for, paciência. Lembrem-se derrota faz parte do esporte..
esportes	RT @GEORGEHILTON10: Ministro do Esporte entregará taça ao campeão mineiro de futebol em Varginha (MG)  O ministro do https://t.co/5G9miAin
esportes	Ministro do Esporte entregará taça ao campeão mineiro de futebol em Varginha (MG)  O ministro do https://t.co/5G9miAinUq
esportes	Menos, bem menos. Vcs nem curte boxe, pode falar. Eu pelo menos tenho a dignidade de ficar quietinho sobre esporte que não conheço
esportes	Acho engraçado, nunca vi um puto comentando boxe, falando necas do esporte. Ontem todo mundo podia afirmar categoricamente que foi roubo?
esportes	Nunca vou entender outro esporte a não ser o Futebol. Hahahahahaha
esportes	@IgorSaiene ah mano, nao tem como. É alem de gostar do esporte, sei la, rivalidade mesmo. Nao consigo gostar.
esportes	Tenho pena de quem não gosta de basquete, esse esporte é incrível!
esportes	RT @pedro_rhormes: Não é por nada que chamam de luta do século! Mayweather 47-0, Pacquiao 56-5-2. Duas lendas do esporte @canalCombate  #Ma
esportes	Não é por nada que chamam de luta do século! Mayweather 47-0, Pacquiao 56-5-2. Duas lendas do esporte @canalCombate  #MayPacnoCombate
esportes	Quem me conhece sabe q sou ex-ginasta e o qto amooo esse esporte! Esse fds minha torcida está sendo https://t.co/j16XZiGUM5
esportes	Ministério de Esporte Fé em Ação Projeto Esporte e Ação Aulas Ministradas:  Muay Thai  https://t.co/uoVbkc2bCD
esportes	RT @Cuiabano_Lima: #depoimento da dupla  @jadsejadson #jadsejason jadspaulo sobre o esporte #rodeio #rodeioemtouros https://t.co/V6fwqZ54Pc
esportes	Mais uma obra entregue para a população brasileira. Com recursos do Ministério do Esporte entregamos https://t.co/2Pos7GpOQN
esportes	@TozzaFla @HernaneCRF mas já tem gente da esporte interativo achando errado incluir times de fora da região
esportes	#depoimento da dupla  @jadsejadson #jadsejason jadspaulo sobre o esporte #rodeio #rodeioemtouros https://t.co/V6fwqZ54Pc
esportes	Parabéns aos meus colegas de esporte de Sampa!!! Campeões juvenil do Brasileiro de Seleções sub20 
esportes	Tô tão sem o que fazer que eu tô vendo copa do nordeste no esporte interativo
esportes	LIGA É AQUI LIGA NO EI, esporte interativo melhor canal de esportes do mundo #EntrandoNasFinais
esportes	Ministro do Esporte participa logo mais em Alfenas no Sul de Minas de cerimônia de reinauguração do https://t.co/OHmVxlfFSr
esportes	Copa do Mundo de Ginástica Artística (´*) #ga #esporte #sport #ginasiodoibirapuera https://t.co/uW8ujzIoft
esportes	Globo Esporte começou o programa mostrando a torcida do Palmeiras comemorando o gol do Santos kk
esportes	Hoje vai rolar um esporte até o SOL ir dormir. #sol #tarde #feriado #picnic #hípica #folowme #esporte https://t.co/iH9OBBswFn
esportes	Só assim pra eu acordar cedo @nataliacasemiro  #villalobos #patins #roller #fun #esporte  @ https://t.co/zQNx1mPgey
esportes	Treino com irmão @1hnrke ....esporte é muito bom vem com a gente .... @ Team Nogueira Recreio https://t.co/L0nP6mR1vf
esportes	Sem dúvida o melhor time, do melhor esporte!  #basquete #melhortime #melhoresdias https://t.co/4OKFVrSKXZ
esportes	RT @jbelmonte13: Parabéns ESPORTE CLUBE NOVO HAMBURGO! Tens tradição e muita história nos teus 104 anos! Tu me mostrou https://t.co/vZYb8p
esportes	"RedeTV! define estreias de Super Faixa do Esporte"" e ""E-Games""; confira http://t.co/4adU5sNkEi"""
esportes	Sexta atarde com os parceros arrancada ECPA !! @ ECPA - Esporte Clube Piracicabano De Automobilismo https://t.co/bCTalekpKk
esportes	#skateboard #bikecross em indaiatuba mto esporte top @ Parque Ecológico de Indaiatuba https://t.co/Xnn8ZTFTDg
esportes	Haaaaa hj é dia de esporte hahahahha #wake !!! #wakeboard enquanto o @zanetao treina na agua eu https://t.co/QO1ui9fYlK
esportes	Pior noticia do ano pra mim:esporte interativo tera exclusividade nas transmissões da champions,que merda!!
esportes	Três coisas que eu queria ter visto no esporte, Pelé jogando no Santos, Ayrton Senna correndo e Maycon Jordan dando seus saltos.
esportes	Veloz,mas nada furiosa  @ Kart Center Esporte e Lazer https://t.co/RS6TV76HcE
esportes	@gdesa14 Muito importante essa integração, bom p esporte, bom p crianças, já q p futuro está nas mãos delas...show!
esportes	#instacollage No início da primavera no Libano, você pratica esporte na neve  e na praia  no https://t.co/eQkcqYhf49
esportes	Parabéns ESPORTE CLUBE NOVO HAMBURGO! Tens tradição e muita história nos teus 104 anos! Tu me mostrou https://t.co/vZYb8peCT4
esportes	Ministério do Esporte e CBC beneficia clubes de Porto Alegre  Os clubes gaúchos Grêmio Náutico https://t.co/DP1aGdQY9E
esportes	Finalistas dominam seleção do Paulista; SP é ignorado e Oliveira é o craque via @UOLEsporte @UOL  http://t.co/q43JRNu8zR
esportes	@CurtiESPN: Ué, mas não disseram que o LeBron James é pipoqueiro? gente que não manja do esporte, vê um lance e fala merda
esportes	Descobrindo novos guerreiros, treinando e competindo com amigos, assim evoluímos no esporte. Parabéns https://t.co/YbUUHty5Ho
esportes	'Esporte Espetacular' encontra-se neste momento como Assunto do Momento (10). Mais tendências http://t.co/MffVmqH2oJ http://t.co/zMtw7YxVUO
esportes	Quem leva o esporte a serio com raça e determinação, não abandona os treinos no final de semana! https://t.co/GPasH4W9aa
esportes	Que matéria maravilhosa do Esporte Espetacular sobre a Liga dos Campeões!!!!
esportes	materia sensacional do esporte espetacular sobre a ucl. grandes campeoes. mas nao vi o chelsea ali
esportes	Fantástico a primeira parte da matéria dos 60 anos da UCL no Esporte Espetacular
esportes	Muito pika essa matéria do esporte espetacular falando sobre a champions league
esportes	Esporte espetacular ta pesado com essa materia
esportes	6 meses depois, hora de comparar resultados ao lado de grandes nomes do esporte! #StayFocused https://t.co/nMtUAqirXb
esportes	O Esporte da Mente! #Poker #EstiloMafioso #Sábadão #AllIn @ Las Vegas da Leste https://t.co/CISIvlTy8V
esportes	Esses jogos de domingo de manhã vão passar no esporte espetacular tipo torneio de futsal?
esportes	De dúvida a artilheiro, Ricardo Oliveira começa a pagar dívida com o Santos http://t.co/CTJMvtwR6G via @igesporte
esportes	Vice-artilheiro em São Paulo já foi pedreiro e era chamado de Neymar no Piauí http://t.co/rAudsLtoPb via @igesporte
esportes	Mais nova sócia do interminhavida #inter #interminhavida #scinternacional @ Esporte Clube Internacional https://t.co/p5IQnGiw8O
esportes	Já já no Super Faixa do Esporte. Ao vivo, agora, na RedeTV! #xfc #redetv #xfcmma #xfcnarederv https://t.co/NFQfiYrgLH
esportes	Campeonato Gonçalense de natação no Clube Mauá. Mateus Soares em primeiro lugar.  #esporte #saúde https://t.co/Pw9QNqhHmn
esportes	@folha: Somos mais avançados que os técnicos estrangeiros, diz Luxemburgo http://t.co/vtkXrsoxCb http://t.co/WeU3ha7RQ0 e mais engraçado
esportes	Basquete  é um esporte muito foda! Só perde pro futebol
esportes	Dragão atlético goianiense apesar de jogar mal,e desentrosado, começa com pé direito a série B,ganhou de 1x0 do Boa esporte Mineiro
esportes	#nafita #slackline Se é um #esporte eu tô dentro! Nada de corda bamba! Que venha o #skate #surf https://t.co/OIh7cLl52Q
esportes	"#hullks - Judô Kids - ""São princípios e disciplinas do esporte que os pequenos vão levar para o resto https://t.co/A2IGZIrDuH"
esportes	Porque o princípio do esporte é ser lúdico.... Snatch sincronizado! silviarmr7 gisellepersonal @ https://t.co/6PkJ32bE8N
esportes	Daqui a pouco no Globo Esporte, jogadores do @cuiabaec falam sobre o título da @sigacopaverde 2015. https://t.co/e5o0mHCPOf
esportes	#batebolabr15ninguém vai falar do campeão da copa Verde Cuiabá esporte clube? ????
esportes	RT @Geovane92: Fim De mais um dia de Trabalho !  @ Mogi Mirim Esporte Clube https://t.co/2DxrU2IMu7
esportes	Noticia do grêmio no globo esporte, mamute de aniversa... Mas vai se fuder esse nego arrombado
esportes	RT @CuiabaEC: Nós acreditamos e fomos campeão. Cuiabá Esporte Clube campeão da @sigacopaverde 2015.  Copa Sul https://t.co/6lL4jU72go
esportes	Não importe qual seja o esporte, o importante é praticar ! #mundoforte #soumundoforte tenho #saude https://t.co/X9Fsjlv4N8
esportes	Bom dia!!! Amanhã (sabado) estaremos mais uma vez juntos com o Esporte Interativo  nos comentários na https://t.co/QvE9lZJtKP
esportes	"Emocionei ""@Esp_Interativo: Olha o que o Nino Guerreiro, autor do gol do título, falou!  #CuiabáCampeãoNoEI http://t.co/ot8tSke3Wa"""
esportes	Não nasci p jogar Basquete, basquete é sm contato ,sem corpo ...eu gosto de esporte violento !
esportes	Nós acreditamos e fomos campeão. Cuiabá Esporte Clube campeão da @sigacopaverde 2015.  Copa Sul https://t.co/6lL4jU72go
esportes	O que será que faz o Goiás Esporte Clube ficar de fora de uma #CopaVerde ? Arrogância?
esportes	RT @CuiabaEC: O CUIABA ESPORTE CLUBE está  na final de uma competição nacional, vamos apoiar o time da nossa https://t.co/Ikfc2SGh3O
esportes	Torcedores ameaçam atletas do #Grêmio com faixas http://t.co/iLzGiUHn0l http://t.co/5dFEe08uPC
esportes	Penultimo treino antes da estréia na séria A @ Centro De Treinamento Do Joinville Esporte Clube https://t.co/oKuMEmerWS
esportes	Denkler agora em coletiva @ Centro De Treinamento Do Joinville Esporte Clube https://t.co/OxXrhfmSyg
esportes	Saudade daquele Corinthians de ANTES DO TITE CONTAR AS TÁTICAS DELE NO GLOBO ESPORTE
esportes	Tripodi agora na coletiva no CT do Morro do Meio @ Centro De Treinamento Do Joinville Esporte Clube https://t.co/zlrRVCPUBU
esportes	@borgesspfc: Torcedor símbolo do São Paulo esbraveja ao ser barrado pela PM por pintura http://t.co/i5alMxeBd0  Sacanagem!
esportes	Bom dia!!!! A quinta-feira começou com a gravação da chamada do Esporte Fantástico! O programa de https://t.co/gE69CJDSDn
esportes	O CUIABA ESPORTE CLUBE está  na final de uma competição nacional, vamos apoiar o time da nossa https://t.co/Ikfc2SGh3O
esportes	"Grande jogador   RT""@NyTimesBrasil: Manchester United fecha acordo com PSV por holandês Depay (07/05/15-08h48):  http://t.co/7iq8bSlOIz"""
esportes	Há seis anos, a Corrida Ecológica Parque cumpre com a sua função de, através do esporte, chamar a https://t.co/CjoEW8XNDz
esportes	@_BrubsVieira kkkkkkkkkk coisas q só o futebol nos proporciona né... Esporte do caralho
esportes	Ministro do Esporte recebe informações sobre as obras do Centro Paraolímpico Brasileiro  O ministro https://t.co/uOwsI6VJA8
esportes	@Miltonneves Esse esporte que os dois estão jogando é muito diferente do que jogaram Barcelona x Bayern. Meu Deus!
esportes	O que Guarani x Corinthians estão jogando é um esporte diferente do que jogaram Barcelona x Bayern. Meu Deus!
esportes	Hj é overdose de esporte, uefa, nba, liberta e dps vt da copa do br
esportes	Treino  das 16:30 #emjj  #cbjj #familia #equipemineirinho  #goiania #nogi  #esporte #kvra https://t.co/zUdlf3XD7Q
esportes	"Se quiser levar tudo a ""ferro e fogo"", vai dar ruim... #OliveiraFilho #BoaTarde @ Ministerio do Esporte https://t.co/QWIZSGLZzD"
esportes	Garati agora pouco o apoio do amigo e Secretário do Turismo, Esporte e Lazer do Estado, Dep.Juvir https://t.co/ZnIqTxqFPG
esportes	Atacante Willian Henrique @ Centro De Treinamento Do Joinville Esporte Clube https://t.co/ONgy49XHgV
esportes	Donato na coletiva @ Centro De Treinamento Do Joinville Esporte Clube https://t.co/xgNHXfyEqV
esportes	"E reporter do Globo Esporte ainda vem com pergunta ""perdoa o dudu?"""
esportes	Ex-miss Brasil pede demissão de cargo na Secretaria de Turismo e Esporte http://t.co/BeCbEMs3n5
esportes	Ministro apresenta ações da pasta a parlamentares e prefeitos de Minas   O ministro do Esporte, https://t.co/wtzcuG6SgI
esportes	RT @Bryanvazz: Vamo Que Vamo Meu Inter Dale Colorado @ Esporte Clube Internacional https://t.co/R6uNErNYdy
esportes	Que jogo! Que time! Que torcida! Se o basquete não é o melhor esporte do mundo, não sei de mais nada! Muito amor envolvido! Rumo às semi!
esportes	@MauroCezarESPN não importa o recheio. Deixei a ESPN qdo ela vestiu uma camisa e fez uma agenda partidária e esqueceu do esporte.
esportes	Treino das 21:00 com muita chuva! #emjj  #cbjj #familia #equipemineirinho  #goiania #nogi  #esporte https://t.co/jD2EVNhGRb
esportes	Festa do Paulistão tem cutucada de Leifert em arbitragem http://t.co/WkEY43p8vt
esportes	Musas do esporte da Band AH NÃO PERA #pokolindas #netbrasileirao2015 @ Boteco Pedrini Zona Sul https://t.co/X2YwVdjyaD
esportes	Luta livre: O que aconteceu com os astros do telecatch? via @UOLEsporte @UOL http://t.co/SvSHlkXmzJ
esportes	Agora na Rádio Mix De Primeira recebe a @bandaonica #esporte #musicaboa #vemcomagente #vemcomsmigol @ https://t.co/HHYZ0uP1CR
esportes	Capixabas exaltam apoio do Ministério do Esporte ao Centro Olímpico da cidade  O ministro do https://t.co/1eVfWJUTVB
esportes	"São Paulo 2 x 1 Flamengo - 1ª rodada do Campeonato Brasileiro 2015 - ""Pra mim não interessa onde tu https://t.co/4IOt56KdUr"
esportes	Campeonato brasileiro é outro nível.... #Vasco ainda precisa de pelo menos 3 boas contratações, isso pra brigar pela sexta, quinta posição..
esportes	Flamengo não tem chances de brigar pela vaga na libertadores mas gente é o primeiro jogo do campeonato
esportes	@sarahwendy Sdds 2009 s2 Espero que o Flamengo encontre um segundo Petckovic ao longo do campeonato haha
esportes	Calma galera é só a primeira partida do Campeonato!! Essa derrota vai servir de alerta pro decorrer do Brasileiro!! #Flamengo #SRN #Mengão
esportes	Começou o campeonato pro Flamengo!! Vamos se ligar... Porra!!
esportes	Af pelo menis Corinthians ganhou na estreia do campeonato Brasileiro, espero que entre com raça na quarta feira tmb
esportes	Chapecoense é o campeão do campeonato Brasileiro! Anota aí!
esportes	A última vez que o flamengo estreou campeonato Brasileiro perdendo, foi campeão #queserepita
esportes	Atlético PR em 2015: - Ficou entre os 4 piores do campeonato PR - Foi eliminado pelo TUPI da Copa do Brasil
esportes	RT @kelviiin93: Começamos o Campeonato Brasileiro com um empate hoje! Trabalhar mais para conseguirmos a vitória no https://t.co/eR2GOGaGdw
esportes	Iniciando mais um campeonato ! #SPFC (@ Estádio Cícero Pompeu de Toledo (Morumbi) - @saopaulofc in São Paulo, SP) https://t.co/3EDazWgVgf
esportes	Hoje começa o Campeonato Brasileiro para o único Tri-Hexa, vai São Paulo #tricolor #spfc #sp https://t.co/z98aqZyFnd
esportes	São Paulo X Flamengo pelo Campeonato Brasileiro #VaiPraCimaDelesMengão (@ Estádio Cícero Pompeu de Toledo (Morumbi)) https://t.co/hF2mWSr9m9
esportes	Grêmio 3 x 3 Ponte Preta pela primeira rodada  do Campeonato Brasileiro 2015
esportes	É me vou ao campeonato Inglês né! Bora Liverpool!!!
esportes	Para alguns comentaristas o Grêmio é favorito ao título do campeonato Brasileiro, empatou com a Ponte Preta em casa. Tudo certo.
esportes	@FoxSports_br  Chelsea manda no campeonato inglês #InglesNoFOXSports
esportes	Ultima vez que o Liverpool ganhou o campeonato ingles http://t.co/GFkD0rj6aR
esportes	NESSA ALTURA DO CAMPEONATO
esportes	RT @tiganinha: Amanhã as 10:00 no CT Rei Pelé , clássico SANSÃO no Campeonato Paulista de Futebol Feminino. http://t.co/epEF4Osq1H
esportes	Os melhores goleiros do campeonato brunogoleiro12 e @anderson_agt que venha #arenacup vamos com tudo. https://t.co/I72m2kZjqN
esportes	Começamos o Campeonato Brasileiro com um empate hoje! Trabalhar mais para conseguirmos a vitória no https://t.co/eR2GOGaGdw
esportes	Primeiro lugar hoje no campeonato aqui em Mogi, obrigado a todos q contribuíram de alguma forma... https://t.co/9GAKkipC0B
esportes	Mais um dia de trabalho pra equipe do #LutaPelaPaz no campeonato da FBERJ   Parabéns ao Etoundi https://t.co/FlAh4cccah
esportes	Campeonato brasileiro, não há melhor
esportes	Mano, o campeonato ta apenas começando e o fluminense ja ta tendo ajuda da arbitragem. Pqp
esportes	eu sempre amarei e te apoiarei   Palmeiras 2x2 Atlético Mineiro - Campeonato brasileiro https://t.co/FbS5WTkolg
esportes	"Jô, atacante do Atlético-MG: ""O Campeonato Brasileiro é o campeonato nacional do nosso país"" HHAHAHAHAHAHAHHA"
esportes	começando o campeonato! #VamosJEC #JECnoMaracanã #FLUxJEC @ Maracanã Stadium https://t.co/Dpbr72kwCx
esportes	Brasileirão é um campeonato longo, mas perder na estreia é foda! Ainda mais em casa contra um time reserva...
esportes	Da medo cara, ano passado foi sofrimento, começa o campeonato assim da medooo
esportes	Começando bem o campeonato por enquanto, perdendo do time reserva do atlético mineiro
esportes	@ESPNagora: Para @ArnaldoESPN, Palmeiras é o 'favoritaço' ao título do Campeonato Brasileiro http://t.co/Hrn8Rowni5 http://t.co/oazJ8lvcC3
esportes	Brasileirão 2015: Tabela e jogos do Campeonato Brasileiro 2015 http://t.co/7qtT9KgZek
esportes	Começa a maior festa do futebol nacional: O campeonato brasileiro.  Mais uma vez serão 20 clubes em https://t.co/2BKYtAKPLp
esportes	Começou o campeonato Brasileiro #AvantePalestra
esportes	Palmeiras x Atlético/MG - mais um campeonato... E estamos aqui... @ Allianz Parque https://t.co/Pndr64CUKh
esportes	E começou o campeonato brasileiro vamos palestra @ Allianz Parque https://t.co/o4Az8hIO6R
esportes	Começa o Campeonato Brasileiro de 2015.
esportes	Amanhã as 10:00 no CT Rei Pelé , clássico SANSÃO no Campeonato Paulista de Futebol Feminino. http://t.co/epEF4Osq1H
esportes	Vai começar o campeonato brasileiro, torcendo pro Palmeiras agora no Sportv
esportes	Bahia ganhando... Vitória perdendo... Tudo normal no campeonato brasileiro.
esportes	Campeonato Espanhol mesmo numero de rodadas e os times da frente com 80, 90 pontos, ja aqui bo máximo com 60/70...tem nem graça!
esportes	Será que o campeonato brasileiro desse ano vai ter graça? Futebol aqui tá um lixo, não to afim de me estressar
esportes	Eu amo o campeonato brasileiro, mas porra, que merda que o Corinthians ta fazendo em escalar time reserva
esportes	Vai começar o melhor campeonato, graças a Deus
esportes	Essa mudança de horário dos jogos do campeonato brasileiro ta muito boa Haha querendo imitar os campeonato europeu. Jogo as 11h da manhã
esportes	@pvcefox boa tarde PVC!!!! VC sabe se vai ter jogo semana que vem no campeonato espanhol???? Estou indo para Madri, e quero ver 01 jogo
esportes	Que golaço!!! Bayer perdendo o jogo no campeonato alemão.
esportes	Nem comecou o campeonato e o vasco ja ta em ultimo??? Kkkkkkk http://t.co/C1s7R7M5Pe
esportes	Bom dia sabado  - Hoje tem  | Estréia do campeonato paulista sub20 séria A1 - Comercial F.C x https://t.co/BXu2bFB9zL
esportes	Domingo o Santos estreia no Campeonato Brasileiro...   Avaí x Santos
esportes	Amanhã campeonato de surf o/
esportes	Skate meu esporte, meu meio de transporte, parte da minha história e cicatrizes dos meus cortes; https://t.co/3ytGHWj62e
esportes	Segundo tempo começou daquele jeito..bora lá trabalhar um pouquinho ..kk (@ Brahma esporte clube agudos (BEC)) https://t.co/gsmB17E0HC
esportes	"@borgesspfc: Com dengue, Michel Bastos está fora da partida contra o Cruzeiro http://t.co/oj86V9qFke via @UOLEsporte @UOL"" QUE BOSTAAAA!!!"
esportes	A transmissão da liga dos campeões pelo esporte interativo, tirando o Zico, é uma bela bosta eim
esportes	RT @zizacypriano: @folha: Dudu está no mesmo patamar de Neymar e Oscar, diz ex-técnico da seleção: http://t.co/kBmQZHXRV2 http://t.co/GUZL
esportes	Ah @TiagoLeifert passei a acompanhar o G Esporte por sua causa e, diferente do que o Pablo sofrencia diz homem chora sim. Vc é show hein ;-)
esportes	@lucaspaquetaaa  vi tua cara feia no globo esporte tive que lhe parabenizar  tmj manin.
esportes	George Hilton participa do lançamento da Frente Parlamentar do Esporte no DF  O ministro do Esporte, https://t.co/Uytj30J2T2
esportes	Na Galeria da Fama #FormadosEEFE #USP @ Escola de Educação Física e Esporte - USP https://t.co/4UPdzXcdcu
esportes	"""@portaldaband: Ingresso mais barato para Brasil x México no estádio do Palmeiras custa R$ 100 &gt;&gt; http://t.co/l9JEqSUpU1"" onde compro?"
esportes	Cara o globo esporte me fez chorar hj, serio, que homenagem linda que fizeram para o Santos, e para nós Santistas
esportes	Segundona lotada! Treino das 21:00 #emjj  #cbjj #familia #equipemineirinho  #goiania #nogi  #esporte https://t.co/Cd8LzBvysX
esportes	umas 5 pessoas me enviaram o Print da reportagem do Globo esporte com o twitt do @Ceceu_spfc no Whatsapp.. Kkkkk ta correndo o mundo hein...
esportes	A mais nova jequeana,   @ Arena Joinville Esporte Clube https://t.co/KedHNTC7m6
esportes	RT @bellafalconi: Hello BSB! Chegamos! Pronta para gravar o Globo Esporte DF, mas antes tenho que alimentar a criança https://t.co/zkzpe5h
esportes	Ministros do Esporte e da Educação discutem parcerias entra as duas pastas  As ações e programas https://t.co/XKMPbNRPFM
esportes	As vezes me vem na cabeca em fazer uma academia, algum esporte slá mas ai passa 5 e eu desisto
esportes	RT @juliocasares_SP: Amanhã e um dia histórico p o esporte brasileiro. A Under Armour entra no Brasil. E e através do SPFC. Em 12.03.14, re
esportes	Antes de entrar no ar e falar  sobre os craques do futebol no Página 1 Esporte eu tenho que passar https://t.co/MJOQiigupp
esportes	Estou agora com o secretário de Estado de Esporte Lazer e Juventude de São Paulo, Jean Madeira, no https://t.co/7KKSrI2WU8
esportes	@TiagoLeifert @Caiobaribeiro Parabéns pelo globo esporte! Valeu feras! http://t.co/AcZAWYiqUP
esportes	"C/c @Ceceu_spfc kkk RT ""@UOLEsporte: Nova camisa do São Paulo vaza no Twitter horas antes do lançamento http://t.co/L9MqfmsuNb @UOL"""
esportes	A parte mais louca do treino foi assistir o globo esporte (@ Academia Quebra Mar) https://t.co/WXJE5bZzcj
esportes	Trites de ver a homenagem do globo esporte sp das mulheres feita aos jogadores de Santos e Palmeiras
esportes	@TiagoLeifert duas coisas que emocionam muito: esporte e música. A mensagem final do Paulista foi linda!! Parabéns Santos! !!!
esportes	'Globo Esporte' encontra-se neste momento como Assunto do Momento (6). Mais tendências http://t.co/MffVmqH2oJ http://t.co/5w9u4zW53R
esportes	Globo esporte só da Vasco
esportes	Faltou os melhores nesse globo esporte .. Cade o Guinãzu? Martin ? Luan ? Rodrigo ? Gilberto ? Bernardo ?
esportes	vai passar o jogo no globo esporte, não me canso de ver :3
esportes	quase chorando com a declaração dos jogadores no globo esporte
esportes	@mehflakes mas po, se os cara treina, se esforça, ganha dinheiro pra isso e entretém uma porrada de gente, qual o problema em ser esporte?
esportes	RT @welingtonfortes: Globo Esporte agradando o Santos dummmm jeito kkkkkk que momento, amigos!
esportes	@Redacao_Sportv  André o nome do time é Operário Ferroviário Esporte Clube e não Operário-Pr , um abraço para toda a equipe do redação.
esportes	Um bom dia especial hj, parabéns ao Joinville Esporte Clube, Campeão Catarinense de 2015! Vamos https://t.co/N61gFLoB8j
esportes	#BomDia Vamos praticar um esporte? #Jori - Jogos Regionais dos #Idosos #LCA #tamojunto#projetosaude https://t.co/fEDQKZi7sy
esportes	Herói contra Corinthians, palmeirense erra pênalti na Vila e pede desculpas via @UOLEsporte @UOL  http://t.co/c1jfg4nNEw
esportes	Jogadores do Palmeiras culpam mau primeiro tempo por vice-campeonato via @UOLEsporte @UOL  http://t.co/5YaG73R0oq
esportes	RT @grazzibarros: http://t.co/RHEKP9Om4s  Ótima matéria sobre o E+I, é nesse lugar q quero trabalhar um dia. @kbrall @Esp_Interativo @EI_Pl
esportes	RT @10neto: Queria manifestar o respeito e o orgulho do feito desse menino Gabriel Medina. Marcou historia no esporte mundial. http://t.co/
esportes	@Phellippe_ Eu também não me importo! Eu quero ver o cruzeiro vencer sempre, em qualquer tipo de esporte ou competição!!!  Sem ajuda né!!!
esportes	"""Se não for pelo amor,  vai pela dor""  #swimming #natacao   (@ SESC Ipiranga - @sescsp in São Paulo, SP) https://t.co/p5g6uSMOn3"
esportes	Mais um dia.... Friozinho Gostoso.  #Natacão #FocoTotal  @ Social Ramos Clube https://t.co/JM7Lw7Tg1B
esportes	Quando você muda, tudo muda ao seu redor. #bomdia #swimming #nadar #natacao #vambora  @ Aqualins https://t.co/3la81LfrE2
esportes	#Serie #sejogabeth2016 #agua: toda 2af. #natacao competitionsp, Vc vai ver meus desafios e conhecer https://t.co/1wFhn5ncl1
esportes	No fundo da #quadra, de tênis rosa. Dia de mostrar todo meu #talento  #sqn #vôlei #puxeiàmãe https://t.co/MQ2IngoyEG
esportes	. E está aberta a temporada de treinos  da Atlética Infernal  COS UFMT.  #2015 #volei #voleyball @ https://t.co/JmVnOXCL3F
esportes	Hoje o vôlei foi no Sesc! #cornélioprocópio #sesc #sesccp #volleyball  #vôlei @ Sesc Cornélio https://t.co/zvIilGk7Pz
esportes	Dia #Especial com o pessoal do #Volei #Brasileiros jaque1212 #GiovaneGaveo e o #MuriloEndres  https://t.co/X62MbdrTpm
esportes	Eita, bateu uma saudade #MisterRS #Reposting #ProvasEsportivas #Vôlei #TempoBom @ Sociedade Ginástica https://t.co/PCR8vXC6wa
esportes	Voleizinho de ontem teve bom demais. Lindo domingo para todos nós  #BomDia #volei #voleibol #top https://t.co/iBdDJyB9a9
esportes	E assim comeca o #domingao #volei #jaguapita #bomdia @ ginasio de esportes jaguapita https://t.co/n32v1FhPhQ
esportes	Estamos nas semi finais Mogi 91x84 Macaé #mogi #basquete #nbb #lnb #chupamacae #chupajamal @ Ginásio https://t.co/XYMEi4j8sG
esportes	#Basquete  #Franca * #Bauru vitória  nossa rumo #De #hoje #amor #irmão  # @ Ginásio https://t.co/7QP6JTw15d
esportes	Vamos #SPFC rumo ao título do #brasileirão !!!! Go São Paulo!!!!!
esportes	A busca pelo hepta (sem asteriscos) começou! SPFC 2 x 1 Flamengo  #spfc #morumbi #br #brasileirao https://t.co/SrT8DXjFPS
esportes	#brasileirão é tendência em #SãoPaulo http://t.co/PdMcROuKjG
esportes	#VaiCorinthians.. Começamos o #Brasileirão com vitoria. 1x0 sobre o #cruzeiro.. #Corinthians, agora a https://t.co/JZHDuETHYL
esportes	#brasileirao é tendência em #Curitiba http://t.co/vdBI1T1Cnk
esportes	E o árbitro q está indo muito bem esqueceu do 2o amarelo no fim do 1o tempo! Corinthians X Cruzeiro #Brasileirao #VaiCorinthians
esportes	De norte a sul, sempre com o flu ! #Brasileirão #Maraca #Nense @ Maracanã https://t.co/j23aKd5lle
esportes	"""@SporTV: Patric abre o placar para o @atletico #PALxCAM #Brasileirao"" onde está sendo realizado esse jogo?  @Miltonneves será que me dizem?"
esportes	"""@SporTV: Vamos para o segundo tempo! #PALxCAM #Brasileirao"" onde está sendo realizado esse jogo?"
esportes	Torcida que canta e vibra! #selfie #allianzparque #Palmeiras #brasileirao #SquareInstaPic @ Allianz https://t.co/UmN0AjWXdd
esportes	Hoje tem. Palmeiras #Brasileirão
esportes	Hoje tem jogo do Botafogo (8)  #instaphoto #followme #raphabertoldo #Botafogo #Brasileirao #SerieB https://t.co/LyBKVdTPdP
esportes	Enfim, você voltou...! Temporada 2015 #CartolaFC  #Brasileirão #Sarjetas #FutebolTotal #Vício https://t.co/1sgVrXKuQh
esportes	Dale #inter!!! Mais um pra coleção!! ahshshsh acredito até em #Brasileirão esse ano!!! #gauchão! @ https://t.co/mtyoqbi2rN
esportes	Tirinho para finalizar o dia!! #mma #UFC #DSTEAM #KS17 #kelsonFera #KevinSouza #boxe #Floripa #boxing https://t.co/9KXvnjPJcE
esportes	Luis Brito MMA Private Classes - Jiu Jitsu na Synergy #Synergy #Bjjforlife #MMA #UFC #Bellator https://t.co/pAoRtZs1ba
esportes	"""@ufc_brasil: Com suspensão de Jon Jones, Aldo é o novo líder do ranking peso-por-peso http://t.co/NiMzWp4P73   #UFC http://t.co/FEEuXJZgWs"""
esportes	Obrigado mestre @dbolina amigo parcero ivanjatoba família unida jamais  será vencida #UFCMANAUS #ufc https://t.co/RnzScGDRfl
esportes	A #maior #luta do #século está próxima.. #Vegas #mgmgrand #MayweatherPacquiao
esportes	Parabéns ao campeão do peso galo #57kg do Coliseu! #mma #gym #JC15 #intensetraning #preparacaofisica https://t.co/Eu5lt1Pkwp
esportes	Jungle Fight na Band ao vivo...Show as lutas até agora do Card principal...só lutao!!! Parabéns a @BandTV !!#junglefight77 #jiujitsu #MMA
esportes	Quente é mil grau oque o guerreiro diz  #mma #costacombat #teammaximomma #thaicisco https://t.co/gxORVrxQQx
esportes	yurivillefort agora ao vivo no #esporteinterativo #mma #valetudo @ Jardim Zoológico Quinta Da Boa Vista https://t.co/1C4PaSgBfd
esportes	Fechando a sexta feira com um treinão sinistro de Wrestling com @adrianjoude. #MMA #Wretling #Foco https://t.co/4g2jpjncuh
esportes	Luis Brito MMA Private Classes na Synergy... Só os bons na volta!!' #Bjj #Muaythai #MMA #Bjjforlife https://t.co/i7MdnePcHg
esportes	Treinão das 15h concluido! || Training 15h completed!  #mma #muaythai #wrestling https://t.co/bZBWSrqGPh
esportes	Luis Brito MMA Private Classes na Synergy... Só os bons na volta!!' #Bjj #Muaythai #MMA #Bjjforlife https://t.co/0wLwhNo3fC
esportes	Afiando a foice. Os chutes mais poderosos do #valetudo. Criador e criatura!  #mma #RuasValeTudo #RVT https://t.co/C4w8WUeQ0U
esportes	Irmão camarada dede_pederneiras e a nova jaula da #novaunião #família #temporuimotempotodo #mma https://t.co/bCcAsDGKTT
esportes	Por isso que logo o #MMA passará o.boxe.
esportes	Bom dia galera do #surf  Está rolando altas #ondas   em vários picos da #BarradaTijuca https://t.co/srSvWGJuGm
esportes	Marola de ano passado na Praia Grande || Small one || Michel fala pra crl hahaha #surfing #surf https://t.co/UQ459gwN3e
esportes	O craque do surfe Miguel Pupo mostrando um pouco do seu repertório na Barra da Tijuca #surf #surfe https://t.co/QdVTn0zcBl
esportes	Quiksilver Pro Saquarema 2015 como sempre um luxo! #quiksilverpro #saquapro #surf #worldsurfleague @ https://t.co/aPY6SAg71Z
esportes	Final de samana mal começou e eu ja de Cabeça feita :)  #lifestilyle #jiu-jitsu #surf #psy @ Praia do https://t.co/0S4gkwjsyc
esportes	Valeu #GabrielMedina  por nos representar no mundo do #surf @ Praia Da Barra - Posto 5 - Barraca Do https://t.co/swqvxRvLK7
esportes	Bom dia galera Já está quase tudo pronto para o grandes nomes do #surf mundial mostrarem o seu https://t.co/iHrpanqX6E
esportes	Tudo pronto para a grande festa do surfe #postinho #riopro #rio #rj #barradatijuca #surf #surfe #wsl https://t.co/JpBhBh7z33
esportes	#ParqueAquático #EncontrodeCasais #Surf #Habilidade com meu parça vinilafayett  #GoPro @ Termas Dos https://t.co/eSimpCVnGO
esportes	Por aí! #press #surf  #medina #off  #3temporada  #mundomedina #barra #rj @ Praia Barra da Tijuca https://t.co/CTYWiHr15s
esportes	Nas ondas das Ilhas Mentawai!! Brinque com esse cantor surfista!!  #surf #azorra #clipe https://t.co/CklEtz1Xfm
esportes	Gabriel e o Medina! #surf #brothers #riviera #beach #photooftheday #instagood #party #trip #travel @ https://t.co/WyoJFTAtWK
esportes	Está rolando uma brincadeira   #PraiadaBarra #rioaovivo  #posto5 #surf #beach https://t.co/0LwoV7dkET
esportes	Só vitória!  #UnidosDaVilaFC #Varzea #Futebol #Diadema repostapp @juaupaulo_. @ Diadema, Sao Paulo https://t.co/fH8bpNnRUM
esportes	Esse e o #TRINTAO nosso time de sabado...  #sabadeira   #futebol   #amizade   #amigos @ Município https://t.co/yVXU5pGPcp
esportes	Fuzarca numa quinta chuvosa #futebol #Furia #Fuzarca #Crew #friends #bar @ Grêmio Esportivo Campo Grande https://t.co/0WpLSKaXM8
esportes	Foi a melhor defesa do jogo...  E a única que eu fiz também. #futebol #pelada #goleiro #seleção https://t.co/S86sP5UEET
esportes	Final da Copa Verde  Prestigiando o #futebol Mato-Grossense  @cuiabaec x Remo   #euacredito https://t.co/dBqLBHRTf8
esportes	Bola rolando no #Superclasico ...#BocaJuniors. X. #RiverPlate. E viva #futebol no #sportv
esportes	El Morumbi te mata #saopaulo #spfc #tricolor #libertadores #americadosul #futebol @ Estádio do Morumbi https://t.co/7Qd2W2VK6Z
esportes	RT @Prof_AndreGil: Um time! Uma Paixão #avai #ressacadaminhacasa #torcida #fan #soccer #futebol @ Ressacada https://t.co/vdPTFiQN0i
esportes	Futebol muito top com esses feras! Os melhores! #FutebolDePrimeiraNaTerca #top #rain #soccer #futebol https://t.co/De3kTMiHnv
esportes	Esse cara joga muitooooo... #futebol #noite #amigos #society #jogar #jogamuito #futebolarte #mg https://t.co/qXIRwzifE3
esportes	Parabéns ao #Santos pelo caneco! Bonito! Conferi de perto, meeeega pesado! #FPF #futebol https://t.co/R685HL05Zh
esportes	Estréia do uniforme com Goleada! #oscavanhas #fut7 #copaunião #equipe #Surumusic #futebol #niteroi @ https://t.co/5eUyXBIMO2
esportes	Ótima semana aos campeões. #JEC #Galo #Vasco #Inter #Santos #futebol @ Arquivo Highlander https://t.co/GerplXqBlb
esportes	Poxa botafogo só falto você ganha :c hahaha - acertei quase todos os campeões das partidas de hoje u.u #futebol
esportes	Domingo vamos que vamos #Futebol (@ Petit Village in Rio Claro, São Paulo) https://t.co/0GGzHCakN4
esportes	Partiu jogo! Que seja o que Deus quiser. Boa sorte para a gente. #sv #vasco #rj #soccer #futebol https://t.co/negT1NdFa8
esportes	Agora q a luta do século acabou vamos falar do q brasileiro gosta e realmente entende: as finais dos estaduais amanhã pelo Brasil! #futebol
esportes	Time Curva de Rio. Torneio dos trabalhadores 2015 (1°de maio). #Campeonato #futebol #Time #familia https://t.co/6x9r5ZsNUv
esportes	Falaram a semana toda que o time reserva do interzinho era melhor que os titulares do Atlético-PR q quase foi rebaixado no estadual
esportes	Mengo perdeu, e meu timao ganhou do crucru com o time reserva
esportes	Flamengo é um time Razoavel #FimDePapoDasMães
esportes	RT @leeeeeeeet_: Não é uma camisa, é uma pele. Não são 90 minutos, é uma vida toda. Não é um time, é o CORINTHIANS!  http://t.co/OqHX1
esportes	@SandroCampos63 @ricardopharmaci 1 a 1 e o técnico me coloca Cicinho técnico de time grande n pode se contentar com empate
esportes	@EuSouSantastico time sem dinheiro e p limites de 28 jogadores n tinha como contratar mais p paulista  mais ter dado chance p Caio +
esportes	Comecei mal no Cartola, Atlético jogando com os reservas quebrou minhas perna, David Braz ridículo acabou com meu time...
esportes	Meu time #guepardos curtindo o show da #mafiadodende thiagofgoncalves karinadisiervi caetano.z https://t.co/x5Q1crSm7r
esportes	Série A com vários públicos de 6-7 mil pagantes, e olha q nesse ano n tem nenhum time sem torcida, complicado.
esportes	#espntembb3 Qual time campeão estadual iniciou o Brasileirão vencendo? Acho q nenhum...
esportes	Marcos Guilherme surpreendeu hoje, melhor pisicionado, jogando para o time e correndo qdo precisou, já pro Damasceno a camisa ainda pesa
esportes	Empatar c/ o Santos é animador,especialmente pelo bom 2o tempo.Ser goleado pelo Sport,é preocupante.Principalmente pela inoperância do time.
esportes	@NaldoBerghauser era o time do CAP em campo mesmo?? Parecia outro!!! Kkkk
esportes	Não teve UM jogador hoje que JOGOU pra valer,o time estava uma MERDA!
esportes	RT @crf_ligiak: A gente torce por amor ao Flamengo, pq o time........... ta foda
esportes	Jogar contra esse time horrível do Avaí pelo empate é inaceitável, e tivemos sorte ainda. Quase levamos a virada. Vai tomar no cu!
esportes	@DouglasPereirao Verdade, Santos se perder Lucas Lima e Robinho passa a ser time normalzinho.
esportes	@fabio_daniel7 Calma! O Atletico é como o time do Grêmio cada jogo é uma final de copa!
esportes	Mais que um time, uma família que o rugby me proporcionou. Imensamente feliz em poder fazer isso toda https://t.co/BAdRrf38Ef
esportes	@meufigueira argel idiota, mandar time reserva foi idiotisse, esses pontos farao falta.
esportes	RT @welingtonfortes: 1x1 é derrota, o time acha que tá jogando o paulistão ainda, faz um gol e fica de graça, tá ai o resultado...tomaram n
esportes	"""Vasco campeão!"" Vamos com tudo rumo G4"
esportes	"""Vasco empata ou perde!"" Q time lixo...merda ,vsf"
esportes	1x1 é derrota, o time acha que tá jogando o paulistão ainda, faz um gol e fica de graça, tá ai o resultado...tomaram no cu!
esportes	Flamengo perdeu p São Paulo,ms time do São Paulo é absurdo até aceito.
esportes	RT @welingtonfortes: Um empate na ressacada pra mim é derrota, esse time do Avaí é horrível
esportes	Eu tenho raiva de treinador que espera o time levar um gol pra depois mexer
esportes	Nem parecia o mesmo time Atlético com os mesmos jogadores mas jogando muito melhor, e assim q eu quero te ver meu Furacão
esportes	Confesso que eu tava até com saudade de passar raiva com esse time do Flamengo.
esportes	RT @daianacrf: Vocês são chatos pra caramba também. Ficam mais felizes com a derrota do Flamengo do que com a vitória do próprio time, nunc
esportes	Um empate na ressacada pra mim é derrota, esse time do Avaí é horrível
esportes	RT @welingtonfortes: O Marcelo Fernandes só faz alteração no time se algum jogador pedir pra sair, coitado de quem está no banco..
esportes	RT @yuri_mianovichi: Não me conformo o nó tático que o Oswaldo tomou do Levir ontem com time reserva ainda. Pontos perdidos que faz falta n
esportes	O Marcelo Fernandes só faz alteração no time se algum jogador pedir pra sair, coitado de quem está no banco..
esportes	NÃO TO RECONHECENDO ESSE TIME,CADE MEU SANTOS ?????
esportes	O Marcelo deixa o time fazer o que quer em campo
esportes	É uma honra fazer parte deste time, #soladaateofim #SLFC @ CT Solada https://t.co/Yhb0rbCCNp
esportes	Esse time do Avai é horrível não aceito
esportes	SANTOS O TIME DA VIRADA SANTOS O TIME DO AMOR
esportes	O Santos tá dando sorte, ainda bem que esse time do Avaí é ruim
esportes	Foi de arrepiar!! Valeu a pena 38 horas de viagem, representamos o nosso time, a nossa cidade! https://t.co/CXAGjKpWtd
esportes	Eu até assisti a NBB, o foda é que não tenho um time pra torcer, diferente da NBA, que eu torço pelo Bulls.
esportes	Meu corinthians venceu com o time B , boa pra cima deles timão!!!
esportes	Eu aqui, num desanimo total e o meu time (mengo) ainda resolve perder, aff... aí já passou de baixo astral!!!
esportes	Uma atleticana consciente. Não tem essa de time A, B ou C, vestiu a camisa do time já tá representando. O q fica na história é o distintivo.
esportes	Éder Luis, Diguinho e Júlio César são nomes razoáveis, + pela experiência..Se ñ chegar + ninguém, Vasco tem time p sétima, oitava posição..
esportes	Ganha o jogo na única marcação lenta do Butler sobre o LeBron na vida. Mas ele é patrão, decisivo, clutch. Ele era do Heat (meu time).
esportes	Timão ganha do cruzeiro com time reserva sheik monstro
esportes	Preocupa a altura do time do Furacão no meio com Deivid, Jadson, Felipe, só Hernani é alto mas tem que se aprimorar neste quesito
esportes	Dava pra ter feito 3 gols nesse primeiro tempo, mas o nosso time brinca de perder gol
esportes	RT @NogueiraMat: Vasco precisa de, no mínimo, 2 peças no meio-campo. Um volante dinâmico e um meia rápido bom no passe. Resolvendo isso, o
esportes	Luxemburgo só sabe pedir reforços,  fazer o time jogar bola que é bom...
esportes	Jogou bem, mas da pra melhorar mais. Espero que o Marcelo não feche o time no segundo tempo. Pq ele é covarde!
esportes	Final de primeiro tempo: Avaí 0 x 1 @SantosFC.   Gostei do primeiro tempo, mas o time teve a chance de ter matado o jogo, não aproveitou...
esportes	Osvaldo precisa se ligar. Ze na lateral não dá. Gabriel sozinho tb não. Time precisa marcar. E chega de Valdivia, aliás vaza chinelo!
esportes	Vasco precisa de, no mínimo, 2 peças no meio-campo. Um volante dinâmico e um meia rápido bom no passe. Resolvendo isso, o time fica forte.
esportes	NBA tem dessas coisas... Morro de xingar o Lebron e ele salva meu time no segundo seguinte.
esportes	RT @pedro_rhormes: Cleveland vai perder esse jogo e a série porque o time ta forçando demais essas bolas de três ao invés de trabalhar dire
esportes	É lógico que eu achei a postura do time ridícula, acho que tem que chegar reforços. Mas estão tratando como se o time já estivesse rebaixado
esportes	Fazia um bom tempo que eu não vibrava tanto com esse time... #Oarere #esomosamaior @ Arena da Baixada https://t.co/rYbpw6tsD7
esportes	A gente torce por amor ao Flamengo, pq o time........... ta foda
esportes	Milton Cruz hoje escalou um time horrível com 4 volantes, mas depois foi bem nas substituições e deu certo
esportes	@fckstein eu? o time q mais tenho carinho é o gremio s2s2 tu vais vencer es um campeao mundiaaaal
esportes	Se o flamengo contrata mesmo com esse tal 2016 acho q o time tem possibilidade de entrar no g4 depois de 3 anos
esportes	Vergonha? Vergonha é não ir ao estádio, é dizer que é Figueirense só quando o time tá bem, é se https://t.co/6JWmUreycr
esportes	Ñ é ter apenas um time titular bom, é preciso ter pelo menos 17 bons jogadores, já q o campeonato é longo, tem contusões, cartões...
esportes	o que leva os gremistas querer falar do jogo do inter    olha o estado qur está o nosso time, uma merda
esportes	RT @ricardo_johnny: Triste ver os estádios com no máximo 50% de sua capacidade com torcedores, o ingresso é caro, mas o brasileiro tbm só v
esportes	RT @mlqconquista_: Flamengo pode me dar raiva, mais eu amo esse time pp reto
esportes	RT @AlanTomazelli: ~ TIME RESERVA DO INTER, É MELHOR QUE O gremio ~
esportes	Cleveland vai perder esse jogo e a série porque o time ta forçando demais essas bolas de três ao invés de trabalhar direito essa bola.
esportes	RT @fusketa: Não precisa nem frisar que essa é a melhor atuação do Atlético no ano. Foi a primeira vez que o time entrou em campo, na verda
esportes	RT @emersongeo: #espntembb2 o campeão brasileiro estreia e o apresentador nem fala o nome do time?, só fala: e esse foi o jogo do corinthia
esportes	#espntembb2 o campeão brasileiro estreia e o apresentador nem fala o nome do time?, só fala: e esse foi o jogo do corinthians. Afff
esportes	RT @robsonsodre10: Sem reforços a zona da confusão é um pulo ! O time é fraco demais.
esportes	RT @ollymatty: Meio de tabela no máximo esse ano se formos julgar pela merda de futebol que jogamos hoje. Não adianta falar em reforços por
esportes	Pelo jogo do nosso terceiro time e pelos demais jogos,vamos ganhar esse brasileirão, mas não será aquela barbada que imaginávamos.
esportes	Espero que esse time melhore no decorrer do campeonato
esportes	Não sei o que foi mais vergonhoso: O Grêmio empatar com um time oriundo de série B em casa, ou o inter tomar 3 pra outro de série B.
esportes	RT @mauriciovidart: Agr eh esperar ate quarta e ver meu time se classifica na LIBERTADORES!!!!!
esportes	Agr eh esperar ate quarta e ver meu time se classifica na LIBERTADORES!!!!!
esportes	Sem estresse. Time reserva desfalcado. Primeira rodada. É bom até q aconteça isso para colocarmos os pés no chão. Quarta-feira tem decisão.
esportes	Como foi o mega time titular do grêmio hoje?
esportes	Os nego que entendem, sabe que o time reserva do inter é o que tocou o grêmio na final do gauchão
esportes	RT @GBellaver: Não sei que que os gremista querem falando algo, porque que eu saiba tu só pode falar de algo quando faz melhor, e o time d
esportes	@Arslima esse time do flamengo e fraquissimo. Vao precisar muito da arbitrage
esportes	RT @mlqconquista_: FLAMENGUISTA Q É FLAMENGUISTA, VAI APOIAR O TIME PORRA!!! PRIMEIRA RODADA SÓ, DAR RAIVA SIM, MAS TEM QUE APOIAR!!!!!
esportes	Esse novo técnico do SP tá melhorando e mt a organização do time #AvanteMeuTricolor
esportes	Se o flamengo não tiver reforços esse time não vai buscar nada no brasileiro
esportes	RT @Lorranvianna1: @victor_hdsr o cara cala a boca, o inter jogo com o time C entro pra ganhar, mas os cara foram superior. Agora do teu ti
esportes	RT @dudapohl: N foi desta vez Inter, mas colorado de verdade jamais abandona a barca! Vamo que vamo, melhor time, meu orgulho!
esportes	@victor_hdsr o cara cala a boca, o inter jogo com o time C entro pra ganhar, mas os cara foram superior. Agora do teu time valeu
esportes	Não sei que que os gremista querem falando algo, porque que eu saiba tu só pode falar de algo quando faz melhor, e o time d vcs n ta td isso
esportes	"RT @ap_taniaa: ""@Mary1709rj: Golllllllllllllllllllllllllllllllllllllllllllllllll do SãoPaulo!!!!!!!!!!!!!!!!!!""poxa vida Mary vc me represe"
esportes	N foi desta vez Inter, mas colorado de verdade jamais abandona a barca! Vamo que vamo, melhor time, meu orgulho!
esportes	RT @angelo_cnx: Gremista tem que esperar alguém ganhar do Inter pra falar de futebol pq o time deles não tem capacidade a anos
esportes	Gremista tem que esperar alguém ganhar do Inter pra falar de futebol pq o time deles não tem capacidade a anos
esportes	Antes tomar 3 com o time reserva do que 3 com o titular
esportes	Esse time ridículo do @flamengo ta de parabéns
esportes	Inter perdeu pra um time que eu não fazia nem ideia que existia. Que vergonha meu filho
esportes	O pior n é perder de 3x0 com o time reserva é perde p esse time do CAP q pqp né
esportes	Sobre Inter, esse nem time B é. Falta Lisandro, Nico F., Nilton e J. Henrique. Sem falar que o time vai ser misto pro BR.
esportes	Time sem entrosamento nenhum. Até o grêmio ganha.
esportes	"Internacional eterno time do ""fica pro ano que vem"""
esportes	Não me conformo o nó tático que o Oswaldo tomou do Levir ontem com time reserva ainda. Pontos perdidos que faz falta na reta final
esportes	p mim n valeu gol assim, continua um time sem vontade e sem raça!
esportes	"""@Mary1709rj: Golllllllllllllllllllllllllllllllllllllllllllllllll do SãoPaulo!!!!!!!!!!!!!!!!!!""poxa vida Mary vc me representa atè n time"
esportes	RT @KevinMcKr: Querem fala de cuida do proprio time, falou os que ate foguete soltam qnd o gremio perde kkkkkkkk vai vendo
esportes	Lembrando, que estamos jogando com o time B, nem reserva é, pq estamos focado em outra competição
esportes	Querem fala de cuida do proprio time, falou os que ate foguete soltam qnd o gremio perde kkkkkkkk vai vendo
esportes	Aguirre foi otario dms em colocar esse time, Vitinho jogo de ressaca sepa,  Anderson nem pra coloca o pé nòs cara. Lamentável!
esportes	RT @MaatheeusCruuz: Como eu queria um ganso no meu time
esportes	Pra esses vascaínos q estão rindo do meu time, foda se vcs amo meu time incondicionalmente
esportes	Isso q o flamengo esta com o time titular
esportes	Porra Inter, vergonhoso perder pra esse time
esportes	Diretoria do Flamengo, pare de pagar dívidas e faz um time decente. . Porque esse time que tá ai vai dá ruim!!! #mengo!
esportes	RT @welingtonfortes: O Cruzeiro levou gol do Romero, pelo jeito 2015 não vai ser o ano do time mineiro.
esportes	@RobertoUebel se fosse o time titular do Inter (e não o reserva dos reservas) seria mais mico. Fora isso, dá na mesma.
esportes	Como eu queria um ganso no meu time
esportes	Flamengo brinca com a cara dos torcedores porraaaaa!!!! Time fdp .
esportes	Vamos jogar com raça e com o coração é o time do povo é o coringão
esportes	QUE SAUDADES DE GRITAR GOL DO MEU TIME
esportes	O Cruzeiro levou gol do Romero, pelo jeito 2015 não vai ser o ano do time mineiro.
esportes	Não precisa nem frisar que essa é a melhor atuação do Atlético no ano. Foi a primeira vez que o time entrou em campo, na verdade
esportes	Se o Flamengo quer chegar em algum lugar tem que contratar um 10 e melhorar muito esse time.
esportes	RT @KevinMcKr: Isso q da um time depender de um so jogador
esportes	Que que o Aguirre quer coloca time reserva também
esportes	RT @BacanudaKerolyn: Que time de merda
esportes	Mano, o q acontece com esse time? NÃO É POSSÍVEL
esportes	"""@SandroSotigol: O inter achou que brasileirão era grenal pra jogar com time B e ganhar."""
esportes	Pior time do mundo fez 1x0 hahahahahahaha lamentável
esportes	Meu time tá focado em outra competição
esportes	Que time de merda
esportes	@douglasnunes098 tu tem que ver que o inter ta com um terceiro time, e o grêmio tava metendo 2 e tomou 2 gols em dois minutos ne meu
esportes	Larga que teu time empatou em casa contra a ponte preta
esportes	O Inter ta conseguindo a façanha de tomar uma ruim de um time que vai ser rebaixado esse ano, meus parabéns!
esportes	RT @tonini_andrei: Esse time C do Inter é pior que o Grêmio.
esportes	Time do flamengo é um time filho de uma puta
esportes	Isso aiii Luiz Fabiano foi um golaço,  melhor time é o #tricolor
esportes	RT @felipevsf: EU NÃO AGUENTO VER ESSA DESGRAÇA DE TIME RUIM JOGANDO
esportes	@lurmesquita hahahha aí complica! Time reserva é complicado mesmo, mas se duvidar é melhor que o titular do coxa.. Isso sim é sofrer hahahaa
esportes	Caralhooooow! Nem em time de pelada se toma um gol desse. #VaiPraCimaDelesMENGÃO
esportes	Diferença do time q termina a jogada em gol e do q n termina .
esportes	VAI TOMAR NO CU @FLAMENGO TIME LIXO DA DESGRAÇA
esportes	Isso q da um time depender de um so jogador
esportes	Parabéns p time da Libertadores. Que fiasco.
esportes	O brasileirão é aquele campeonato em que pequenos e médios se assanham nas primeiras rodadas e logo caem do cavalo. Sempre assim.
esportes	Primeira rodada do BRzão e os negos já estão chorando. Vou prever o futuro gente: Grêmio e Inter não vão ganhar o campeonato.
esportes	RT @Beto_Morumbi: Iniciando mais um campeonato ! #SPFC (@ Estádio Cícero Pompeu de Toledo (Morumbi) - @saopaulofc in São Paulo, SP) https:/
esportes	"""@phganso: Excelente estréia no Campeonato Brasileiro!! http://t.co/wlIXE33CLx"" excelente estreia? Vc comete um pênalti mediocre e diz isso?"
esportes	Eu tô muito puto, parece que perdi uma final de campeonato.
esportes	#espntembb3 triste demais ver o futebol brasileiro nessa situação. Vc tem a estréia do maior campeonato do país e ñ um show de abertura...
esportes	@SalvioSpinola @ArnaldoESPN @DuduMonsanto @jorgenicola @etironi excelente arbitragem do jogo Avaí x Santos! Parecia campeonato Inglês!
esportes	@campeonissimo já começou o chororô? Não é coincidência,  é campeonato medíocre mesmo. CBF + Conmebol = LIXO
esportes	RT @dmaari_: Avai: 11.462 torcedores, 22h numa quarta-feira. Figueirense: 13.682 final de campeonato. E ainda se dizem o maior do estado? P
esportes	Vasco tinha q começar esse campeonato com uma vitória
esportes	Se o Campeonato Brasileiro terminasse hoje... &gt;&gt;&gt; teríamos um ano inteiro sem futebol.
esportes	@futebolportenho  dps do fim da libertadores,  o campeonato argentino vai ter jogos as quartas feiras?
esportes	Sexta à noite na firma! Campeonato de salto à distância! O trabalho é inevitável, a diversão é https://t.co/BqjQcCh5kZ
esportes	A quantidade de Catarinenses no campeonato é favorável a Inter e Grêmio comparando-se com outras edições. É quase campo neutro.
esportes	Jogamos um volei bom hoje. E acho que nosso time vai participar do campeonato. Mas não sei se vou pilhar jogar, complicado kkkkk
esportes	@AdiltonBass @Wilarruda três OITÃO primeiro jogo no estádio: SP 3x3 Cor campeonato paulista 87.
esportes	esse campeonato é nosso, eu to sentindo
esportes	"É dois, penso assim ""@nacaodepre: Dane-se se o Flamengo vai jogar a Copa do Nordeste ou Campeonato Russo, só não quero que jogue o Carioca"""
esportes	Já estão falando que eles vão brigar pelo título do campeonato brasileiro kkkk
esportes	RT @felipefmiranda: Bom dia Grêmioooo! Eu só te peço esse campeonato!
esportes	Palmeiras treinou hoje em seu Estádio visando a estreia no Campeonato Brasileiro. (Crédito da imagem https://t.co/6JRRslrylp
esportes	Bom dia!! Hoje começa nossa caminhada no Campeonato Paulista Sub-20, vamos em busca do titulo!! As https://t.co/DNATs5nET9
esportes	RT @kesslerguiii: @TOGT_ cebolla chega pra fazer história, conquistar campeonato, com a raça Uruguaia.
esportes	Bom dia Gilmar! Quem será rebaixado no campeonato Brasileirão ?
esportes	@radioesportesfm bom dia galera! Olha acho que todos times que começam em 1º no campeonato é muito difícil ganhar! Acho que Corinthians
esportes	RT @Jrdolin_: To querendo já curti esse campeonato de surf q vai rola na barra, vou imbik domingo depois do black santa
esportes	@fefeeeh ow vc acha que o cara da sua vida tá naqueles campeonato  brasileiro  de  LOL
esportes	O colorado deu sorte que tem mais 37 jogos pelo brasileirão 2015 pra sair da zona de rebaixamento
esportes	PORRA MEU INTER, QUE CRISE!!! Já perdeu 3 jogos no ano, fora de casa. ASSIM NÃO DÁ #ForaAguirre
esportes	@denisfpalmeida Arbitragem foi péssima em alguns jogos, mas acreditar que ela é origem dos nossos problemas é tática do avestruz.
esportes	Dos jogos do Brasileirão a torcida do Avaí ta sendo a única que ta cantando desde que começou o jogo
esportes	FLAMENGO TE AMO... Agr vê se vence os próximos jogos né!!
esportes	Jogos do grêmio são tao bosta q botam num domingo as 11 já p ngm ve
esportes	Esses ultimos jogos corinthians nao tem jogado bem
esportes	RT @Cat_Goulart: Mari faz toda a diferença nos jogos
esportes	Revezando entre Cru x Cor e SP x Fla, não apaguei ainda por um aborto da natureza. Dois jogos horríveis
esportes	Que dó ver os estádios vazios... Que diferença dos jogos da Espanha... Eeee saudade...
esportes	Hoje o Coutinho completa 100 jogos pelo Liverpool. Parabéns amor @Phil_Coutinho
esportes	Confusa com esse novo horário do Brasileiro. A vantagem e que dá pra acompanhar + jogos. Mas ñ sei se prefiro estar aquiii domingo de manhaã
esportes	CBF já pode acabar com esses jogos às 11 da manhã
esportes	1º jogo do Palmeiras no Brasileirão e os caras ja tiram mil conclusões preciptadas sobre o time, pfvr né queridos tem muitos jogos ainda
esportes	@annasep_ uns dos jogos do palmeiras que eu chorei foi naquela semi final do paulista de 2008 contra o São Paulo jamais vo esquecer esse dia
esportes	@lipalestra @rafaelimbiriba não, eu moro a mais de 500km. Mas já fui a jogos, e sei que a torcida faz a diferença, mas não é isso que falei
