esportes	mai torc sc mai club sc joinvill esport club httptcodojkgzztmv 
esportes	amanh dia histor p esport brasil und armour entr brasil atrav spfc 120314 receb kevin plank 
esportes	final gaucha princip produt esport empr bat bol showroom edifici cano ridicul httptcowucjqjctav 
esportes	arlenet10 gost outr esport menos torc ganh ngm tir sarr 
esportes	jec nasc campeaonasceucom tac mao aren joinvill esport club httpstcoczb3pra3t 
esportes	nao forc derrub glori joinvill esport club aren joinvill httpstco3a6woxx3a0 
esportes	nao venh diz futebol alem esport qualqu mex httpstcoylsviv1akn 
esportes	gost paraben joinvill esport club conqu campeonat catarin httpstcoau32firqk0 
esportes	sant praticas esport dign ferv sort venc httpstcovgosasvga7 
esportes	futebol nao esport espetacul acab aqu brasil acontec quatr linh 
esportes	resum fim seman patinaca esport prefer assim corr and httpstcoc29cwwuihd 
esportes	moniqueduard nao sao torc mid tamb esper glob esport amanh trist real 
esportes	rt celabeatriz0 futebol esport depend sort tamb moral 
esportes	arrepi tod trajet merec titul joinvill esport club campea catarin httpstcolz0klhf7gl 
esportes	am esport mai qualqu rival ridicul 
esportes	rt blowssoph am fot aren joinvill esport club httpstco28dvhbxxch 
esportes	esport import fim sao result kit terc lug cdi 3 httpstcotqtaz0nwwc 
esportes	final cop mund ginas our brasil caixaginas ginas esport httpstcocn5e7sfbmh 
esportes	gaaborg biellplac gost esport geral futebol am demal 
esportes	am fot aren joinvill esport club httpstco28dvhbxxch 
esportes	doming feliz tv chei esport ginas nba final paul carioc 
esportes	milha torc tradica goi esport club 1943 httptcosnl6nztyvz 
esportes	boat hoj otim dia pratic ativ fisic lca apo esport doming httpstcov5ueswawvc 
esportes	bat saudad est pert pai agor ver esport espetacul almoc ver sant ganh 
esportes	fic fri cois tod qualqu hist lig esport derrub man 
esportes	lagr het min pass glob esport 
esportes	lind hist glob esport 
esportes	kak agor esport espetacul ning saiiiii 
esportes	gren test clim cop mund final reforc exempl posi httptcol1fog8q0u0 uol 
esportes	cheg mus futebol tod am esport breta brasil mund kkk show bol 
esportes	cois famil nao perd esport ginas artis olimpi invern 
esportes	trein mms doming conclu sucess esport carreg vei httpstcoplsdmav9q 
esportes	outr vid poss ter sid ginast porqu nao norm am esport 
esportes	nov esport cicl caminh plan encontr amig vam feir gu httpstcoykn2zptuxy 
esportes	aren aren joinvill esport club httpstcorhfsumbap7 
esportes	hoj poss diz dia superaca esport vlw cad km vlw apoi erik httpstcovg1gnv2dz 
esportes	hoj poss diz dia superaca esport vlw cad km vlw apoi erik httpstcomvkb6jbtnj 
esportes	palm campea ser otim nao pacienc lembrems derrot faz part esport 
esportes	rt georgehilton10 ministr esport entreg tac campea min futebol varg mg ministr httpstco5g9miain 
esportes	ministr esport entreg tac campea min futebol varg mg ministr httpstco5g9miainuq 
esportes	menos bem menos vc curt box pod fal menos dign fic quiet sobr esport nao conhec 
esportes	ach engrac nunc vi put coment box fal nec esport ont tod mund pod afirm categoric roub 
esportes	nunc vou entend outr esport nao ser futebol hahahahahah 
esportes	igorsaien ah man nao alem gost esport sei rival nao consig gost 
esportes	pen nao gost basquet esport incri 
esportes	rt pedrorhorm nao nad cham lut secul mayweath 470 pacquia 5652 dua lend esport canalcombat ma 
esportes	nao nad cham lut secul mayweath 470 pacquia 5652 dua lend esport canalcombat maypacnocombat 
esportes	conhec sab exginast qto amoo esport fd torc send httpstcoj16xzigum5 
esportes	ministeri esport fe aca projet esport aca aul ministr muay th httpstcouovbkc2bcd 
esportes	rt cuiabanol depo dupl jadsejadson jadsejason jadspaul sobr esport rodei rodeioemtour httpstcov6fwqz54pc 
esportes	obr entreg populaca brasil recurs ministeri esport entreg httpstco2pos7gpoqn 
esportes	tozzafl hernanecrf gent esport inter ach err inclu tim regia 
esportes	depo dupl jadsejadson jadsejason jadspaul sobr esport rodei rodeioemtour httpstcov6fwqz54pc 
esportes	parab coleg esport samp campeo juvenil brasil seleco sub20 
esportes	tao faz vend cop nord esport inter 
esportes	lig aqu lig ei esport inter melhor canal esport mund entrandonasf 
esportes	ministr esport particip log alfen sul min cerimon reinauguraca httpstcoohmvxlffsr 
esportes	cop mund ginas artis ga esport sport ginasiodoibirapu httpstcouw8ujzioft 
esportes	glob esport comec program mostr torc palm comemor gol sant kk 
esportes	hoj rol esport sol ir dorm sol tard feri picnic hipic folowm esport httpstcoih9obbswfn 
esportes	assim acord ced nataliacasemir villalob patim roll fun esport httpstcozqnx1mpgey 
esportes	trein irma 1hnrk esport bom vem gent te nogu recrei httpstcol0np6mr1vf 
esportes	duvid melhor tim melhor esport basquet melhortim melhoresd httpstco4okfvrskxz 
esportes	rt jbelmonte13 parab esport club nov hamburg tem tradica hist 104 ano mostr httpstcovzyb8p 
esportes	redetv defin estre sup faix esport egam conf httptco4adu5snk 
esportes	sext at parcer arranc ecp ecp esport club piracicab automobil httpstcobctalekpkk 
esportes	skateboard bikecros indaiatub mto esport top parqu ecolog indaiatub httpstcoxnn8ztftdg 
esportes	haaaa hj dia esport hahahahh wak wakeboard enquant zaneta trein agu httpstcoqo1ui9fylk 
esportes	pi notic ano mimesport inter ter exclus transmisso championsqu merd 
esportes	tre cois quer ter vist esport pel jog sant ayrton senn corr maycon jordan dand salt 
esportes	velozm nad furi kart cent esport laz httpstcors6tv76hc 
esportes	gdesa14 import integraca bom p esport bom p crianc p futur mao delasshow 
esportes	instacollag inici primav liban pra esport nev prai httpstcoeqkcqyhf49 
esportes	parab esport club nov hamburg tem tradica hist 104 ano mostr httpstcovzyb8pect4 
esportes	ministeri esport cbc benefic club port alegr club gauch gremi nau httpstcodp1agdqy9 
esportes	final domin seleca paul sp ignor oliv craqu via uolesport uol httptcoq43jrnu8zr 
esportes	curtiespn ue nao diss lebron jam pipoc gent nao manj esport ve lanc fal merd 
esportes	descobr nov guerr trein compet amig assim evolu esport parab httpstcoybuuhty5h 
esportes	esport espetacul encontras nest moment assunt moment 10 tendenc httptcomffvmqh2oj httptcozmtw7yxvu 
esportes	lev esport seri rac determinaca nao abandon trein final seman httpstcogpash4w9a 
esportes	mat maravilh esport espetacul sobr lig campeo 
esportes	mat sensac esport espetacul sobr ucl grand campeo nao vi chelse ali 
esportes	fantas prim part mat 60 ano ucl esport espetacul 
esportes	pik mat esport espetacul fal sobr champiom leag 
esportes	esport espetacul pes mat 
esportes	6 mes hor compar result lad grand nom esport stayfocused httpstconmtuaqirxb 
esportes	esport ment pok estilomafi sabada allin la veg lest httpstcocisivlty8v 
esportes	jog doming manh vao pass esport espetacul tip tornei futs 
esportes	duvid artilh ricard oliv comec pag div sant httptcoctjmvtwr6g via igesport 
esportes	viceartilh sao paul pedr cham neym piau httptcoraudsltopb via igesport 
esportes	nov soc interminhav int interminhav scinternac esport club internac httpstcop5iqngiw8 
esportes	sup faix esport viv agor redetv xfc redetv xfcmm xfcnarederv httpstconfqfiyrglh 
esportes	campeonat goncal nataca club mau mat so prim lug esport saud httpstcopw9qnqhhmn 
esportes	folh avanc tecn estrang diz luxemburg httptcovtkxrsoxcb httptcoweu3ha7rq0 engrac 
esportes	basquet esport fod perd pro futebol 
esportes	draga atle goiani apes jog mal desentros comec pe direit seri bganh 1x0 boa esport min 
esportes	nafit slacklin esport dentr nad cord bamb venh skat surf httpstcooih7cll52q 
esportes	hullk jud kid sao principi disciplin esport pequen vao lev rest httpstcoa2igzirduh 
esportes	porqu principi esport ser ludic snatch sincron silviarmr7 giselleperson httpstco6pkj32be8n 
esportes	daqu pouc glob esport jog cuiabaec fal sobr titul sigacopav 2015 httpstcoe5o0mhcpof 
esportes	batebolabr15ning fal campea cop verd cuiab esport club 
esportes	rt geovane92 fim dia trabalh mog mirim esport club httpstco2dxru2imu7 
esportes	notic gremi glob esport mamut anivers fud neg arromb 
esportes	rt cuiabaec acredit campea cuiab esport club campea sigacopav 2015 cop sul httpstco6ll4ju72g 
esportes	nao import esport import pratic mundofort soumundofort saud httpstcox9fsjlv4n8 
esportes	bom dia amanh sab est vez junt esport inter comentari httpstcoqve9lzjtkp 
esportes	emocion espinter nin guerr autor gol titul fal cuiabacampeaono httptcoot8tske3w 
esportes	nao nasc p jog basquet basquet sm contat corp gost esport violent 
esportes	acredit campea cuiab esport club campea sigacopav 2015 cop sul httpstco6ll4ju72g 
esportes	ser faz goi esport club fic copav arroganc 
esportes	rt cuiabaec cuiab esport club final competica nacion vam apoi tim httpstcoikfc2sgh3 
esportes	torc ameac atlet gremi faix httptcoilzgiuhn0l httptco5dfee08upc 
esportes	penult trein ant estre centr trein joinvill esport club httpstcookumemerw 
esportes	denkl agor cole centr trein joinvill esport club httpstcooxxrhfmsyg 
esportes	saudad daquel corinth ant tit cont tatic glob esport 
esportes	tripod agor cole ct morr mei centr trein joinvill esport club httpstcozlrrvcpubu 
esportes	borgesspfc torc simbol sao paul esbravej ser barr pm pint httptcoi5almxebd0 sacan 
esportes	bom dia quintaf comec gravaca cham esport fantas program httpstcoge69cjdsdn 
esportes	cuiab esport club final competica nacion vam apoi tim httpstcoikfc2sgh3 
esportes	grand jog rtnytimesbrasil manchest united fech acord psv holand depay 07051508h48 httptco7iq8bsloiz 
esportes	ha seil ano corr ecolog parqu cumpr funca atrav esport cham httpstcocjoew8xndz 
esportes	brubsvi kkkkkkkkkk cois futebol proporc esport caralh 
esportes	ministr esport receb informaco sobr obr centr paraolimp brasil ministr httpstcouowsi6vja8 
esportes	miltonnev esport doi esta jog difer jog barcel x bayern deu 
esportes	guaran x corinth esta jog esport difer jog barcel x bayern deu 
esportes	hj overdos esport uef nba libert dp vt cop br 
esportes	trein 1630 emjj cbjj famil equipemine goian nog esport kvr httpstcozudlf3xd7q 
esportes	quis lev tud ferr fog dar ruim oliveirafilh boat ministeri esport httpstcoqwizsglzzd 
esportes	garat agor pouc apoi amig secretari tur esport laz est depjuv httpstcozniqtxqfpg 
esportes	atac willian henriqu centr trein joinvill esport club httpstcoongy49xhgv 
esportes	donat cole centr trein joinvill esport club httpstcoxgnhxfyeqv 
esportes	report glob esport aind vem pergunt perdo dudu 
esportes	exmis brasil ped demissa carg secret tur esport httptcobecbems3n5 
esportes	ministr apresent aco past parlament prefeit min ministr esport httpstcowtzcug6sg 
esportes	rt bryanvazz vam vam int dal color esport club internac httpstcor6unernydy 
esportes	jog tim torc basquet nao melhor esport mund nao sei nad am envolv rum sem 
esportes	maurocezarespn nao import rechei deix espn qdo vest camis fez agend partid esquec esport 
esportes	trein 2100 chuv emjj cbjj famil equipemine goian nog esport httpstcojd2evnhgrb 
esportes	fest paulista cutuc leifert arbitr httptcowkey43p8vt 
esportes	mus esport band ah nao per pokolind netbrasileirao2015 botec pedrin zon sul httpstcox2ywvdjyad 
esportes	lut livr acontec astr telecatch via uolesport uol httptcosvshlkxmzj 
esportes	agor radi mix prim receb bandaon esport musicabo vemcomag vemcomsmigol httpstcohhyz0up1cr 
esportes	capixab exalt apoi ministeri esport centr olimp cidad ministr httpstco1evfwjutvb 
esportes	sao paul 2 x 1 flameng 1a rod campeonat brasil 2015 nao interess httpstco4iot56kdur 
esportes	campeonat brasil outr nivel vasc aind precis menos 3 boa contrataco brig sext quint posica 
esportes	flameng nao chanc brig vag libert gent prim jog campeonat 
esportes	sarahwendy sdd 2009 s2 esper flameng encontr segund petckovic long campeonat hah 
esportes	calm gal prim part campeonat derrot serv alert pro decorr brasil flameng srn menga 
esportes	comec campeonat pro flameng vam lig porr 
esportes	af menil corinth ganh estre campeonat brasil esper rac quart feir tmb 
esportes	chapeco campea campeonat brasil anot 
esportes	ult vez flameng estre campeonat brasil perd campea queserepit 
esportes	atle pr 2015 fic 4 pi campeonat pr elimin tup cop brasil 
esportes	rt kelviiin93 comec campeonat brasil empat hoj trabalh consegu vitor httpstcoer2gogagdw 
esportes	inici campeonat spfc estadi cicer pomp toled morumb saopaulofc in sao paul sp httpstco3edazwgvgf 
esportes	hoj comec campeonat brasil unic trihex sao paul tricol spfc sp httpstcoz98aqzyfnd 
esportes	sao paul x flameng campeonat brasil vaipracimadelesmenga estadi cicer pomp toled morumb httpstcohf2mwsr9m9 
esportes	gremi 3 x 3 pont pret prim rod campeonat brasil 2015 
esportes	vou campeonat ingl bor liverpool 
esportes	algum comentar gremi favorit titul campeonat brasil empat pont pret cas tud cert 
esportes	foxsportsbr chelse mand campeonat ingl inglesnofoxsport 
esportes	ult vez liverpool ganh campeonat ingl httptcogfkd0rj6 
esportes	altur campeonat 
esportes	rt tigan amanh 1000 ct rei pel class sansa campeonat paul futebol feminin httptcoepef4osq1h 
esportes	melhor gol campeonat brunogoleiro12 andersonagt venh arenacup vam tud httpstcoi72m2kzjqn 
esportes	comec campeonat brasil empat hoj trabalh consegu vitor httpstcoer2gogagdw 
esportes	prim lug hoj campeonat aqu mog obrig tod contribu algum form httpstco9gakkipc0b 
esportes	dia trabalh equip lutapelapaz campeonat fberj parab etound httpstcoflah4cccah 
esportes	campeonat brasil nao ha melhor 
esportes	man campeonat apen comec flumin tend ajud arbitr pqp 
esportes	sempr am apoi palm 2x2 atle min campeonat brasil httpstcofbs5wtkolg 
esportes	jo atac atleticomg campeonat brasil campeonat nacion pal hhahahahahahahh 
esportes	comec campeonat vamosjec jecnomarac fluxjec marac stadium httpstcodpbr72kwcx 
esportes	brasileira campeonat long perd estre fod aind cas contr tim reserv 
esportes	med car ano pass sofr comec campeonat assim medoo 
esportes	comec bem campeonat enquant perd tim reserv atle min 
esportes	espnag arnaldoespn palm favoritac titul campeonat brasil httptcohrn8rowni5 httptcooazj8lvcc3 
esportes	brasileira 2015 tabel jog campeonat brasil 2015 httptco7qtt9kgzek 
esportes	comec mai fest futebol nacion campeonat brasil vez sera 20 club httpstco2bkytakplp 
esportes	comec campeonat brasil avantepalestr 
esportes	palm x atleticomg campeonat aqu allianz parqu httpstcopndr64cukh 
esportes	comec campeonat brasil vam palestr allianz parqu httpstcoo4az8hio6r 
esportes	comec campeonat brasil 2015 
esportes	amanh 1000 ct rei pel class sansa campeonat paul futebol feminin httptcoepef4osq1h 
esportes	comec campeonat brasil torc pro palm agor sportv 
esportes	bah ganh vitor perd tud norm campeonat brasil 
esportes	campeonat espanhol numer rod tim frent 80 90 pont aqu bo max 6070t grac 
esportes	ser campeonat brasil ano ter grac futebol aqu lix nao afim estress 
esportes	amo campeonat brasil porr merd corinth faz escal tim reserv 
esportes	comec melhor campeonat grac deu 
esportes	mudanc horari jog campeonat brasil boa hah quer imit campeonat europ jog 11h manh 
esportes	pvcefox boa tard pvc sab ter jog seman vem campeonat espanhol ind madr quer ver 01 jog 
esportes	golac bay perd jog campeonat alema 
esportes	comec campeonat vasc ult kkkkkkk httptcoc1s7r7m5p 
esportes	bom dia sab hoj estre campeonat paul sub20 a1 comerc fc x httpstcobxu2bfb9zl 
esportes	doming sant estre campeonat brasil av x sant 
esportes	amanh campeonat surf 
esportes	skat esport mei transport part hist cicatriz cort httpstco3ytghwj62 
esportes	segund temp comec daquel jeitob trabalh pouq kk brahm esport club agud bec httpstcogsmb17e0hc 
esportes	borgesspfc deng michel bast part contr cruz httptcooj86v9qfk via uolesport uol bostaaa 
esportes	transmissa lig campeo esport inter tir zic bel bost eim 
esportes	rt zizacypri folh dudu patamar neym osc diz extecn seleca httptcokbmqzhxrv2 httptcoguzl 
esportes	ah tiagoleifert pass acompanh g esport caus difer pabl sofrenc diz hom chor sim show hein 
esportes	lucaspaquetaa vi car fei glob esport paraben tmj manin 
esportes	georg hilton particip lanc frent parlament esport df ministr esport httpstcouytj30j2t2 
esportes	gal fam formadoseef usp escol educaca fisic esport usp httpstco4updzxcdcu 
esportes	portaldaband ingress barat brasil x mexic estadi palm cust r 100 gtgt httptcol9jeqsupu1 compr 
esportes	car glob esport fez chor hj seri homen lind fiz sant sant 
esportes	segund lot trein 2100 emjj cbjj famil equipemine goian nog esport httpstcocd8lzbvysx 
esportes	uma 5 pesso envi print report glob esport twitt ceceuspfc whatsapp kkkkk corr mund hein 
esportes	nov jeque aren joinvill esport club httpstcokedhntc7m6 
esportes	rt bellafalcon hell bsb cheg pront grav glob esport df ant aliment crianc httpstcozkzpe5h 
esportes	ministr esport educaca discut parc entr dua past aco program httpstcoxkmpbnrpfm 
esportes	vez vem cabec faz academ algum esport sla pass 5 desist 
esportes	rt juliocasaressp amanh dia histor p esport brasil und armour entr brasil atrav spfc 120314 re 
esportes	ant entr ar fal sobr craqu futebol pagin 1 esport pass httpstcomjoqiigupp 
esportes	agor secretari est esport laz juventud sao paul jean mad httpstco7kksri2wu8 
esportes	tiagoleifert caiobarib parab glob esport val fer httptcoaczawyiqup 
esportes	cc ceceuspfc kkk rt uolesport nov camis sao paul vaz twitt hor ant lanc httptcol9mqfmsunb uol 
esportes	part louc trein assist glob esport academ quebr mar httpstcowxje5bzzcj 
esportes	trit ver homen glob esport sp mulh feit jog sant palm 
esportes	tiagoleifert dua cois emocion esport music mens final paul lind parab sant 
esportes	glob esport encontras nest moment assunt moment 6 tendenc httptcomffvmqh2oj httptco5w9u4zw53r 
esportes	glob esport vasc 
esportes	falt melhor glob esport guinazu martin luan rodrig gilbert bernard 
esportes	pass jog glob esport nao cans ver 3 
esportes	quas chor declaraca jog glob esport 
esportes	mehflak po car trein esforc ganh dinh entret porr gent problem ser esport 
esportes	rt welingtonfort glob esport agrad sant dummmm jeit kkkkkk moment amig 
esportes	redacaosportv andr nom tim operari ferroviari esport club nao operariopr abrac tod equip redaca 
esportes	bom dia espec hj parab joinvill esport club campea catarin 2015 vam httpstcon61gflob8j 
esportes	bomd vam pratic esport jor jog region idos lca tamojuntoprojetosaud httpstcofedqkzi7sy 
esportes	hero contr corinth palmeir err penalt vil ped desculp via uolesport uol httptcoc1jfg4nnew 
esportes	jog palm culp mau prim temp vicecampeonat via uolesport uol httptco5yag73r0oq 
esportes	rt grazzibarr httptcorhekp9om4 otim mat sobr ei lug quer trabalh dia kbrall espinter eipl 
esportes	rt 10net quer manifest respeit orgulh feit menin gabriel medin marc hist esport mund httptc 
esportes	phellipp tamb nao import quer ver cruz venc sempr qualqu tip esport competica ajud 
esportes	nao am dor swimming nataca sesc ipirang sescsp in sao paul sp httpstcop5g6usmon3 
esportes	dia fri gost nataca focotot soc ram club httpstcojm7lw7tg1b 
esportes	mud tud mud redor bomd swimming nad nataca vamb aqualim httpstco3la81lfre2 
esportes	seri sejogabeth2016 agu tod 2af nataca competitionsp ver desafi conhec httpstco1wfhn5ncl1 
esportes	fund quadr tenil ros dia mostr tod talent sqn vol puxeiama httpstcomq2ingoyeg 
esportes	abert tempor trein atle infern co ufmt 2015 vol voleyball httpstcojmvnoxcl3f 
esportes	hoj vol sesc cornelioprocopi sesc sesccp volleyball vol sesc corneli httpstcozviilgk7pz 
esportes	dia espec pessoal vol brasil jaque1212 giovanegave muriloendr httpstcox62mbdrtpm 
esportes	eit bat saudad misterr reposting provasespor vol tempobom sociedad ginas httpstcopcr8vxc6w 
esportes	vol ont bom demal lind doming tod bomd vol voleibol top httpstcoibddjyb9a9 
esportes	assim comec dominga vol jaguapit bomd ginasi esport jaguapit httpstcon32v1fhphq 
esportes	sem final mog 91x84 maca mog basquet nbb lnb chupamaca chupajam ginasi httpstcoxymei4j8sg 
esportes	basquet franc bauru vitor rum hoj am irma ginasi httpstco7qp6jtw15d 
esportes	vam spfc rum titul brasileira go sao paul 
esportes	busc hept asterisc comec spfc 2 x 1 flameng spfc morumb br brasileira httpstcosrt8dxjfp 
esportes	brasileira tendenc saopaul httptcopdmcroukjg 
esportes	vaicorinth comec brasileira vitor 1x0 sobr cruz corinth agor httpstcojzhduethyl 
esportes	brasileira tendenc curitib httptcovdbi1t1cnk 
esportes	arbitr ind bem esquec 2o amarel fim 1o temp corinth x cruz brasileira vaicorinth 
esportes	nort sul sempr flu brasileira marac nens marac httpstcoj23akd5ll 
esportes	sportv patric abr plac atle palxc brasileira send realiz jog miltonnev ser diz 
esportes	sportv vam segund temp palxc brasileira send realiz jog 
esportes	torc cant vibr selfi allianzparqu palm brasileira squareinstapic allianz httpstcoumn0ajwxdd 
esportes	hoj palm brasileira 
esportes	hoj jog botafog 8 instaphot followm raphabertold botafog brasileira serieb httpstcolybkvdtpdp 
esportes	enfim volt tempor 2015 cartolafc brasileira sarjet futeboltot vici httpstco1sgvrxkuqh 
esportes	dal int coleca ahshshsh acredit brasileira ano gaucha httpstcomtyoqbi2rn 
esportes	tir final dia mma ufc dste ks17 kelsonf kevinsouz box florip boxing httpstco9kxvnjpjc 
esportes	luil brit mma privat cl jiu jitsu synergy synergy bjjforlif mma ufc bella httpstcopaortzs1b 
esportes	ufcbrasil suspensa jon jon ald nov lid ranking pesoporpes httptconimzwp4p73 ufc httptcofeeuxjzgw 
esportes	obrig mestr dbolin amig parcer ivanjatob famil unid jamal ser venc ufcmanau ufc httpstcornzscgdrfl 
esportes	mai lut secul prox veg mgmgrand mayweatherpacquia 
esportes	parab campea pes gal 57kg colis mma gym jc15 intensetraning preparacaofis httpstcoeu5lt1pkwp 
esportes	jungl fight band vivoshow lut agor card principals luta parab bandtv junglefight77 jiujitsu mma 
esportes	quent mil grau oqu guerr diz mma costacombat teammaximomm thaicisc httpstcogxorvrxqqx 
esportes	yurivillefort agor viv esporteinter mma valetud jardim zoolog quint boa vist httpstco1c4pasgbfd 
esportes	fech sext feir treina sinistr wrestling adrianjoud mma wretling foc httpstco4g2jpjncuh 
esportes	luil brit mma privat cl synergy bom volt bjj muayth mma bjjforlif httpstcoi7mdnepchg 
esportes	treina 15h conclu training 15h completed mma muayth wrestling httpstcobzbwsrqgph 
esportes	luil brit mma privat cl synergy bom volt bjj muayth mma bjjforlif httpstco0wlwhno3fc 
esportes	afi foic chut poder valetud cri criat mma ruasvaletud rvt httpstcoc4w8wueq0u 
esportes	irma camar dedepedern nov jaul novaunia famil temporuimotempotod mma httpstcobccasdgktt 
esportes	log mma pass obox 
esportes	bom dia gal surf rol alt ond vari pic barradatijuc httpstcosrsvwgjugm 
esportes	marol ano pass prai grand small one michel fal crl hahah surfing surf httpstcouq459gwn3 
esportes	craqu surf miguel pup mostr pouc repertori barr tijuc surf surf httpstcoqdvtn0zcbl 
esportes	quiksilv pro saquarem 2015 sempr lux quiksilverpr saquapr surf worldsurfleag httpstcoapy6sag71z 
esportes	final saman mal comec cabec feit lifestilyl jiujitsu surf psy prai httpstco0s4gkwjsyc 
esportes	val gabrielmedin represent mund surf prai barr post 5 barrac httpstcoswqvxrvlk7 
esportes	bom dia gal quas tud pront grand nom surf mund mostr httpstcoihrpanqx6 
esportes	tud pront grand fest surf post riopr rio rj barradatijuc surf surf wsl httpstcojpbhbh7z33 
esportes	parqueaqua encontrodecas surf habil parc vinilafayett gopr term httpstcoesimpcvng 
esportes	pres surf medin off 3tempor mundomedin barr rj prai barr tijuc httpstcoctywihr15 
esportes	ond ilh mentaw brinqu can surf surf azorr clip httpstcockletz1xfm 
esportes	gabriel medin surf broth rivi beach photooftheday instagood party trip travel httpstcowyojftatwk 
esportes	rol brinc praiadab rioaov posto5 surf beach httpstco0lwov7dket 
esportes	vitor unidosdavilafc varze futebol diadem repostapp juaupaul diadem sao paul httpstcofh8bpnnrum 
esportes	trinta tim sab sabad futebol amizad amig municipi httpstcoyvxu5pgpcp 
esportes	fuzarc quint chuv futebol fur fuzarc crew friend bar gremi espor camp grand httpstco0wplskaxm8 
esportes	melhor defês jog unic fiz tamb futebol pel gol seleca httpstcos86sp5ueet 
esportes	final cop verd prestigi futebol matogross cuiabaec x rem euacredit httpstcodbqlbhrtf8 
esportes	bol rol superclas bocajuni x riverplat viv futebol sportv 
esportes	el morumb mat saopaul spfc tricol libert americadosul futebol estadi morumb httpstco7qd2w2vk6z 
esportes	rt profandregil tim paixa av ressacadaminhacas torc fan socc futebol ressac httpstcovdptfiqn0 
esportes	futebol top fer melhor futeboldeprimeiranaterc top rain socc futebol httpstcode3ktmihnv 
esportes	car jog muitoooo futebol noit amig society jog jogamuit futebolart mg httpstcoqxirwzife3 
esportes	parab sant canec bonit confer pert meeeeg pes fpf futebol httpstcor685hl05zh 
esportes	estre uniform gole oscavanh fut7 copaunia equip surumusic futebol nitero httpstco5euyxbimo2 
esportes	otim seman campeo jec gal vasc int sant futebol arqu highland httpstcogerplxqblb 
esportes	pox botafog falt ganh c hahah acert quas tod campeo part hoj uu futebol 
esportes	doming vam vam futebol petit villag in rio clar sao paul httpstco0ggzhcakn4 
esportes	part jog deu quis boa sort gent sv vasc rj socc futebol httpstconegt1ndfa8 
esportes	agor lut secul acab vam fal brasil gost real entend final estad amanh brasil futebol 
esportes	tim curv rio tornei trabalh 2015 1degd mai campeonat futebol tim famil httpstco6x9r5zsnuv 
esportes	fal seman tod tim reserv int melhor titul atleticopr quas rebaix estad 
esportes	meng perd tima ganh crucru tim reserv 
esportes	flameng tim razoa fimdepapodasma 
esportes	rt leeeeeeeet nao camis pel nao sao 90 minut vid tod nao tim corinth httptcooqhx1 
esportes	sandrocampos63 ricardopharmac 1 1 tecn coloc cic tecn tim grand n pod content empat 
esportes	eusousantas tim dinh p limit 28 jog n contrat p paul ter dad chanc p cai 
esportes	comec mal cartol atle jog reserv quebr pern david braz ridicul acab tim 
esportes	tim guepard curt show mafiadodend thiagofgoncalv karinadisierv caetanoz httpstcox5q1crsm7r 
esportes	seri vari publ 67 mil pag ano n nenhum tim torc complic 
esportes	espntembb3 tim campea estad inici brasileira venc ach nenhum 
esportes	marc guilherm surpreend hoj melhor pisicion jog tim corr qdo precis pro damascen camis aind pes 
esportes	empat c sant animadorespec bom 2o tempos gole sport preocupanteprincip inoperanc tim 
esportes	naldoberghaus tim cap camp parec outr kkkk 
esportes	nao jog hoj jog valer tim merd 
esportes	rt crfligiak gent torc am flameng tim fod 
esportes	jog contr tim horri av empat inaceita sort aind quas lev vir tom cu 
esportes	douglaspereira verdad sant perd luc lim rob pass ser tim norm 
esportes	fabiodaniel7 calm atle tim gremi cad jog final cop 
esportes	tim famil rugby proporcion imens feliz pod faz tod httpstcobadrrf38ef 
esportes	meufigu argel idiot mand tim reserv idiot pont fara falt 
esportes	rt welingtonfort 1x1 derrot tim ach jog paulista aind faz gol grac resultadotom n 
esportes	vasc campea vam tud rum g4 
esportes	vasc empat perd tim lixomerd vsf 
esportes	1x1 derrot tim ach jog paulista aind faz gol grac resultadotom cu 
esportes	flameng perd p sao paulom tim sao paul absurd aceit 
esportes	rt welingtonfort empat ressac derrot tim av horri 
esportes	raiv trein esper tim lev gol mex 
esportes	parec tim atle mesm jog jog melhor assim quer ver furaca 
esportes	confess tav saudad pass raiv tim flameng 
esportes	rt daianacrf voc sao chat caramb tamb fic feliz derrot flameng vitor propri tim nunc 
esportes	empat ressac derrot tim av horri 
esportes	rt welingtonfort marcel fernand faz alteraca tim algum jog ped sair coit banc 
esportes	rt yurimianovich nao conform tatic oswald tom lev ont tim reserv aind pont perd faz falt n 
esportes	marcel fernand faz alteraca tim algum jog ped sair coit banc 
esportes	nao reconhec timecad sant 
esportes	marcel deix tim faz qu camp 
esportes	honr faz part dest tim soladaateofim slfc ct sol httpstcoyhb0rbccnp 
esportes	tim av horri nao aceit 
esportes	sant tim vir sant tim am 
esportes	sant dand sort aind bem tim av ruim 
esportes	arrepi val pen 38 hor viag represent tim cidad httpstcocxagjkpwtd 
esportes	assist nbb fod nao tim torc difer nba torc bull 
esportes	corinth venc tim b boa cim tima 
esportes	aqu desan total tim meng aind resolv perd aff pass baix astr 
esportes	atletic consci nao tim b c vest camis tim represent hist distin 
esportes	ed luil digu juli ces sao nom razoa experiencias n cheg ning vasc tim p set oit posica 
esportes	ganh jog unic marcaca lent butl sobr lebron vid patra decis clutch heat tim 
esportes	tima ganh cruz tim reserv sheik monstr 
esportes	preocup altur tim furaca mei deivid jadson felip hernan alt aprimor nest quesit 
esportes	dav ter feit 3 gol prim temp tim brinc perd gol 
esportes	rt nogueiramat vasc precis min 2 pec meiocamp vol dinam mei rap bom pass resolv 
esportes	luxemburg sab ped reforc faz tim jog bol bom 
esportes	jog bem melhor esper marcel nao fech tim segund temp cov 
esportes	final prim temp av 0 x 1 santosfc gost prim temp tim chanc ter mat jog nao aproveit 
esportes	osvald precis lig ze later nao gabriel so tb nao tim precis marc cheg valdiv ali vaz chinel 
esportes	vasc precis min 2 pec meiocamp vol dinam mei rap bom pass resolv tim fort 
esportes	nba dess cois morr xing lebron salv tim segund seguint 
esportes	rt pedrorhorm cleveland perd jog seri porqu tim forc demal bol tre inv trabalh dir 
esportes	logic ach post tim ridicul ach cheg reforc esta trat tim rebaix 
esportes	faz bom temp nao vibr tant tim oar esomosamai aren baix httpstcorybpw6tsd7 
esportes	gent torc am flameng tim fod 
esportes	milton cruz hoj escal tim horri 4 vol bem substituico deu cert 
esportes	fckstein tim car gremi s2s2 val venc es campea mundiaaa 
esportes	flameng contrat tal 2016 ach tim possibil entr g4 3 ano 
esportes	vergonh vergonh nao ir estadi diz figueir tim bem httpstco6jwmureycr 
esportes	n ter apen tim titul bom precis ter menos 17 bom jog campeonat long contuso carto 
esportes	lev grem quer fal jog int est qur tim merd 
esportes	rt ricardojohnny trist ver estadi max 50 capac torc ingress car brasil tbm v 
esportes	rt mlqconqu flameng pod dar raiv amo tim pp ret 
esportes	rt alantomazell tim reserv int melhor gremi 
esportes	cleveland perd jog seri porqu tim forc demal bol tre inv trabalh direit bol 
esportes	rt fusket nao precis fris melhor atuaca atle ano prim vez tim entr camp verd 
esportes	rt emersonge espntembb2 campea brasil estre apresent fal nom tim fal jog corinth 
esportes	espntembb2 campea brasil estre apresent fal nom tim fal jog corinth afff 
esportes	rt robsonsodre10 reforc zon confusa pul tim frac demal 
esportes	rt ollymatty mei tabel max ano julg merd futebol jog hoj nao adiant fal reforc 
esportes	jog terc tim demal jogosv ganh brasileira nao ser barb imaginav 
esportes	esper tim melhor decorr campeonat 
esportes	nao sei vergonh gremi empat tim oriund seri b cas int tom 3 outr seri b 
esportes	rt mauriciovidart agr esper quart ver tim classif libert 
esportes	agr esper quart ver tim classif libert 
esportes	estr tim reserv desfalc prim rod bom acontec coloc pe cha quartaf decisa 
esportes	meg tim titul gremi hoj 
esportes	neg entend sab tim reserv int toc gremi final gaucha 
esportes	rt gbellav nao sei grem quer fal alg porqu saib pod fal alg faz melhor tim 
esportes	arsl tim flameng fraquiss vao precis arbitrag 
esportes	rt mlqconqu flamengu flamengu apoi tim porr prim rod dar raiv sim apoi 
esportes	nov tecn sp melhor organizaca tim avantemeutricol 
esportes	flameng nao reforc tim nao busc nad brasil 
esportes	rt lorranvianna1 victorhdsr car cal boc int jog tim c entr ganh car superi agor ti 
esportes	rt dudapohl n dest vez int color verdad jamal abandon barc vam vam melhor tim orgulh 
esportes	victorhdsr car cal boc int jog tim c entr ganh car superi agor tim val 
esportes	nao sei grem quer fal alg porqu saib pod fal alg faz melhor tim vc n td 
esportes	rt aptania mary1709rj golllllllllllllllllllllllllllllllllllllllllllllllll saopaulopox vid mary repres 
esportes	n dest vez int color verdad jamal abandon barc vam vam melhor tim orgulh 
esportes	rt angelocnx grem esper algu ganh int fal futebol tim nao capac ano 
esportes	grem esper algu ganh int fal futebol tim nao capac ano 
esportes	ant tom 3 tim reserv 3 titul 
esportes	tim ridicul flameng parab 
esportes	int perd tim nao faz ide exist vergonh filh 
esportes	pi n perd 3x0 tim reserv perd p tim cap pqp 
esportes	sobr int tim b falt lisandr nic f nilton j henriqu fal tim ser mist pro br 
esportes	tim entros nenhum gremi ganh 
esportes	internac etern tim pro ano vem 
esportes	nao conform tatic oswald tom lev ont tim reserv aind pont perd faz falt ret final 
esportes	p n val gol assim continu tim vontad rac 
esportes	mary1709rj golllllllllllllllllllllllllllllllllllllllllllllllll saopaulopox vid mary represent n tim 
esportes	rt kevinmckr quer fal cuid propri tim fal foguet solt qnd gremi perd kkkkkkkk vend 
esportes	lembr jog tim b reserv foc outr competica 
esportes	quer fal cuid propri tim fal foguet solt qnd gremi perd kkkkkkkk vend 
esportes	aguirr otari dm coloc tim vit jog ressac sep anderson coloc pe car lamenta 
esportes	rt maatheeuscruuz quer gans tim 
esportes	vascain esta rind tim fod vc amo tim incondic 
esportes	flameng tim titul 
esportes	porr int vergonh perd tim 
esportes	diret flameng par pag div faz tim decent porqu tim ruim meng 
esportes	rt welingtonfort cruz lev gol romer jeit 2015 nao ser ano tim min 
esportes	robertouebel tim titul int nao reserv reserv mic mesm 
esportes	quer gans tim 
esportes	flameng brinc car torc porraaaa tim fdp 
esportes	vam jog rac coraca tim pov coringa 
esportes	saudad grit gol tim 
esportes	cruz lev gol romer jeit 2015 nao ser ano tim min 
esportes	nao precis fris melhor atuaca atle ano prim vez tim entr camp verdad 
esportes	flameng qu cheg algum lug contrat 10 melhor tim 
esportes	rt kevinmckr tim depend jog 
esportes	aguirr qu coloc tim reserv tamb 
esportes	rt bacanudakerolyn tim merd 
esportes	man acontec tim nao possi 
esportes	sandrosotigol int ach brasileira gren jog tim b ganh 
esportes	pi tim mund fez 1x0 hahahahahahah lamenta 
esportes	tim foc outr competica 
esportes	tim merd 
esportes	douglasnunes098 ver int terc tim gremi tav met 2 tom 2 gol doi minut 
esportes	larg tim empat cas contr pont pret 
esportes	int consegu facanh tom ruim tim ser rebaix ano parab 
esportes	rt toniniandr tim c int pi gremi 
esportes	tim flameng tim filh put 
esportes	aii luiz fabi golac melhor tim tricol 
esportes	rt felipevsf nao aguent ver desgrac tim ruim jog 
esportes	lurmesquit hahahh compl tim reserv complic duvid melhor titul cox sim sofr hahaha 
esportes	caralhooooow tim pel tom gol vaipracimadelesmenga 
esportes	diferenc tim termin jog gol n termin 
esportes	tom cu flameng tim lix desgrac 
esportes	tim depend jog 
esportes	parab p tim libert fiasc 
esportes	brasileira campeonat pequen medi assanh prim rod log ca caval sempr assim 
esportes	prim rod brza neg esta chor vou prev futur gent gremi int nao vao ganh campeonat 
esportes	rt betomorumb inici campeonat spfc estadi cicer pomp toled morumb saopaulofc in sao paul sp http 
esportes	phgans excel estre campeonat brasil httptcowlixe33clx excel estre comet penalt mediocr diz 
esportes	put parec perd final campeonat 
esportes	espntembb3 trist demal ver futebol brasil situaca estre mai campeonat pal n show abert 
esportes	salviospinol arnaldoespn dudumonsant jorgenicol etiron excel arbitr jog av x sant parec campeonat ingl 
esportes	campeoniss comec choror nao coincidenc campeonat mediocr cbf conmebol lix 
esportes	rt dmaar av 11462 torc 22h quartaf figueir 13682 final campeonat aind diz mai est p 
esportes	vasc comec campeonat vitor 
esportes	campeonat brasil termin hoj gtgtgt teri ano int futebol 
esportes	futebolportenh dp fim libert campeonat argentin ter jog quart feir 
esportes	sext noit firm campeonat salt distanc trabalh inevita diversa httpstcobqjqcch5kz 
esportes	quant catarin campeonat favora int gremi comparandos outr edico quas camp neutr 
esportes	jog vol bom hoj ach tim particip campeonat nao sei vou pilh jog complic kkkkk 
esportes	adiltonbas wilarrud tre oita prim jog estadi sp 3x3 cor campeonat paul 87 
esportes	campeonat sent 
esportes	doi pens assim nacaodepr danes flameng jog cop nord campeonat russ nao quer jog carioc 
esportes	esta fal vao brig titul campeonat brasil kkkk 
esportes	rt felipefmirand bom dia gremiooo pec campeonat 
esportes	palm trein hoj estadi vis estre campeonat brasil credit imag httpstco6jrrslrylp 
esportes	bom dia hoj comec caminh campeonat paul sub20 vam busc titul httpstcodnats5net9 
esportes	rt kesslerguii togt ceboll cheg faz hist conquist campeonat rac urugua 
esportes	bom dia gilm ser rebaix campeonat brasileira 
esportes	radioesportesfm bom dia gal ach tod tim comec 1o campeonat dificil ganh ach corinth 
esportes	rt jrdolin quer curt campeonat surf rol barr vou imbik doming black sant 
esportes	fefeeeh ow ach car vid naquel campeonat brasil lol 
esportes	color deu sort 37 jog brasileira 2015 sair zon rebaix 
esportes	porr int cris perd 3 jog ano cas assim nao foraaguirr 
esportes	denisfpalme arbitr pess algum jog acredit orig problem tatic avestruz 
esportes	jog brasileira torc av send unic cant desd comec jog 
esportes	flameng amo agr ve venc prox jog 
esportes	jog gremi sao tao bost bot doming 11 p ngm ve 
esportes	ult jog corinth nao jog bem 
esportes	rt catgoulart mar faz tod diferenc jog 
esportes	revez cru x cor sp x fla nao apag aind abort natur doi jog horri 
esportes	ver estadi vazi diferenc jog espanh eee saudad 
esportes	hoj cout complet 100 jog liverpool parab am philcout 
esportes	confus nov horari brasil vantag acompanh jog n sei prefir est aquii doming manha 
esportes	cbf pod acab jog 11 manh 
esportes	1o jog palm brasileira car tir mil concluso precipt sobr tim pfvr quer jog aind 
esportes	annasep um jog palm chor naquel sem final paul 2008 contr sao paul jamal vo esquec dia 
esportes	lipalestr rafaelimbirib nao mor 500km jog sei torc faz diferenc nao fal 
