esportes	A maior torcida SC maior clube SC - Joinville Esporte Clube http://t.co/dojKgZZTMv
esportes	Amanha dia historico p esporte brasileiro. A Under Armour entra Brasil. E atraves SPFC. Em 12.03.14, recebia Kevin Plank.
esportes	Final Gauchao. Principal produto esporte empresa. E Bate Bola showroom edificio Canoas. Ridiculo! http://t.co/WUCJQjcTaV
esportes	@arlenet10 gostar outro esporte, menos torcedores, ganha, ngm tirando sarro
esportes	Jec nasceu campeao,nasceu,com taca mao @ Arena Joinville Esporte Clube https://t.co/cZB3PRa3to
esportes	E nao forca derrube glorioso Joinville Esporte Clube ! @ Arena Joinville https://t.co/3A6woxX3A0
esportes	Nao venha dizer E SO FUTEBOL... Isso alem esporte qualquer. Isso mexe https://t.co/YLsviv1aKN
esportes	Gostaria parabenizar Joinville Esporte Clube conquista campeonato catarinense!!! Mas https://t.co/AU32fIrqK0
esportes	No Santos pratica-se esporte, dignidade fervor, sorte, vencido https://t.co/vGoSASVgA7
esportes	Se futebol nao esporte espetacular, acabado aqui Brasil, acontece quatro linhas.
esportes	Resumo fim semana; Patinacao , Meu esporte preferido!!! . Assim corrida, andar https://t.co/C29cwwuIhD
esportes	@moniqueduarda nao sao torcedores, midia tambem, espero globo esporte amanha, triste realidade
esportes	RT @Celabeatriz0: Futebol esporte depende sorte tambem moral...
esportes	E arrepiar, toda trajetoria merecia titulo, Joinville Esporte Clube campeao Catarinense https://t.co/lZ0KLhf7gl
esportes	Meu amor esporte maior qualquer rivalidade ridicula
esportes	RT @blowssophia: Muito amor foto. @ Arena Joinville Esporte Clube https://t.co/28DVHBxxch
esportes	No esporte , importa fim sao resultados . Ai kit terceiro lugar CDI 3* https://t.co/tQtAz0NwWC
esportes	Final Copa Mundo Ginastica! Ouro Brasil!!! #CaixaGinastica #Ginastica #Esporte @ https://t.co/CN5e7sFbmh
esportes	@_GaaBorges @biellplacido gosto esporte geral, futebol amor demais
esportes	Muito amor foto. @ Arena Joinville Esporte Clube https://t.co/28DVHBxxch
esportes	Domingo feliz TV cheia esporte - ginastica, NBA, final Paulista Carioca.
esportes	Um milhao torcida tradicao Goias Esporte Clube 1943 http://t.co/sNl6nZTyVZ
esportes	#BoaTarde hoje otimo dia praticar atividade fisica A #LCA apoia #esporte. #Domingo https://t.co/V5UesWawVC
esportes	Bate saudade estar perto pai agora, ver Esporte Espetacular ele, almocar ver Santos ganhar
esportes	Eu fico frio coisa, toda qualquer historia ligada esporte derruba mano
esportes	Lagrimas heteras mina passando globo esporte
esportes	linda historia Globo Esporte!
esportes	KAKA AGORA NO ESPORTE ESPETACULAR. NINGUEM SAIIIIII
esportes	Gre-Nal testa 'clima Copa Mundo' final reforca exemplo positivo http://t.co/l1FOg8Q0u0 @UOL
esportes	Cheguei Museu Futebol, todo amante esporte bretao brasileiro mundo kkk, show bola
esportes	Coisas familia nao perde esporte: Ginastica Artistica Olimpiadas Inverno
esportes	"Mais treino MMSS domingo concluido sucesso!!! ""Meu esporte carrego veia"" https://t.co/plSDmav9QA"
esportes	Numa outra vida posso ter sido ginasta porque nao normal amor esporte
esportes	Novo esporte: ciclismo! A caminho Plano encontrar amigos. Vamos? @ Feira Guara https://t.co/YkN2ZptUXY
esportes	Ja Arena @ Arena Joinville Esporte Clube https://t.co/RHfsumBAp7
esportes	Hoje posso dizer dia superacao esporte, vlw cada km, vlw apoio Erika https://t.co/VG1gNV2dzs
esportes	Hoje posso dizer dia superacao esporte, vlw cada km, vlw apoio Erika https://t.co/MVKb6jBtnJ
esportes	Se #Palmeiras campeao sera otimo!!! Se nao for, paciencia. Lembrem-se derrota faz parte esporte..
esportes	RT @GEORGEHILTON10: Ministro Esporte entregara taca campeao mineiro futebol Varginha (MG) O ministro https://t.co/5G9miAin
esportes	Ministro Esporte entregara taca campeao mineiro futebol Varginha (MG) O ministro https://t.co/5G9miAinUq
esportes	Menos, bem menos. Vcs curte boxe, pode falar. Eu menos dignidade ficar quietinho sobre esporte nao conheco
esportes	Acho engracado, nunca vi puto comentando boxe, falando necas esporte. Ontem todo mundo podia afirmar categoricamente roubo?
esportes	Nunca vou entender outro esporte nao ser Futebol. Hahahahahaha
esportes	@IgorSaiene ah mano, nao como. E alem gostar esporte, sei la, rivalidade mesmo. Nao consigo gostar.
esportes	Tenho pena nao gosta basquete, esporte incrivel!
esportes	RT @pedro_rhormes: Nao nada chamam luta seculo! Mayweather 47-0, Pacquiao 56-5-2. Duas lendas esporte @canalCombate #Ma
esportes	Nao nada chamam luta seculo! Mayweather 47-0, Pacquiao 56-5-2. Duas lendas esporte @canalCombate #MayPacnoCombate
esportes	Quem conhece sabe ex-ginasta qto amooo esporte! Esse fds torcida sendo https://t.co/j16XZiGUM5
esportes	Ministerio Esporte Fe Acao Projeto Esporte Acao Aulas Ministradas: Muay Thai https://t.co/uoVbkc2bCD
esportes	RT @Cuiabano_Lima: #depoimento dupla @jadsejadson #jadsejason jadspaulo sobre esporte #rodeio #rodeioemtouros https://t.co/V6fwqZ54Pc
esportes	Mais obra entregue populacao brasileira. Com recursos Ministerio Esporte entregamos https://t.co/2Pos7GpOQN
esportes	@TozzaFla @HernaneCRF gente esporte interativo achando errado incluir times regiao
esportes	#depoimento dupla @jadsejadson #jadsejason jadspaulo sobre esporte #rodeio #rodeioemtouros https://t.co/V6fwqZ54Pc
esportes	Parabens colegas esporte Sampa!!! Campeoes juvenil Brasileiro Selecoes sub20
esportes	To tao fazer vendo copa nordeste esporte interativo
esportes	LIGA E AQUI LIGA NO EI, esporte interativo melhor canal esportes mundo #EntrandoNasFinais
esportes	Ministro Esporte participa logo Alfenas Sul Minas cerimonia reinauguracao https://t.co/OHmVxlfFSr
esportes	Copa Mundo Ginastica Artistica ('*) #ga #esporte #sport #ginasiodoibirapuera https://t.co/uW8ujzIoft
esportes	Globo Esporte comecou programa mostrando torcida Palmeiras comemorando gol Santos kk
esportes	Hoje rolar esporte SOL ir dormir. #sol #tarde #feriado #picnic #hipica #folowme #esporte https://t.co/iH9OBBswFn
esportes	So assim acordar cedo @nataliacasemiro #villalobos #patins #roller #fun #esporte @ https://t.co/zQNx1mPgey
esportes	Treino irmao @1hnrke ....esporte bom vem gente .... @ Team Nogueira Recreio https://t.co/L0nP6mR1vf
esportes	Sem duvida melhor time, melhor esporte! #basquete #melhortime #melhoresdias https://t.co/4OKFVrSKXZ
esportes	RT @jbelmonte13: Parabens ESPORTE CLUBE NOVO HAMBURGO! Tens tradicao historia 104 anos! Tu mostrou https://t.co/vZYb8p
esportes	"RedeTV! define estreias Super Faixa Esporte"" ""E-Games""; confira http://t.co/4adU5sNkEi"""
esportes	Sexta atarde parceros arrancada ECPA !! @ ECPA - Esporte Clube Piracicabano De Automobilismo https://t.co/bCTalekpKk
esportes	#skateboard #bikecross indaiatuba mto esporte top @ Parque Ecologico Indaiatuba https://t.co/Xnn8ZTFTDg
esportes	Haaaaa hj dia esporte hahahahha #wake !!! #wakeboard enquanto @zanetao treina agua https://t.co/QO1ui9fYlK
esportes	Pior noticia ano mim:esporte interativo tera exclusividade transmissoes champions,que merda!!
esportes	Tres coisas queria ter visto esporte, Pele jogando Santos, Ayrton Senna correndo Maycon Jordan dando saltos.
esportes	Veloz,mas nada furiosa @ Kart Center Esporte Lazer https://t.co/RS6TV76HcE
esportes	@gdesa14 Muito importante integracao, bom p esporte, bom p criancas, p futuro maos delas...show!
esportes	#instacollage No inicio primavera Libano, pratica esporte neve praia https://t.co/eQkcqYhf49
esportes	Parabens ESPORTE CLUBE NOVO HAMBURGO! Tens tradicao historia 104 anos! Tu mostrou https://t.co/vZYb8peCT4
esportes	Ministerio Esporte CBC beneficia clubes Porto Alegre Os clubes gauchos Gremio Nautico https://t.co/DP1aGdQY9E
esportes	Finalistas dominam selecao Paulista; SP ignorado Oliveira craque via @UOLEsporte @UOL http://t.co/q43JRNu8zR
esportes	@CurtiESPN: Ue, nao disseram LeBron James pipoqueiro? gente nao manja esporte, ve lance fala merda
esportes	Descobrindo novos guerreiros, treinando competindo amigos, assim evoluimos esporte. Parabens https://t.co/YbUUHty5Ho
esportes	'Esporte Espetacular' encontra-se neste momento Assunto Momento (10). Mais tendencias http://t.co/MffVmqH2oJ http://t.co/zMtw7YxVUO
esportes	Quem leva esporte serio raca determinacao, nao abandona treinos final semana! https://t.co/GPasH4W9aa
esportes	Que materia maravilhosa Esporte Espetacular sobre Liga Campeoes!!!!
esportes	materia sensacional esporte espetacular sobre ucl. grandes campeoes. nao vi chelsea ali
esportes	Fantastico primeira parte materia 60 anos UCL Esporte Espetacular
esportes	Muito pika materia esporte espetacular falando sobre champions league
esportes	Esporte espetacular pesado materia
esportes	6 meses depois, hora comparar resultados lado grandes nomes esporte! #StayFocused https://t.co/nMtUAqirXb
esportes	O Esporte Mente! #Poker #EstiloMafioso #Sabadao #AllIn @ Las Vegas Leste https://t.co/CISIvlTy8V
esportes	Esses jogos domingo manha vao passar esporte espetacular tipo torneio futsal?
esportes	De duvida artilheiro, Ricardo Oliveira comeca pagar divida Santos http://t.co/CTJMvtwR6G via @igesporte
esportes	Vice-artilheiro Sao Paulo pedreiro chamado Neymar Piaui http://t.co/rAudsLtoPb via @igesporte
esportes	Mais nova socia interminhavida #inter #interminhavida #scinternacional @ Esporte Clube Internacional https://t.co/p5IQnGiw8O
esportes	Ja Super Faixa Esporte. Ao vivo, agora, RedeTV! #xfc #redetv #xfcmma #xfcnarederv https://t.co/NFQfiYrgLH
esportes	Campeonato Goncalense natacao Clube Maua. Mateus Soares primeiro lugar. #esporte #saude https://t.co/Pw9QNqhHmn
esportes	@folha: Somos avancados tecnicos estrangeiros, diz Luxemburgo http://t.co/vtkXrsoxCb http://t.co/WeU3ha7RQ0 engracado
esportes	Basquete esporte foda! So perde pro futebol
esportes	Dragao atletico goianiense apesar jogar mal,e desentrosado, comeca pe direito serie B,ganhou 1x0 Boa esporte Mineiro
esportes	#nafita #slackline Se #esporte dentro! Nada corda bamba! Que venha #skate #surf https://t.co/OIh7cLl52Q
esportes	"#hullks - Judo Kids - ""Sao principios disciplinas esporte pequenos vao levar resto https://t.co/A2IGZIrDuH"
esportes	Porque principio esporte ser ludico.... Snatch sincronizado! silviarmr7 gisellepersonal @ https://t.co/6PkJ32bE8N
esportes	Daqui pouco Globo Esporte, jogadores @cuiabaec falam sobre titulo @sigacopaverde 2015. https://t.co/e5o0mHCPOf
esportes	#batebolabr15ninguem falar campeao copa Verde Cuiaba esporte clube? ????
esportes	RT @Geovane92: Fim De dia Trabalho ! @ Mogi Mirim Esporte Clube https://t.co/2DxrU2IMu7
esportes	Noticia gremio globo esporte, mamute aniversa... Mas fuder nego arrombado
esportes	RT @CuiabaEC: Nos acreditamos campeao. Cuiaba Esporte Clube campeao @sigacopaverde 2015. Copa Sul https://t.co/6lL4jU72go
esportes	Nao importe esporte, importante praticar ! #mundoforte #soumundoforte #saude https://t.co/X9Fsjlv4N8
esportes	Bom dia!!! Amanha (sabado) estaremos vez juntos Esporte Interativo comentarios https://t.co/QvE9lZJtKP
esportes	"Emocionei ""@Esp_Interativo: Olha Nino Guerreiro, autor gol titulo, falou! #CuiabaCampeaoNoEI http://t.co/ot8tSke3Wa"""
esportes	Nao nasci p jogar Basquete, basquete sm contato ,sem corpo ...eu gosto esporte violento !
esportes	Nos acreditamos campeao. Cuiaba Esporte Clube campeao @sigacopaverde 2015. Copa Sul https://t.co/6lL4jU72go
esportes	O sera faz Goias Esporte Clube ficar #CopaVerde ? Arrogancia?
esportes	RT @CuiabaEC: O CUIABA ESPORTE CLUBE final competicao nacional, vamos apoiar time https://t.co/Ikfc2SGh3O
esportes	Torcedores ameacam atletas #Gremio faixas http://t.co/iLzGiUHn0l http://t.co/5dFEe08uPC
esportes	Penultimo treino antes estreia A @ Centro De Treinamento Do Joinville Esporte Clube https://t.co/oKuMEmerWS
esportes	Denkler agora coletiva @ Centro De Treinamento Do Joinville Esporte Clube https://t.co/OxXrhfmSyg
esportes	Saudade daquele Corinthians ANTES DO TITE CONTAR AS TATICAS DELE NO GLOBO ESPORTE
esportes	Tripodi agora coletiva CT Morro Meio @ Centro De Treinamento Do Joinville Esporte Clube https://t.co/zlrRVCPUBU
esportes	@borgesspfc: Torcedor simbolo Sao Paulo esbraveja ser barrado PM pintura http://t.co/i5alMxeBd0 Sacanagem!
esportes	Bom dia!!!! A quinta-feira comecou gravacao chamada Esporte Fantastico! O programa https://t.co/gE69CJDSDn
esportes	O CUIABA ESPORTE CLUBE final competicao nacional, vamos apoiar time https://t.co/Ikfc2SGh3O
esportes	"Grande jogador RT""@NyTimesBrasil: Manchester United fecha acordo PSV holandes Depay (07/05/15-08h48): http://t.co/7iq8bSlOIz"""
esportes	Ha seis anos, Corrida Ecologica Parque cumpre funcao de, atraves esporte, chamar https://t.co/CjoEW8XNDz
esportes	@_BrubsVieira kkkkkkkkkk coisas futebol proporciona ne... Esporte caralho
esportes	Ministro Esporte recebe informacoes sobre obras Centro Paraolimpico Brasileiro O ministro https://t.co/uOwsI6VJA8
esportes	@Miltonneves Esse esporte dois estao jogando diferente jogaram Barcelona x Bayern. Meu Deus!
esportes	O Guarani x Corinthians estao jogando esporte diferente jogaram Barcelona x Bayern. Meu Deus!
esportes	Hj overdose esporte, uefa, nba, liberta dps vt copa br
esportes	Treino 16:30 #emjj #cbjj #familia #equipemineirinho #goiania #nogi #esporte #kvra https://t.co/zUdlf3XD7Q
esportes	"Se quiser levar tudo ""ferro fogo"", dar ruim... #OliveiraFilho #BoaTarde @ Ministerio Esporte https://t.co/QWIZSGLZzD"
esportes	Garati agora pouco apoio amigo Secretario Turismo, Esporte Lazer Estado, Dep.Juvir https://t.co/ZnIqTxqFPG
esportes	Atacante Willian Henrique @ Centro De Treinamento Do Joinville Esporte Clube https://t.co/ONgy49XHgV
esportes	Donato coletiva @ Centro De Treinamento Do Joinville Esporte Clube https://t.co/xgNHXfyEqV
esportes	"E reporter Globo Esporte ainda vem pergunta ""perdoa dudu?"""
esportes	Ex-miss Brasil pede demissao cargo Secretaria Turismo Esporte http://t.co/BeCbEMs3n5
esportes	Ministro apresenta acoes pasta parlamentares prefeitos Minas O ministro Esporte, https://t.co/wtzcuG6SgI
esportes	RT @Bryanvazz: Vamo Que Vamo Meu Inter Dale Colorado @ Esporte Clube Internacional https://t.co/R6uNErNYdy
esportes	Que jogo! Que time! Que torcida! Se basquete nao melhor esporte mundo, nao sei nada! Muito amor envolvido! Rumo semi!
esportes	@MauroCezarESPN nao importa recheio. Deixei ESPN qdo vestiu camisa fez agenda partidaria esqueceu esporte.
esportes	Treino 21:00 chuva! #emjj #cbjj #familia #equipemineirinho #goiania #nogi #esporte https://t.co/jD2EVNhGRb
esportes	Festa Paulistao cutucada Leifert arbitragem http://t.co/WkEY43p8vt
esportes	Musas esporte Band AH NAO PERA #pokolindas #netbrasileirao2015 @ Boteco Pedrini Zona Sul https://t.co/X2YwVdjyaD
esportes	Luta livre: O aconteceu astros telecatch? via @UOLEsporte @UOL http://t.co/SvSHlkXmzJ
esportes	Agora Radio Mix De Primeira recebe @bandaonica #esporte #musicaboa #vemcomagente #vemcomsmigol @ https://t.co/HHYZ0uP1CR
esportes	Capixabas exaltam apoio Ministerio Esporte Centro Olimpico cidade O ministro https://t.co/1eVfWJUTVB
esportes	"Sao Paulo 2 x 1 Flamengo - 1a rodada Campeonato Brasileiro 2015 - ""Pra nao interessa https://t.co/4IOt56KdUr"
esportes	Campeonato brasileiro outro nivel.... #Vasco ainda precisa menos 3 boas contratacoes, brigar sexta, quinta posicao..
esportes	Flamengo nao chances brigar vaga libertadores gente primeiro jogo campeonato
esportes	@sarahwendy Sdds 2009 s2 Espero Flamengo encontre segundo Petckovic longo campeonato haha
esportes	Calma galera primeira partida Campeonato!! Essa derrota servir alerta pro decorrer Brasileiro!! #Flamengo #SRN #Mengao
esportes	Comecou campeonato pro Flamengo!! Vamos ligar... Porra!!
esportes	Af menis Corinthians ganhou estreia campeonato Brasileiro, espero raca quarta feira tmb
esportes	Chapecoense campeao campeonato Brasileiro! Anota ai!
esportes	A ultima vez flamengo estreou campeonato Brasileiro perdendo, campeao #queserepita
esportes	Atletico PR 2015: - Ficou 4 piores campeonato PR - Foi eliminado TUPI Copa Brasil
esportes	RT @kelviiin93: Comecamos Campeonato Brasileiro empate hoje! Trabalhar conseguirmos vitoria https://t.co/eR2GOGaGdw
esportes	Iniciando campeonato ! #SPFC (@ Estadio Cicero Pompeu Toledo (Morumbi) - @saopaulofc in Sao Paulo, SP) https://t.co/3EDazWgVgf
esportes	Hoje comeca Campeonato Brasileiro unico Tri-Hexa, Sao Paulo #tricolor #spfc #sp https://t.co/z98aqZyFnd
esportes	Sao Paulo X Flamengo Campeonato Brasileiro #VaiPraCimaDelesMengao (@ Estadio Cicero Pompeu Toledo (Morumbi)) https://t.co/hF2mWSr9m9
esportes	Gremio 3 x 3 Ponte Preta primeira rodada Campeonato Brasileiro 2015
esportes	E vou campeonato Ingles ne! Bora Liverpool!!!
esportes	Para alguns comentaristas Gremio favorito titulo campeonato Brasileiro, empatou Ponte Preta casa. Tudo certo.
esportes	@FoxSports_br Chelsea manda campeonato ingles #InglesNoFOXSports
esportes	Ultima vez Liverpool ganhou campeonato ingles http://t.co/GFkD0rj6aR
esportes	NESSA ALTURA DO CAMPEONATO
esportes	RT @tiganinha: Amanha 10:00 CT Rei Pele , classico SANSAO Campeonato Paulista Futebol Feminino. http://t.co/epEF4Osq1H
esportes	Os melhores goleiros campeonato brunogoleiro12 @anderson_agt venha #arenacup vamos tudo. https://t.co/I72m2kZjqN
esportes	Comecamos Campeonato Brasileiro empate hoje! Trabalhar conseguirmos vitoria https://t.co/eR2GOGaGdw
esportes	Primeiro lugar hoje campeonato aqui Mogi, obrigado todos contribuiram alguma forma... https://t.co/9GAKkipC0B
esportes	Mais dia trabalho equipe #LutaPelaPaz campeonato FBERJ Parabens Etoundi https://t.co/FlAh4cccah
esportes	Campeonato brasileiro, nao ha melhor
esportes	Mano, campeonato apenas comecando fluminense tendo ajuda arbitragem. Pqp
esportes	sempre amarei apoiarei Palmeiras 2x2 Atletico Mineiro - Campeonato brasileiro https://t.co/FbS5WTkolg
esportes	"Jo, atacante Atletico-MG: ""O Campeonato Brasileiro campeonato nacional pais"" HHAHAHAHAHAHAHHA"
esportes	comecando campeonato! #VamosJEC #JECnoMaracana #FLUxJEC @ Maracana Stadium https://t.co/Dpbr72kwCx
esportes	Brasileirao campeonato longo, perder estreia foda! Ainda casa contra time reserva...
esportes	Da medo cara, ano passado sofrimento, comeca campeonato assim medooo
esportes	Comecando bem campeonato enquanto, perdendo time reserva atletico mineiro
esportes	@ESPNagora: Para @ArnaldoESPN, Palmeiras 'favoritaco' titulo Campeonato Brasileiro http://t.co/Hrn8Rowni5 http://t.co/oazJ8lvcC3
esportes	Brasileirao 2015: Tabela jogos Campeonato Brasileiro 2015 http://t.co/7qtT9KgZek
esportes	Comeca maior festa futebol nacional: O campeonato brasileiro. Mais vez serao 20 clubes https://t.co/2BKYtAKPLp
esportes	Comecou campeonato Brasileiro #AvantePalestra
esportes	Palmeiras x Atletico/MG - campeonato... E aqui... @ Allianz Parque https://t.co/Pndr64CUKh
esportes	E comecou campeonato brasileiro vamos palestra @ Allianz Parque https://t.co/o4Az8hIO6R
esportes	Comeca Campeonato Brasileiro 2015.
esportes	Amanha 10:00 CT Rei Pele , classico SANSAO Campeonato Paulista Futebol Feminino. http://t.co/epEF4Osq1H
esportes	Vai comecar campeonato brasileiro, torcendo pro Palmeiras agora Sportv
esportes	Bahia ganhando... Vitoria perdendo... Tudo normal campeonato brasileiro.
esportes	Campeonato Espanhol numero rodadas times frente 80, 90 pontos, aqui bo maximo 60/70...tem graca!
esportes	Sera campeonato brasileiro ano ter graca? Futebol aqui lixo, nao afim estressar
esportes	Eu amo campeonato brasileiro, porra, merda Corinthians fazendo escalar time reserva
esportes	Vai comecar melhor campeonato, gracas Deus
esportes	Essa mudanca horario jogos campeonato brasileiro boa Haha querendo imitar campeonato europeu. Jogo 11h manha
esportes	@pvcefox boa tarde PVC!!!! VC sabe ter jogo semana vem campeonato espanhol???? Estou indo Madri, quero ver 01 jogo
esportes	Que golaco!!! Bayer perdendo jogo campeonato alemao.
esportes	Nem comecou campeonato vasco ultimo??? Kkkkkkk http://t.co/C1s7R7M5Pe
esportes	Bom dia sabado - Hoje | Estreia campeonato paulista sub20 A1 - Comercial F.C x https://t.co/BXu2bFB9zL
esportes	Domingo Santos estreia Campeonato Brasileiro... Avai x Santos
esportes	Amanha campeonato surf o/
esportes	Skate esporte, meio transporte, parte historia cicatrizes cortes; https://t.co/3ytGHWj62e
esportes	Segundo tempo comecou daquele jeito..bora trabalhar pouquinho ..kk (@ Brahma esporte clube agudos (BEC)) https://t.co/gsmB17E0HC
esportes	"@borgesspfc: Com dengue, Michel Bastos partida contra Cruzeiro http://t.co/oj86V9qFke via @UOLEsporte @UOL"" QUE BOSTAAAA!!!"
esportes	A transmissao liga campeoes esporte interativo, tirando Zico, bela bosta eim
esportes	RT @zizacypriano: @folha: Dudu patamar Neymar Oscar, diz ex-tecnico selecao: http://t.co/kBmQZHXRV2 http://t.co/GUZL
esportes	Ah @TiagoLeifert passei acompanhar G Esporte causa e, diferente Pablo sofrencia diz homem chora sim. Vc show hein ;-)
esportes	@lucaspaquetaaa vi cara feia globo esporte parabenizar tmj manin.
esportes	George Hilton participa lancamento Frente Parlamentar Esporte DF O ministro Esporte, https://t.co/Uytj30J2T2
esportes	Na Galeria Fama #FormadosEEFE #USP @ Escola Educacao Fisica Esporte - USP https://t.co/4UPdzXcdcu
esportes	"""@portaldaband: Ingresso barato Brasil x Mexico estadio Palmeiras custa R$ 100 &gt;&gt; http://t.co/l9JEqSUpU1"" compro?"
esportes	Cara globo esporte fez chorar hj, serio, homenagem linda fizeram Santos, Santistas
esportes	Segundona lotada! Treino 21:00 #emjj #cbjj #familia #equipemineirinho #goiania #nogi #esporte https://t.co/Cd8LzBvysX
esportes	umas 5 pessoas enviaram Print reportagem Globo esporte twitt @Ceceu_spfc Whatsapp.. Kkkkk correndo mundo hein...
esportes	A nova jequeana, @ Arena Joinville Esporte Clube https://t.co/KedHNTC7m6
esportes	RT @bellafalconi: Hello BSB! Chegamos! Pronta gravar Globo Esporte DF, antes alimentar crianca https://t.co/zkzpe5h
esportes	Ministros Esporte Educacao discutem parcerias entra duas pastas As acoes programas https://t.co/XKMPbNRPFM
esportes	As vezes vem cabeca fazer academia, algum esporte sla passa 5 desisto
esportes	RT @juliocasares_SP: Amanha dia historico p esporte brasileiro. A Under Armour entra Brasil. E atraves SPFC. Em 12.03.14, re
esportes	Antes entrar ar falar sobre craques futebol Pagina 1 Esporte passar https://t.co/MJOQiigupp
esportes	Estou agora secretario Estado Esporte Lazer Juventude Sao Paulo, Jean Madeira, https://t.co/7KKSrI2WU8
esportes	@TiagoLeifert @Caiobaribeiro Parabens globo esporte! Valeu feras! http://t.co/AcZAWYiqUP
esportes	"C/c @Ceceu_spfc kkk RT ""@UOLEsporte: Nova camisa Sao Paulo vaza Twitter horas antes lancamento http://t.co/L9MqfmsuNb @UOL"""
esportes	A parte louca treino assistir globo esporte (@ Academia Quebra Mar) https://t.co/WXJE5bZzcj
esportes	Trites ver homenagem globo esporte sp mulheres feita jogadores Santos Palmeiras
esportes	@TiagoLeifert duas coisas emocionam muito: esporte musica. A mensagem final Paulista linda!! Parabens Santos! !!!
esportes	'Globo Esporte' encontra-se neste momento Assunto Momento (6). Mais tendencias http://t.co/MffVmqH2oJ http://t.co/5w9u4zW53R
esportes	Globo esporte Vasco
esportes	Faltou melhores globo esporte .. Cade Guinazu? Martin ? Luan ? Rodrigo ? Gilberto ? Bernardo ?
esportes	passar jogo globo esporte, nao canso ver :3
esportes	quase chorando declaracao jogadores globo esporte
esportes	@mehflakes po, cara treina, esforca, ganha dinheiro entretem porrada gente, problema ser esporte?
esportes	RT @welingtonfortes: Globo Esporte agradando Santos dummmm jeito kkkkkk momento, amigos!
esportes	@Redacao_Sportv Andre nome time Operario Ferroviario Esporte Clube nao Operario-Pr , abraco toda equipe redacao.
esportes	Um bom dia especial hj, parabens Joinville Esporte Clube, Campeao Catarinense 2015! Vamos https://t.co/N61gFLoB8j
esportes	#BomDia Vamos praticar esporte? #Jori - Jogos Regionais #Idosos #LCA #tamojunto#projetosaude https://t.co/fEDQKZi7sy
esportes	Heroi contra Corinthians, palmeirense erra penalti Vila pede desculpas via @UOLEsporte @UOL http://t.co/c1jfg4nNEw
esportes	Jogadores Palmeiras culpam mau primeiro tempo vice-campeonato via @UOLEsporte @UOL http://t.co/5YaG73R0oq
esportes	RT @grazzibarros: http://t.co/RHEKP9Om4s Otima materia sobre E+I, lugar quero trabalhar dia. @kbrall @Esp_Interativo @EI_Pl
esportes	RT @10neto: Queria manifestar respeito orgulho feito menino Gabriel Medina. Marcou historia esporte mundial. http://t.co/
esportes	@Phellippe_ Eu tambem nao importo! Eu quero ver cruzeiro vencer sempre, qualquer tipo esporte competicao!!! Sem ajuda ne!!!
esportes	"""Se nao amor, dor"" #swimming #natacao (@ SESC Ipiranga - @sescsp in Sao Paulo, SP) https://t.co/p5g6uSMOn3"
esportes	Mais dia.... Friozinho Gostoso. #Natacao #FocoTotal @ Social Ramos Clube https://t.co/JM7Lw7Tg1B
esportes	Quando muda, tudo muda redor. #bomdia #swimming #nadar #natacao #vambora @ Aqualins https://t.co/3la81LfrE2
esportes	#Serie #sejogabeth2016 #agua: toda 2af. #natacao competitionsp, Vc ver desafios conhecer https://t.co/1wFhn5ncl1
esportes	No fundo #quadra, tenis rosa. Dia mostrar todo #talento #sqn #volei #puxeiamae https://t.co/MQ2IngoyEG
esportes	. E aberta temporada treinos Atletica Infernal COS UFMT. #2015 #volei #voleyball @ https://t.co/JmVnOXCL3F
esportes	Hoje volei Sesc! #cornelioprocopio #sesc #sesccp #volleyball #volei @ Sesc Cornelio https://t.co/zvIilGk7Pz
esportes	Dia #Especial pessoal #Volei #Brasileiros jaque1212 #GiovaneGaveo #MuriloEndres https://t.co/X62MbdrTpm
esportes	Eita, bateu saudade #MisterRS #Reposting #ProvasEsportivas #Volei #TempoBom @ Sociedade Ginastica https://t.co/PCR8vXC6wa
esportes	Voleizinho ontem bom demais. Lindo domingo todos #BomDia #volei #voleibol #top https://t.co/iBdDJyB9a9
esportes	E assim comeca #domingao #volei #jaguapita #bomdia @ ginasio esportes jaguapita https://t.co/n32v1FhPhQ
esportes	Estamos semi finais Mogi 91x84 Macae #mogi #basquete #nbb #lnb #chupamacae #chupajamal @ Ginasio https://t.co/XYMEi4j8sG
esportes	#Basquete #Franca * #Bauru vitoria rumo #De #hoje #amor #irmao # @ Ginasio https://t.co/7QP6JTw15d
esportes	Vamos #SPFC rumo titulo #brasileirao !!!! Go Sao Paulo!!!!!
esportes	A busca hepta (sem asteriscos) comecou! SPFC 2 x 1 Flamengo #spfc #morumbi #br #brasileirao https://t.co/SrT8DXjFPS
esportes	#brasileirao tendencia #SaoPaulo http://t.co/PdMcROuKjG
esportes	#VaiCorinthians.. Comecamos #Brasileirao vitoria. 1x0 sobre #cruzeiro.. #Corinthians, agora https://t.co/JZHDuETHYL
esportes	#brasileirao tendencia #Curitiba http://t.co/vdBI1T1Cnk
esportes	E arbitro indo bem esqueceu 2o amarelo fim 1o tempo! Corinthians X Cruzeiro #Brasileirao #VaiCorinthians
esportes	De norte sul, sempre flu ! #Brasileirao #Maraca #Nense @ Maracana https://t.co/j23aKd5lle
esportes	"""@SporTV: Patric abre placar @atletico #PALxCAM #Brasileirao"" sendo realizado jogo? @Miltonneves sera dizem?"
esportes	"""@SporTV: Vamos segundo tempo! #PALxCAM #Brasileirao"" sendo realizado jogo?"
esportes	Torcida canta vibra! #selfie #allianzparque #Palmeiras #brasileirao #SquareInstaPic @ Allianz https://t.co/UmN0AjWXdd
esportes	Hoje tem. Palmeiras #Brasileirao
esportes	Hoje jogo Botafogo (8) #instaphoto #followme #raphabertoldo #Botafogo #Brasileirao #SerieB https://t.co/LyBKVdTPdP
esportes	Enfim, voltou...! Temporada 2015 #CartolaFC #Brasileirao #Sarjetas #FutebolTotal #Vicio https://t.co/1sgVrXKuQh
esportes	Dale #inter!!! Mais colecao!! ahshshsh acredito #Brasileirao ano!!! #gauchao! @ https://t.co/mtyoqbi2rN
esportes	Tirinho finalizar dia!! #mma #UFC #DSTEAM #KS17 #kelsonFera #KevinSouza #boxe #Floripa #boxing https://t.co/9KXvnjPJcE
esportes	Luis Brito MMA Private Classes - Jiu Jitsu Synergy #Synergy #Bjjforlife #MMA #UFC #Bellator https://t.co/pAoRtZs1ba
esportes	"""@ufc_brasil: Com suspensao Jon Jones, Aldo novo lider ranking peso-por-peso http://t.co/NiMzWp4P73 #UFC http://t.co/FEEuXJZgWs"""
esportes	Obrigado mestre @dbolina amigo parcero ivanjatoba familia unida jamais sera vencida #UFCMANAUS #ufc https://t.co/RnzScGDRfl
esportes	A #maior #luta #seculo proxima.. #Vegas #mgmgrand #MayweatherPacquiao
esportes	Parabens campeao peso galo #57kg Coliseu! #mma #gym #JC15 #intensetraning #preparacaofisica https://t.co/Eu5lt1Pkwp
esportes	Jungle Fight Band vivo...Show lutas agora Card principal...so lutao!!! Parabens @BandTV !!#junglefight77 #jiujitsu #MMA
esportes	Quente mil grau oque guerreiro diz #mma #costacombat #teammaximomma #thaicisco https://t.co/gxORVrxQQx
esportes	yurivillefort agora vivo #esporteinterativo #mma #valetudo @ Jardim Zoologico Quinta Da Boa Vista https://t.co/1C4PaSgBfd
esportes	Fechando sexta feira treinao sinistro Wrestling @adrianjoude. #MMA #Wretling #Foco https://t.co/4g2jpjncuh
esportes	Luis Brito MMA Private Classes Synergy... So bons volta!!' #Bjj #Muaythai #MMA #Bjjforlife https://t.co/i7MdnePcHg
esportes	Treinao 15h concluido! || Training 15h completed! #mma #muaythai #wrestling https://t.co/bZBWSrqGPh
esportes	Luis Brito MMA Private Classes Synergy... So bons volta!!' #Bjj #Muaythai #MMA #Bjjforlife https://t.co/0wLwhNo3fC
esportes	Afiando foice. Os chutes poderosos #valetudo. Criador criatura! #mma #RuasValeTudo #RVT https://t.co/C4w8WUeQ0U
esportes	Irmao camarada dede_pederneiras nova jaula #novauniao #familia #temporuimotempotodo #mma https://t.co/bCcAsDGKTT
esportes	Por logo #MMA passara o.boxe.
esportes	Bom dia galera #surf Esta rolando altas #ondas varios picos #BarradaTijuca https://t.co/srSvWGJuGm
esportes	Marola ano passado Praia Grande || Small one || Michel fala crl hahaha #surfing #surf https://t.co/UQ459gwN3e
esportes	O craque surfe Miguel Pupo mostrando pouco repertorio Barra Tijuca #surf #surfe https://t.co/QdVTn0zcBl
esportes	Quiksilver Pro Saquarema 2015 sempre luxo! #quiksilverpro #saquapro #surf #worldsurfleague @ https://t.co/aPY6SAg71Z
esportes	Final samana mal comecou Cabeca feita :) #lifestilyle #jiu-jitsu #surf #psy @ Praia https://t.co/0S4gkwjsyc
esportes	Valeu #GabrielMedina representar mundo #surf @ Praia Da Barra - Posto 5 - Barraca Do https://t.co/swqvxRvLK7
esportes	Bom dia galera Ja quase tudo pronto grandes nomes #surf mundial mostrarem https://t.co/iHrpanqX6E
esportes	Tudo pronto grande festa surfe #postinho #riopro #rio #rj #barradatijuca #surf #surfe #wsl https://t.co/JpBhBh7z33
esportes	#ParqueAquatico #EncontrodeCasais #Surf #Habilidade parca vinilafayett #GoPro @ Termas Dos https://t.co/eSimpCVnGO
esportes	Por ai! #press #surf #medina #off #3temporada #mundomedina #barra #rj @ Praia Barra Tijuca https://t.co/CTYWiHr15s
esportes	Nas ondas Ilhas Mentawai!! Brinque cantor surfista!! #surf #azorra #clipe https://t.co/CklEtz1Xfm
esportes	Gabriel Medina! #surf #brothers #riviera #beach #photooftheday #instagood #party #trip #travel @ https://t.co/WyoJFTAtWK
esportes	Esta rolando brincadeira #PraiadaBarra #rioaovivo #posto5 #surf #beach https://t.co/0LwoV7dkET
esportes	So vitoria! #UnidosDaVilaFC #Varzea #Futebol #Diadema repostapp @juaupaulo_. @ Diadema, Sao Paulo https://t.co/fH8bpNnRUM
esportes	Esse #TRINTAO time sabado... #sabadeira #futebol #amizade #amigos @ Municipio https://t.co/yVXU5pGPcp
esportes	Fuzarca quinta chuvosa #futebol #Furia #Fuzarca #Crew #friends #bar @ Gremio Esportivo Campo Grande https://t.co/0WpLSKaXM8
esportes	Foi melhor defesa jogo... E unica fiz tambem. #futebol #pelada #goleiro #selecao https://t.co/S86sP5UEET
esportes	Final Copa Verde Prestigiando #futebol Mato-Grossense @cuiabaec x Remo #euacredito https://t.co/dBqLBHRTf8
esportes	Bola rolando #Superclasico ...#BocaJuniors. X. #RiverPlate. E viva #futebol #sportv
esportes	El Morumbi mata #saopaulo #spfc #tricolor #libertadores #americadosul #futebol @ Estadio Morumbi https://t.co/7Qd2W2VK6Z
esportes	RT @Prof_AndreGil: Um time! Uma Paixao #avai #ressacadaminhacasa #torcida #fan #soccer #futebol @ Ressacada https://t.co/vdPTFiQN0i
esportes	Futebol top feras! Os melhores! #FutebolDePrimeiraNaTerca #top #rain #soccer #futebol https://t.co/De3kTMiHnv
esportes	Esse cara joga muitooooo... #futebol #noite #amigos #society #jogar #jogamuito #futebolarte #mg https://t.co/qXIRwzifE3
esportes	Parabens #Santos caneco! Bonito! Conferi perto, meeeega pesado! #FPF #futebol https://t.co/R685HL05Zh
esportes	Estreia uniforme Goleada! #oscavanhas #fut7 #copauniao #equipe #Surumusic #futebol #niteroi @ https://t.co/5eUyXBIMO2
esportes	Otima semana campeoes. #JEC #Galo #Vasco #Inter #Santos #futebol @ Arquivo Highlander https://t.co/GerplXqBlb
esportes	Poxa botafogo falto ganha :c hahaha - acertei quase todos campeoes partidas hoje u.u #futebol
esportes	Domingo vamos vamos #Futebol (@ Petit Village in Rio Claro, Sao Paulo) https://t.co/0GGzHCakN4
esportes	Partiu jogo! Que Deus quiser. Boa sorte gente. #sv #vasco #rj #soccer #futebol https://t.co/negT1NdFa8
esportes	Agora luta seculo acabou vamos falar brasileiro gosta realmente entende: finais estaduais amanha Brasil! #futebol
esportes	Time Curva Rio. Torneio trabalhadores 2015 (1degde maio). #Campeonato #futebol #Time #familia https://t.co/6x9r5ZsNUv
esportes	Falaram semana toda time reserva interzinho melhor titulares Atletico-PR quase rebaixado estadual
esportes	Mengo perdeu, timao ganhou crucru time reserva
esportes	Flamengo time Razoavel #FimDePapoDasMaes
esportes	RT @leeeeeeeet_: Nao camisa, pele. Nao sao 90 minutos, vida toda. Nao time, CORINTHIANS! http://t.co/OqHX1
esportes	@SandroCampos63 @ricardopharmaci 1 1 tecnico coloca Cicinho tecnico time grande n pode contentar empate
esportes	@EuSouSantastico time dinheiro p limites 28 jogadores n contratar p paulista ter dado chance p Caio +
esportes	Comecei mal Cartola, Atletico jogando reservas quebrou perna, David Braz ridiculo acabou time...
esportes	Meu time #guepardos curtindo show #mafiadodende thiagofgoncalves karinadisiervi caetano.z https://t.co/x5Q1crSm7r
esportes	Serie A varios publicos 6-7 mil pagantes, ano n nenhum time torcida, complicado.
esportes	#espntembb3 Qual time campeao estadual iniciou Brasileirao vencendo? Acho nenhum...
esportes	Marcos Guilherme surpreendeu hoje, melhor pisicionado, jogando time correndo qdo precisou, pro Damasceno camisa ainda pesa
esportes	Empatar c/ Santos animador,especialmente bom 2o tempo.Ser goleado Sport,e preocupante.Principalmente inoperancia time.
esportes	@NaldoBerghauser time CAP campo mesmo?? Parecia outro!!! Kkkk
esportes	Nao UM jogador hoje JOGOU valer,o time MERDA!
esportes	RT @crf_ligiak: A gente torce amor Flamengo, time........... foda
esportes	Jogar contra time horrivel Avai empate inaceitavel, sorte ainda. Quase levamos virada. Vai tomar cu!
esportes	@DouglasPereirao Verdade, Santos perder Lucas Lima Robinho passa ser time normalzinho.
esportes	@fabio_daniel7 Calma! O Atletico time Gremio cada jogo final copa!
esportes	Mais time, familia rugby proporcionou. Imensamente feliz poder fazer toda https://t.co/BAdRrf38Ef
esportes	@meufigueira argel idiota, mandar time reserva idiotisse, pontos farao falta.
esportes	RT @welingtonfortes: 1x1 derrota, time acha jogando paulistao ainda, faz gol graca, resultado...tomaram n
esportes	"""Vasco campeao!"" Vamos tudo rumo G4"
esportes	"""Vasco empata perde!"" Q time lixo...merda ,vsf"
esportes	1x1 derrota, time acha jogando paulistao ainda, faz gol graca, resultado...tomaram cu!
esportes	Flamengo perdeu p Sao Paulo,ms time Sao Paulo absurdo aceito.
esportes	RT @welingtonfortes: Um empate ressacada derrota, time Avai horrivel
esportes	Eu raiva treinador espera time levar gol mexer
esportes	Nem parecia time Atletico mesmos jogadores jogando melhor, assim quero ver Furacao
esportes	Confesso tava saudade passar raiva time Flamengo.
esportes	RT @daianacrf: Voces sao chatos caramba tambem. Ficam felizes derrota Flamengo vitoria proprio time, nunc
esportes	Um empate ressacada derrota, time Avai horrivel
esportes	RT @welingtonfortes: O Marcelo Fernandes faz alteracao time algum jogador pedir sair, coitado banco..
esportes	RT @yuri_mianovichi: Nao conformo tatico Oswaldo tomou Levir ontem time reserva ainda. Pontos perdidos faz falta n
esportes	O Marcelo Fernandes faz alteracao time algum jogador pedir sair, coitado banco..
esportes	NAO TO RECONHECENDO ESSE TIME,CADE MEU SANTOS ?????
esportes	O Marcelo deixa time fazer quer campo
esportes	E honra fazer parte deste time, #soladaateofim #SLFC @ CT Solada https://t.co/Yhb0rbCCNp
esportes	Esse time Avai horrivel nao aceito
esportes	SANTOS O TIME DA VIRADA SANTOS O TIME DO AMOR
esportes	O Santos dando sorte, ainda bem time Avai ruim
esportes	Foi arrepiar!! Valeu pena 38 horas viagem, representamos time, cidade! https://t.co/CXAGjKpWtd
esportes	Eu assisti NBB, foda nao time torcer, diferente NBA, torco Bulls.
esportes	Meu corinthians venceu time B , boa cima timao!!!
esportes	Eu aqui, desanimo total time (mengo) ainda resolve perder, aff... passou baixo astral!!!
esportes	Uma atleticana consciente. Nao time A, B C, vestiu camisa time representando. O historia distintivo.
esportes	Eder Luis, Diguinho Julio Cesar sao nomes razoaveis, + experiencia..Se n chegar + ninguem, Vasco time p setima, oitava posicao..
esportes	Ganha jogo unica marcacao lenta Butler sobre LeBron vida. Mas patrao, decisivo, clutch. Ele Heat (meu time).
esportes	Timao ganha cruzeiro time reserva sheik monstro
esportes	Preocupa altura time Furacao meio Deivid, Jadson, Felipe, Hernani alto aprimorar neste quesito
esportes	Dava ter feito 3 gols primeiro tempo, time brinca perder gol
esportes	RT @NogueiraMat: Vasco precisa de, minimo, 2 pecas meio-campo. Um volante dinamico meia rapido bom passe. Resolvendo isso,
esportes	Luxemburgo sabe pedir reforcos, fazer time jogar bola bom...
esportes	Jogou bem, melhorar mais. Espero Marcelo nao feche time segundo tempo. Pq covarde!
esportes	Final primeiro tempo: Avai 0 x 1 @SantosFC. Gostei primeiro tempo, time chance ter matado jogo, nao aproveitou...
esportes	Osvaldo precisa ligar. Ze lateral nao da. Gabriel sozinho tb nao. Time precisa marcar. E chega Valdivia, alias vaza chinelo!
esportes	Vasco precisa de, minimo, 2 pecas meio-campo. Um volante dinamico meia rapido bom passe. Resolvendo isso, time forte.
esportes	NBA dessas coisas... Morro xingar Lebron salva time segundo seguinte.
esportes	RT @pedro_rhormes: Cleveland perder jogo serie porque time forcando demais bolas tres inves trabalhar dire
esportes	E logico achei postura time ridicula, acho chegar reforcos. Mas estao tratando time rebaixado
esportes	Fazia bom tempo nao vibrava tanto time... #Oarere #esomosamaior @ Arena Baixada https://t.co/rYbpw6tsD7
esportes	A gente torce amor Flamengo, time........... foda
esportes	Milton Cruz hoje escalou time horrivel 4 volantes, bem substituicoes deu certo
esportes	@fckstein eu? time carinho gremio s2s2 vais vencer es campeao mundiaaaal
esportes	Se flamengo contrata tal 2016 acho time possibilidade entrar g4 3 anos
esportes	Vergonha? Vergonha nao ir estadio, dizer Figueirense time bem, https://t.co/6JWmUreycr
esportes	N ter apenas time titular bom, preciso ter menos 17 bons jogadores, campeonato longo, contusoes, cartoes...
esportes	leva gremistas querer falar jogo inter estado qur time, merda
esportes	RT @ricardo_johnny: Triste ver estadios maximo 50% capacidade torcedores, ingresso caro, brasileiro tbm v
esportes	RT @mlqconquista_: Flamengo pode dar raiva, amo time pp reto
esportes	RT @AlanTomazelli: ~ TIME RESERVA DO INTER, E MELHOR QUE O gremio ~
esportes	Cleveland perder jogo serie porque time forcando demais bolas tres inves trabalhar direito bola.
esportes	RT @fusketa: Nao precisa frisar melhor atuacao Atletico ano. Foi primeira vez time entrou campo, verda
esportes	RT @emersongeo: #espntembb2 campeao brasileiro estreia apresentador fala nome time?, fala: jogo corinthia
esportes	#espntembb2 campeao brasileiro estreia apresentador fala nome time?, fala: jogo corinthians. Afff
esportes	RT @robsonsodre10: Sem reforcos zona confusao pulo ! O time fraco demais.
esportes	RT @ollymatty: Meio tabela maximo ano julgar merda futebol jogamos hoje. Nao adianta falar reforcos
esportes	Pelo jogo terceiro time demais jogos,vamos ganhar brasileirao, nao sera barbada imaginavamos.
esportes	Espero time melhore decorrer campeonato
esportes	Nao sei vergonhoso: O Gremio empatar time oriundo serie B casa, inter tomar 3 outro serie B.
esportes	RT @mauriciovidart: Agr esperar quarta ver time classifica LIBERTADORES!!!!!
esportes	Agr esperar quarta ver time classifica LIBERTADORES!!!!!
esportes	Sem estresse. Time reserva desfalcado. Primeira rodada. E bom aconteca colocarmos pes chao. Quarta-feira decisao.
esportes	Como mega time titular gremio hoje?
esportes	Os nego entendem, sabe time reserva inter tocou gremio final gauchao
esportes	RT @GBellaver: Nao sei gremista querem falando algo, porque saiba pode falar algo faz melhor, time
esportes	@Arslima time flamengo fraquissimo. Vao precisar arbitrage
esportes	RT @mlqconquista_: FLAMENGUISTA Q E FLAMENGUISTA, VAI APOIAR O TIME PORRA!!! PRIMEIRA RODADA SO, DAR RAIVA SIM, MAS TEM QUE APOIAR!!!!!
esportes	Esse novo tecnico SP melhorando organizacao time #AvanteMeuTricolor
esportes	Se flamengo nao reforcos time nao buscar nada brasileiro
esportes	RT @Lorranvianna1: @victor_hdsr cara cala boca, inter jogo time C entro ganhar, cara superior. Agora ti
esportes	RT @dudapohl: N desta vez Inter, colorado verdade jamais abandona barca! Vamo vamo, melhor time, orgulho!
esportes	@victor_hdsr cara cala boca, inter jogo time C entro ganhar, cara superior. Agora time valeu
esportes	Nao sei gremista querem falando algo, porque saiba pode falar algo faz melhor, time vcs n td
esportes	"RT @ap_taniaa: ""@Mary1709rj: Golllllllllllllllllllllllllllllllllllllllllllllllll SaoPaulo!!!!!!!!!!!!!!!!!!""poxa vida Mary represe"
esportes	N desta vez Inter, colorado verdade jamais abandona barca! Vamo vamo, melhor time, orgulho!
esportes	RT @angelo_cnx: Gremista esperar alguem ganhar Inter falar futebol time nao capacidade anos
esportes	Gremista esperar alguem ganhar Inter falar futebol time nao capacidade anos
esportes	Antes tomar 3 time reserva 3 titular
esportes	Esse time ridiculo @flamengo parabens
esportes	Inter perdeu time nao fazia ideia existia. Que vergonha filho
esportes	O pior n perder 3x0 time reserva perde p time CAP pqp
esportes	Sobre Inter, time B e. Falta Lisandro, Nico F., Nilton J. Henrique. Sem falar time ser misto pro BR.
esportes	Time entrosamento nenhum. Ate gremio ganha.
esportes	"Internacional eterno time ""fica pro ano vem"""
esportes	Nao conformo tatico Oswaldo tomou Levir ontem time reserva ainda. Pontos perdidos faz falta reta final
esportes	p n valeu gol assim, continua time vontade raca!
esportes	"""@Mary1709rj: Golllllllllllllllllllllllllllllllllllllllllllllllll SaoPaulo!!!!!!!!!!!!!!!!!!""poxa vida Mary representa n time"
esportes	RT @KevinMcKr: Querem fala cuida proprio time, falou foguete soltam qnd gremio perde kkkkkkkk vendo
esportes	Lembrando, jogando time B, reserva e, focado outra competicao
esportes	Querem fala cuida proprio time, falou foguete soltam qnd gremio perde kkkkkkkk vendo
esportes	Aguirre otario dms colocar time, Vitinho jogo ressaca sepa, Anderson coloca pe cara. Lamentavel!
esportes	RT @MaatheeusCruuz: Como queria ganso time
esportes	Pra vascainos estao rindo time, foda vcs amo time incondicionalmente
esportes	Isso flamengo time titular
esportes	Porra Inter, vergonhoso perder time
esportes	Diretoria Flamengo, pare pagar dividas faz time decente. . Porque time ruim!!! #mengo!
esportes	RT @welingtonfortes: O Cruzeiro levou gol Romero, jeito 2015 nao ser ano time mineiro.
esportes	@RobertoUebel time titular Inter (e nao reserva reservas) mico. Fora isso, mesma.
esportes	Como queria ganso time
esportes	Flamengo brinca cara torcedores porraaaaa!!!! Time fdp .
esportes	Vamos jogar raca coracao time povo coringao
esportes	QUE SAUDADES DE GRITAR GOL DO MEU TIME
esportes	O Cruzeiro levou gol Romero, jeito 2015 nao ser ano time mineiro.
esportes	Nao precisa frisar melhor atuacao Atletico ano. Foi primeira vez time entrou campo, verdade
esportes	Se Flamengo quer chegar algum lugar contratar 10 melhorar time.
esportes	RT @KevinMcKr: Isso time depender jogador
esportes	Que Aguirre quer coloca time reserva tambem
esportes	RT @BacanudaKerolyn: Que time merda
esportes	Mano, acontece time? NAO E POSSIVEL
esportes	"""@SandroSotigol: O inter achou brasileirao grenal jogar time B ganhar."""
esportes	Pior time mundo fez 1x0 hahahahahahaha lamentavel
esportes	Meu time focado outra competicao
esportes	Que time merda
esportes	@douglasnunes098 ver inter terceiro time, gremio tava metendo 2 tomou 2 gols dois minutos
esportes	Larga time empatou casa contra ponte preta
esportes	O Inter conseguindo facanha tomar ruim time ser rebaixado ano, parabens!
esportes	RT @tonini_andrei: Esse time C Inter pior Gremio.
esportes	Time flamengo time filho puta
esportes	Isso aiii Luiz Fabiano golaco, melhor time #tricolor
esportes	RT @felipevsf: EU NAO AGUENTO VER ESSA DESGRACA DE TIME RUIM JOGANDO
esportes	@lurmesquita hahahha complica! Time reserva complicado mesmo, duvidar melhor titular coxa.. Isso sim sofrer hahahaa
esportes	Caralhooooow! Nem time pelada toma gol desse. #VaiPraCimaDelesMENGAO
esportes	Diferenca time termina jogada gol n termina .
esportes	VAI TOMAR NO CU @FLAMENGO TIME LIXO DA DESGRACA
esportes	Isso time depender jogador
esportes	Parabens p time Libertadores. Que fiasco.
esportes	O brasileirao campeonato pequenos medios assanham primeiras rodadas logo caem cavalo. Sempre assim.
esportes	Primeira rodada BRzao negos estao chorando. Vou prever futuro gente: Gremio Inter nao vao ganhar campeonato.
esportes	RT @Beto_Morumbi: Iniciando campeonato ! #SPFC (@ Estadio Cicero Pompeu Toledo (Morumbi) - @saopaulofc in Sao Paulo, SP) https:/
esportes	"""@phganso: Excelente estreia Campeonato Brasileiro!! http://t.co/wlIXE33CLx"" excelente estreia? Vc comete penalti mediocre diz isso?"
esportes	Eu puto, parece perdi final campeonato.
esportes	#espntembb3 triste demais ver futebol brasileiro situacao. Vc estreia maior campeonato pais n show abertura...
esportes	@SalvioSpinola @ArnaldoESPN @DuduMonsanto @jorgenicola @etironi excelente arbitragem jogo Avai x Santos! Parecia campeonato Ingles!
esportes	@campeonissimo comecou chororo? Nao coincidencia, campeonato mediocre mesmo. CBF + Conmebol = LIXO
esportes	RT @dmaari_: Avai: 11.462 torcedores, 22h quarta-feira. Figueirense: 13.682 final campeonato. E ainda dizem maior estado? P
esportes	Vasco comecar campeonato vitoria
esportes	Se Campeonato Brasileiro terminasse hoje... &gt;&gt;&gt; teriamos ano inteiro futebol.
esportes	@futebolportenho dps fim libertadores, campeonato argentino ter jogos quartas feiras?
esportes	Sexta noite firma! Campeonato salto distancia! O trabalho inevitavel, diversao https://t.co/BqjQcCh5kZ
esportes	A quantidade Catarinenses campeonato favoravel Inter Gremio comparando-se outras edicoes. E quase campo neutro.
esportes	Jogamos volei bom hoje. E acho time participar campeonato. Mas nao sei vou pilhar jogar, complicado kkkkk
esportes	@AdiltonBass @Wilarruda tres OITAO primeiro jogo estadio: SP 3x3 Cor campeonato paulista 87.
esportes	campeonato nosso, sentindo
esportes	"E dois, penso assim ""@nacaodepre: Dane-se Flamengo jogar Copa Nordeste Campeonato Russo, nao quero jogue Carioca"""
esportes	Ja estao falando vao brigar titulo campeonato brasileiro kkkk
esportes	RT @felipefmiranda: Bom dia Gremioooo! Eu peco campeonato!
esportes	Palmeiras treinou hoje Estadio visando estreia Campeonato Brasileiro. (Credito imagem https://t.co/6JRRslrylp
esportes	Bom dia!! Hoje comeca caminhada Campeonato Paulista Sub-20, vamos busca titulo!! As https://t.co/DNATs5nET9
esportes	RT @kesslerguiii: @TOGT_ cebolla chega fazer historia, conquistar campeonato, raca Uruguaia.
esportes	Bom dia Gilmar! Quem sera rebaixado campeonato Brasileirao ?
esportes	@radioesportesfm bom dia galera! Olha acho todos times comecam 1o campeonato dificil ganhar! Acho Corinthians
esportes	RT @Jrdolin_: To querendo curti campeonato surf rola barra, vou imbik domingo black santa
esportes	@fefeeeh ow acha cara vida naqueles campeonato brasileiro LOL
esportes	O colorado deu sorte 37 jogos brasileirao 2015 sair zona rebaixamento
esportes	PORRA MEU INTER, QUE CRISE!!! Ja perdeu 3 jogos ano, casa. ASSIM NAO DA #ForaAguirre
esportes	@denisfpalmeida Arbitragem pessima alguns jogos, acreditar origem problemas tatica avestruz.
esportes	Dos jogos Brasileirao torcida Avai sendo unica cantando desde comecou jogo
esportes	FLAMENGO TE AMO... Agr ve vence proximos jogos ne!!
esportes	Jogos gremio sao tao bosta botam domingo 11 p ngm ve
esportes	Esses ultimos jogos corinthians nao jogado bem
esportes	RT @Cat_Goulart: Mari faz toda diferenca jogos
esportes	Revezando Cru x Cor SP x Fla, nao apaguei ainda aborto natureza. Dois jogos horriveis
esportes	Que ver estadios vazios... Que diferenca jogos Espanha... Eeee saudade...
esportes	Hoje Coutinho completa 100 jogos Liverpool. Parabens amor @Phil_Coutinho
esportes	Confusa novo horario Brasileiro. A vantagem acompanhar + jogos. Mas n sei prefiro estar aquiii domingo manhaa
esportes	CBF pode acabar jogos 11 manha
esportes	1o jogo Palmeiras Brasileirao caras tiram mil conclusoes preciptadas sobre time, pfvr queridos jogos ainda
esportes	@annasep_ uns jogos palmeiras chorei naquela semi final paulista 2008 contra Sao Paulo jamais vo esquecer dia
esportes	@lipalestra @rafaelimbiriba nao, moro 500km. Mas jogos, sei torcida faz diferenca, nao falei
