religiao	algu nao ame religia peel cor pel cabel ame 
religiao	clar ide pur coraca sent gui honest religia sinc irma 
religiao	vo comec anticrist mai discussa moment sobr religia etc 
religiao	rt thamiriscarl gui espirit religiao import fe qua grat acumul apren 
religiao	unic am sent religia cham inte paixa cadaumeonz enogig 
religiao	gent diz sim tud mid religia preg bom cert 
religiao	algum religia acredit deu orgulh dulcemarianoraulgil 
religiao	rt thaubelicia religia nao justif preconceit divid cois son voc 
religiao	tir cruz pescoc esquec igrej religia mirandarul guizerarusl mirandarul httpstcoocamdhyymu 
religiao	nunc vou forc filh ter religia hor cert vou explic diferenc pod escolh madonn britney 
religiao	aquelehipst tamb viu famil usa religia justific absolut tud tud ped deu 
religiao	aquelehipst famil fod religia fal alt bem complic 
religiao	amo convers sobr religia gent ment abert 
religiao	clar ide pur coraca sent gui honest religia httpstcoelspetw8jm 
religiao	rt fatosdotwit religia ateu feliz assim sim grac deu 
religiao	ser discut defend religia send ate 
religiao	rt rodpocket nunc vou faz filh segu religia hor cert explic diferenc pod escolh twitt 
religiao	quil fal religia form inadequ p fal p ser profes diss cristian n serv p nd cois gnt burr 
religiao	mantenh pe religia hom precis fe cr raza 
religiao	nov hom encontr religia natur nao estatu mort arv viv httpstcos4nxp2dowv 
religiao	sempr acredit religia acredit deu ver dia amig diss acredit vent vel 
religiao	cienc religia dua cois tao difer talv depend outr mostr conceit crenc logic 
religiao	cienc religia parali religia cienc ceg palavr albert ser 
religiao	deu religia am vid salvaca tud 
religiao	nunc mex cois religia vid traz cois col sempr 
religiao	precis guerr ha religia httptcoti3k2ngkj3 
religiao	moral depend religia tem debat vend hoj nao pass sal peg fog abr port infern 
religiao	quer respeit religia propri desrespeit lei proib ter qualqu manifestaca religi dentr tr 
religiao	pastor conhec justin hoj 28 rom coment agrada convers sobr religia firm justin 
religiao	rpsp cl1 cristian relacion religiao paul trat nest curt express cart aprend 
religiao	clar ide pur coraca sent gui honest religia sinc irma 
religiao	religia nao opi pov opi signific ignoranc cont sociedad 
religiao	qualqu religia quer abencoe nao ser quevc satan pergunt not 
religiao	cas am alegr dor religia jardim vel osasc sp httpstcodx7duzptac 
religiao	pag pau pesso segu religia sao fiel segu religia int 
religiao	ha limit pi religia gent ped mut 
religiao	kendollsu ah sempr brig sobr religia pov grit n sab convers nao 
religiao	acredit tud nao ach qe si religia cert ach qe tod esta qe cad preg cois qe cert 
religiao	decid agr vou segu pastafarian melhor religia 
religiao	nao frequent igrej fana nenhum religia am fe deu 
religiao	estud apont nao religia cert 
religiao	carlosbezerrajr haddadfern mulh cas bem cas nao dev frequent religia nenhum nao ser que cas filh 
religiao	g1 religia graf amanh descobr hoj fud clar sempr 
religiao	cad religia 
religiao	obr igrej evangel dand lica moral caus religia 
religiao	feliz ter sid batiz religia escolh segu aind ter sid httpstcoxevnjy2bfq 
religiao	doutrinaca marx escarni religia uff httptcohubqrraao exist profes exist milit 
religiao	danilogentil pens car admir abominaca pretens religia enta fal religia placeb pov jesu noil 
religiao	nao import acredit nao religia nao nenhum lug httpstcohohnjzfrtt 
religiao	pergunt ench confusa nunc religia explic pass coraca 
religiao	irrit horr tamb sao pesso nao segu religia nenhum ve gay testemunh jeov 
religiao	mantenh pe religia hom precis fe cr razaonum ateu mor crent crista ret 
religiao	respeit pregaca qualqu religia desd nao inv privac onibu 
religiao	rt xjesusteam crista cai porqu bibl nao le porqu igrej convers porqu fech olh nao ora f 
religiao	nenhum crista auten deix lad transmissa fe crista outr httpstcokysguapkst 
religiao	qdo crista sai ant ateu tod suport deu junt luz ateu pod mant 
religiao	rt dionatanoliv cad ser human ha proposit deu cad crista ha projet 
religiao	nao crista ter med ir infern crista amo deu httpstcobkiptjj5jc 
religiao	paz nov programaca web radi crista evangel ar novidad oraca httpstco7t9xsanbdf 
religiao	ter fe ter fe sab nao import crista catol rast candombl 
religiao	viv crist morr ganh nao ha outr questa crista nao lut 
religiao	crista tamb problem crist pod superal 
religiao	8 edica congress aviv hiphop crista brasil ser benca vam adquir httpstco2keqn4q9nf 
religiao	rt nataliasous crista nasc real jesu nao ilusa jesu nao cont fad 
religiao	crista nasc real jesu nao ilusa jesu nao cont fad 
religiao	escolhiesper fat ser jov n torn tip difer crista fat ser crista torn tip difer jov 
religiao	vers bibl red soc tern gravat nao defin carat crista ato sim precis conhec deu 
religiao	admiraca car gratida ser amigoirma ser human lind mei crista httpstco7p6n5nkg3p 
religiao	crista mund acab joa 1711 
religiao	particip reunia mens pscpr curitib psc part soc crista httpstcoeab2ini27q 
religiao	amig pscpr psc part soc crista httpstcodsrhbn50ln 
religiao	crista catol acredit profund misericord deu nao pud agarr httpstco3yt6haixl 
religiao	cans guerr vou ser crista est oslam temp httptco07edy30f8h 
religiao	ont palestr sobr namor crista crism caiu indiret 
religiao	crista nao sign nao tarot determin trajet marc sang crist marc promess 
religiao	rt nelsonmilanell fl3 viv jesu olh cim frent segu aprend cresc conhec cert ser cr 
religiao	comec terc amig famil lembr mor mort tod crista desej tranquil lad famil reconcili 
religiao	rt sigaummeninodf ser crista ser doent doent total cur 
religiao	cheg mai event crista marchaparajesu esper red gospel httpstco4g4ph3k4xh 
religiao	04 junh marchaparajesu rua mai event crista vc esta convid venh particip httpstcoyyvg9zbbdz 
religiao	fl3 viv jesu olh cim frent segu aprend cresc conhec cert ser cristaorpsp 
religiao	edir maced pod ser bisp fal pouc import nao gost am crista conexaoreport 
religiao	ah tod crista defend crist edir maced defend teolog prosper benca assist conexaoreport 
religiao	tao clar obvi tatu simbol crista pesso vem pergunt tatu sign peix 
religiao	ser crista dificil dig experienc propr 
religiao	pront fiz princip papel crista miss 
religiao	triunf sobr mal conquist trof nao ha outr questa crista nao lut cheg ceu 
religiao	mai respons crista promov glor deusjoa 174158 
religiao	rt alexandrehof verd crista nao aparec deix crist aparec nel 
religiao	text viv at nao priv fal teatr crista hor espirit sant renov tud 
religiao	decid nao vou olh mund nao quer decid quer or consagr ser crista sincer 
religiao	fest cas evangel som ambi tamb httptcor8ehffbvqc httpstcofvahs5tvb0 
religiao	iv afilh sala evangel nov flor w anajuliabf httpstcogzsaiuv7fn 
religiao	iv irma lind mund amo sala evangel nov flor httpstcoimlmt7p0bn httptcotkpcqoshat 
religiao	nenhum obstacul grand demal confi deu music ministeri evangel crist httpstcow08zeymvsh 
religiao	pavarin celoc rapal generalis pov evangel assim pesso nao pod diz milho ide 
religiao	amig casualidad herm eleccion institut evangel luil siegel httpstcozrppu6hvyv 
religiao	algu tir coral evangel port vi precis estud 
religiao	ex metad evangel metad catol nao gost ir miss comig imagin ig ateu 
religiao	sobr fim seman incri encontrocomd acamp evangel ieo httpstco47scatbjgt 
religiao	evangel sam alv corde senhorrep liazon altashorascomrafavitt 
religiao	termin doming gal gospel ac vill rox httpstcow3zdcnslny 
religiao	nov voz gospel brasil httptcouyvp6mgeu9 
religiao	pass nest madrug diz obrig senh jesu tudooo amemmmm gospel httpstcozpuelr6wxc 
religiao	damaresofic acab assist clip mai trof red gospel glori cois lindabjs 
religiao	band esper noit ritm irland gospel liv festiv httpstcocsqinjupvq 
religiao	sao jos rio pret liv festiv gospel liv festiv httpstcoklvcex2dg 
religiao	eudanielaarauj mand bem agor pouc gospellivefestiv gospel liv festiv httpstcodrmsmd0lb7 
religiao	acab public fot point gospel livr evangel httpstcok2nxvqyztg 
religiao	acab public vide gospel liv festiv httpstcosw4kn6yck 
religiao	ferv gospel liv festiv fort demal tard hotel michelangel httpstcoj6mvjnnush 
religiao	acab public fot point gospel livr evangel httpstcowrdqkcyj6h 
religiao	traz arc palc gospellivebr top demal aqu gospel liv festiv httpstcongkmdbigmv 
religiao	viv agor red gospel tv band clipgospelofic assist dig httpstco0mpmotz4ht 
religiao	benca aqu gospelliv desej tard vitor gospel liv festiv httpstcoaw8mrh51pr 
religiao	comec segund dia aqu gospellivefestiv friend music today gospel liv festiv httpstcomazg5xj3u 
religiao	red gospel brev canal 21 cidad olimp renascerrev apostoloestev httpstcolaojx3slav 
religiao	photogrid renatafrag aqu gospelliv recebaa unca vitoriaaa gospel liv festiv httpstcorzx3sf7xwp 
religiao	are vip famil lanch benca algu serv gospel liv festiv httpstcot0xfjncvvf 
religiao	red gospel brev canal 21 cidad olimp renascerrev apostoloestev httpstcolwlytqco22 
religiao	unca aqu gospelliv workshop juninhoafr gospel liv festiv httpstcorrtsch9ehq 
religiao	benca workshop juninhoafr aqu gospelliv gospel liv festiv httpstcouuzfb1zz5v 
religiao	photogrid workshop juninhoafr aqu gospelliv benca unca tremend gospel liv festiv httpstcogj25qjwh84 
religiao	gospel liv juninhoafr juninhonakagaw jonathannakagaw aqu exposicaobenca gospel httpstcoudtfkbor0 
religiao	jesu cultur lind deu maravilh gospellivefestiv vamosirradiaram gospel httpstcozg5gijzu3 
religiao	grac libert pcbaruk deont dia1 gospellivefestiv gospel liv festiv httpstcorhvzx2ohxv 
religiao	cia niss tempestad deont dia1 gospellivefestiv gospel liv festiv httpstcoryqdpqhq8k 
religiao	photogrid hoj gospel liv inici 12 hr workshop juninhoafr fernandinhobr httpstcofcrq9oixq 
religiao	march sao jos rio pret quer ver gospel liv festiv aeroport nacion httpstcohqv03bhxp 
religiao	program espec encontrocomdeusnamadrug irma pr cleb tvredegospel red gospel httpstcob7c03lnszt 
religiao	pass som gospel liv festiv sao jos rio pret sp sol baix part 2 httpstcozcofmproiy 
religiao	pass som gospel liv festiv sao jos rio pret sp sol baix part 1 httpstcobelgf9o9x 
religiao	gospel liv festiv sao jos rio pretospbrasil kleb luc band lind deu httpstcocvkvozvnh0 
religiao	ced pass som gospel liv festiv sao jos rio pret sp httpstcoqtpddbqhg1 
religiao	val pen livr ador recebaa julianoson livresparaador gospel liv httpstcolmdzezv58g 
religiao	pouc synth bas trem cas hoj gospellivefestiv gospel liv festiv httpstco0zcebjhfcy 
religiao	livr ador ador aleluiaa unca tremendaa gospel liv gospel liv festiv httpstcoajp85yym9d 
religiao	livr ador gospel liv festiv httpstcoxagdjvvh0p 
religiao	leit matern the gospel of the lord mbird12 igrej primi escrev hist jesu httptcobxlcex3qhc 
religiao	profetiz sao jos rio pret senh jesu recebaaa famil gospel httpstcozdy8t1utwl 
religiao	sao jos rio pret ganh event trem gospel liv parab tod equip organizaca httpstcopilqg54tj 
religiao	gospel liv traz sao jos rio pret alg inedit 2 dia melhor gospelhoj aind httpstcooj8e5blwac 
religiao	trem gospel liv estrut tremend vem ca sao jos rio pret regia httpstco6wza1mpfr6 
religiao	pront cas arm partiushow festiv gospellivefestival2015 jesuscultur gospel liv httpstcornyytjeiz7 
religiao	aqu gospel liv tamanh palc recint exposica httpstcosj6plxd9s2 
religiao	acab public fot livr point gospel burit shopping httpstcoagwocv4kkp 
religiao	bom dia soundcheck 800 manh sao jos rio pret gospel liv festiv httpstcoq8nrtyajnr 
religiao	prim par rum sao jos rio pret sp liv gospel post castel plaz rod washington httpstcormmzfug4iy 
religiao	vaaaaaamoooss cim event gospel liv festiv obrig deusssss httpstcohxoedmdyzr 
religiao	rt drdannyces receb visit amig mai can gospel brasil fernandinhobr clin paril nov httpstcoolialluyfp 
religiao	pr tacon grav conect gospel httptcooxz5zqvydt 
religiao	acredit ter festiv gospel aqu rio pret amanh sab gost maior can 
religiao	hoj dia produ troc alt pap telefon algum radi gospel espalh httpstconn54mtvqn 
religiao	daqu pouc barr trem amig pr mari albert revelaca gospel edu port httpstco7srymqcawy 
religiao	pauloalbert maravilh pod particip 1 audico talent gospel esper prox 
religiao	man fam gospel dao alegr kakakakak cas cair httpstcok37nbktuj0 
religiao	brilh vid sorr toa vibr am paz gospel night iraj atle club httpstcoecwwav6qzm 
religiao	hoj dia importantiss grand hom deu precur music gospel pal httpstcorel119lhnr 
religiao	marc felici coment audienc publ exgay ouv minor minor httptco7bozfrvzy5 
religiao	ont acompanh bbals clipgospel viv bom red gospel televisa httpstcojyvjv0ylzh 
religiao	lig gospelconinu viv manh gospel armus informacao1079fm tamb p sit httpstconuuk7eigs6 
religiao	bom diiiaaexcel tercafeira007 hs est vivogospel fm rio1079 fmmus httpstco2kxw5gmftl 
religiao	tao bom ver menin mand music gospel bom tamb conhec deu 
religiao	salve comec program apert plataform baix app gospel fm deix salv httpstcohuhjls9ljx 
religiao	rt rodrigoyod fernandinhobr tamb confirm segund edica gospel rio gospelri mocidad httpstco0iknil 
religiao	fernandinhobr tamb confirm segund edica gospel rio gospelri mocidad httpstco0ikniloeb 
religiao	deu poss continu abenco igrej receb tao bem obrig amig produt httpstco878r3mrj7j 
religiao	noit marc glor nov velh toc pod deu httpstcodoegifd2ox 
religiao	3 dia unca pod deu aqu piau amanh volt cas coraco alegr httpstcoyzofefbqnr 
religiao	nunc fiq tao ansi despert agor quer adolesc chag most deu tud possi vid 
religiao	quint bel pa sext cuiab sab jequi ba ubat ba hoj resend rj deu httpstco10uxv2bqi 
religiao	marc felici diz tao tement deu aquiil diz deu castig puf 
religiao	rt alvees10 am liberdadep deu deu liberdad escolham diss ha caminhojesusvoc escolh 
religiao	confi senh tod coraca nao apoi propr inteligenc lembr deu tud httpstcoteql2ls8ag 
religiao	impact glor benca retir ali deu prad tal form assim httpstcoc8kt7a3rnd 
religiao	rt icsaopaul fe toc deu pod deu toc maxrosasouz 
religiao	obrig deu proporc feri top faz temp n divert httpstcot7cylirajd 
religiao	rt doleoluz namor zandonaid dand xiliqu deu perd 
religiao	aprend deveri ser grat deu nao dar tud ped pra httpstcopcpbdmfevc 
religiao	amanh segund feir assim nao pod ser alg err deu 
religiao	deu acab 
religiao	00h obrig deu dia 
religiao	desistiuuu deu nao desist aqu levant mund fiz cair 
religiao	espelh reflet imag senh nao chor mund aind nao not bast deu reconhec val 
religiao	rt mrwnbt escolh deu escolh ser amig deu escolh crist tod dia 
religiao	estranh crist rio tao long alem brac sempr abert proteg httpstcofki0hyjmy 
religiao	bat m fernandaqu alegr ver renasc crist vemproo2 joa 37 renasc httpstcoooiepevpzr 
religiao	grac paz tod tod otim seman nom jesu crist 
religiao	acab public fot igrej presbiteri celul crist ipcc httpstcolpgeqfm5l 
religiao	lad rainh tud melhor igrej evangel restauraca crist httpstcovznfmxmee6 
religiao	pr cicer apresent diac jerem igrej evangel restauraca crist httpstcokeldzud5 
religiao	ld igrej jesu crist sant ult dia httpstcofdz71bbw6x 
religiao	acus roub cruz crist crucific senh conhec 15 ano cruz httpstcoifviejfuod 
religiao	rt xjesusteam vid etern conhec ti unic deu verd jesu crist envi joa 173 
religiao	santace advec filh advec assemble deu vitor crist httpstcoc1tg57xnk 
religiao	ministraca deu privilegi tod igrej crist mant araguain httpstcoj4xdt26pa1 
religiao	seman abenco tod paz crist cas famil feliz httpstcoklqpzxvwfv 
religiao	pao viv hom cult familh igrej renasc crist httpstcogcfezh4mtf 
religiao	hor louv adoraca senh jesu crist santuariodafamiliadeilhot httpstcobupyfdyb6z httptcoamjlyvpsaj 
religiao	grac deu pod cont am jorja vid paz crist paroqu httpstcoueicw3p8ph 
religiao	apes pes final cont gent sempr encontr alg bom afinal crist httpstcoilqbzpahr 
religiao	inici cult broth fech cert brasil crist itaim paul httpstco8nnlcufrgy 
religiao	5deg doming ressurreica louv senh jesu crist ipu jundi igrej presbiteri unid jundi httpstcofq8etmgyn 
religiao	crist venc igrej rio vid in port alegr 91360 httpstcog7ry1kroc 
religiao	rt apoiamoseyshil nao import acontec exerc cidadan man dign evangelh crist filip 127 
religiao	nao import acontec exerc cidadan man dign evangelh crist filip 127 
religiao	famil serv senh part cultonaimac igrej ministeri apascent crist httpstcohsnnnjbfxp 
religiao	vam comec ult encontr aqu araguainat grat deu tud igrej crist httpstcoowbp92otjy 
religiao	hoj sant cei oportun renov alianc crist 
religiao	bor ensai log 18h grand cult famil brasil crist itaim httpstco0kuhfesumu 
religiao	tud poss naquel fortalec morr corcov crist reden httpstcojq63seu7ew 
religiao	igrej crist florest aragua pa ador senh hotel milhom httpstcoasqx85m42n 
religiao	apresenc deu mov tremend manh igles crist centr httpstcocexptoavsu 
religiao	hoj manh igrej crist centr paraguay abenco serma pastor httpstcon3pwewt0x 
religiao	crist vid cresc ning compr alm jesu httpstcotu6abv2str 
religiao	pe crist reden rio jan corcov httpstcowhb6cudxa2 
religiao	irm crist httpstcocknso70tvv 
religiao	ouv crist ouv escut oraco atend deu impossi tud possi bast cr 
religiao	dad glor igrej jesu crist tod aa geraco sempr am httpstcozspds7y2w 
religiao	dia memora pesso formida livr crist jesu magitaqu somosum hotel httpstcodqoo7246bc 
religiao	abenco deu crist reden httpstcobixmmv377 
religiao	crucific crist viv nao crist viv vid agor viv httpstcolcmqorjh0m 
religiao	nao ha muralh fic pe di firm crist sempr luz 
religiao	embark igrej jesu crist sant ult dia httpstcodnacfjsywm 
religiao	ha 20 ano aceit diss sim per crist torn padr am afilh httpstco4ei4sfzfz 
religiao	joelh reden ver am abenco abenco crist amigodef agradec httpstconpwfqt4on 
religiao	amizad forc temp ira destru melhor crism paroqu crist httpstco34mg2qcfsw 
religiao	selfi ont gal impact igrej crist nov terr araguain lind httpstco9lb7ct7sdj 
religiao	precis sempr ir pe crist ali pe encontr forc prossegu httpstcoclm6jagb 
religiao	upperp pistaperson pistadedanc upp capel sant crist milagr httpstco1iaahdl96j 
religiao	crucific crist agor viv nao 
religiao	tod mund sai arsen campea outr tim jesu crist 
religiao	perfeit domingoldsmormonigrejasolamomtotdiss igrej jesu crist sant httpstcoukostiid0m 
religiao	deix deu conduz vid conduz tbt cme rcc renasc crist httpstcoifk9mcvo3w 
religiao	alv crist igrej batist lag nitero httpstcovtvx9yir44 
religiao	hoj est sinop igrej fe renov crist av juli camp 1318 centr sinopmt httpstcof38bt7hzw 
religiao	qu ser crist qu ser di crist qu ser pesso httpstcomhcifjugdg 
religiao	pront inici ult reunia aqu araguainat igrej crist mant araguain httpstcotgs7ygd6ev 
religiao	inic hoj cicl dest revist ebd igrej evangel brasil crist httpstco0rvtcsaoeq 
religiao	vid etern conhec ti unic deu verd jesu crist envi joa 173 
religiao	conhec pod jesu crist nao perc temp httpstcowzbhtwjshd httptcolqtaxnmudk 
religiao	bom diaaaaa advec recreioassemble deu vitor crist httpstcoroyhvnvvbr 
religiao	tend sid justific fe paz deu senh jesu crist roman 51 
religiao	assim pec rein mort tamb grac rein jus vid etern jesu crist senh 
religiao	igrej igrej jesu crist sant ult dia httpstcoisfkwccbsw 
religiao	ld igrej jesu crist sant ult dia in foz iguacu paran httpstcocb1mbglmmr 
religiao	dia agradec assemble deu vitor crist advecpr in curitib paran httpstcov9o5ztsmol 
religiao	volt rio vist lind ant pous cois lind deu crist reden httpstco7cjcpygxa8 
religiao	rt rosfilil rpsp tud desv olh cristotud afast aind cois aparent boa dev ser aban 
religiao	galat 3 28 nao ha jud greg nao ha escrav livr nao ha hom mulh porqu tod soil crist jesu 
religiao	ult cei gar lind cidad ibbrcuritib igrej batist bom retir httpstcoixitbipdr 
religiao	apresentaca nov presbiter igrej metod wesley mananc httpstco7nn9olgzgt 
religiao	oraca casal igrej igrej metod wesley mananc httpstcor6vk72z2v 
religiao	ministr noit mananc igrej metod wesley mananc httpstcopejbgqwag 
religiao	amo coraca pais igrej batist grac httpstcoxsyxo91pgv 
religiao	igrej chei hoj aqu portovelh obrig tod igrejanovaalianc fredarr httpstcoi8zmazwang 
religiao	algum fot bel cenari igrej dor ant ir pro juvenil casamentojueruy igrej httpstcolyabdxcnaw 
religiao	compartilh cei lid long thigoc voltalog igrej kair httpstcoqamsuhcrn 
religiao	finaliz fd cult abenco congress famil 2015 prim igrej httpstcopu7l5blf75 
religiao	cult abenco pg prim igrej batist ji paran httpstcos86nciqe9f 
religiao	festiv grup somdeador uniaodehom tud lind 2o igrej evangel httpstconhkebo6fa9 
religiao	cei senh noit maravilh cas rei glor igrej batist nacion httpstcodv5dn39lnb 
religiao	termin doming paz amig quesaudadequeeut igrej deu brasil httpstcopuqvtewqlw 
religiao	padr fabi mel expuls igrej catol diss mar apen human diss jesu salv eae lind 
religiao	melhor dia vid deu amo igrej batist sia httpstcozrueu86zd 
religiao	nao viv stoantoni igrej sant catarin alexandr colegi catarin httpstcoduuhwtonhq 
religiao	v bom lid agor consagr mont sia igrej ato httpstcoardafas1 
religiao	famil reun cas senh igrej assemble deu missa httpstcoygjbk6x76q 
religiao	louv rei reil bat drum igrej presbiteri brasil telemac borb httpstcoyxwpo6kax8 
religiao	anderson freireum verd ador igrej santuari famil ilhot httpstcozdpaxv6vpt 
religiao	cult cei trem inexplica ador ebenez igrej batist ebenez httpstcoyjfrvotkr 
religiao	cei nao prec igrej batist grac httpstcon3vu8idnju 
religiao	fac diferenc lev mao porqu pod fort pod oraca igrej httpstcopoyya1kntz 
religiao	bat liter brac senh feliz realiz igrej batist brooklin httpstcon9bxnzntwu 
religiao	pastor marc felici ministr palavr profe igrej brasil agor aqu httpstcowwyi8qotut 
religiao	ped amig deu deu irma comunidad evangel igrej famil httpstconkaeoxhi1z 
religiao	lind igrej catedr presbiteri rio frent hotel hoj particip httpstcohascgyiqgn 
religiao	por cas serv senh josu 2415 b igrej evangelh quadrangul httpstcorhfx8uk7c 
religiao	amig lind miss melhor companh igrej senh aparec httpstco1swgsblxl2 
religiao	cult igrej metod joinvill sc httpstcootbahllk9j 
religiao	igrej senh lug cur libertaca httpstcoqyhzvmno 
religiao	deu nunc falh nunc falh igrej evangelh quadrangul httpstcoqewmybedj6 
religiao	segund brev seman lev institut anglic bara rio branc tapej httpstcogmwwvcdrmz 
religiao	hor vem agor verd ador adorara pai espirit verdad httpstcoayywryndru 
religiao	preguic paz conced espirit forc total comec seman httpstco2zyj8ayjhk 
religiao	espirit santoo grand amgo n poss viv presenc espirit sant httpstco1cpqjwueoy 
religiao	passar livr prisa ar espirit livr prisa corp carl drummond httpstcob3k6sfyv8y 
religiao	espirit sant ore lev deu tud precis singl cas httpstcorhnothjuvc 
religiao	filh am abenco espirit sant habit ti ung escolh httpstcoz1pktwb7kv 
religiao	blind espirit sant cas kolb httpstcoljn72me8qw 
religiao	complet tom presenc visit sant espirit sant deu httpstcoklgzidpnzg 
religiao	ouv ouc espirit diz igrej comunidad carism httpstco7athe7l2z4 
religiao	deu bom sopr espirit ministeri batist nov alianc in ribeira pret sp httpstcohabhomvx6g 
religiao	rt coraxcx hj naquel espirit tant faz vid tao curt 
religiao	mai antidepress hist cham espirit sant httpstcoan5afhthp2 httpstcod4yobpexow 
religiao	am jonathanaugusto77 dand lug pro espirit sant deu igrejapresbiteri indi httpstcogt0y7d10w 
religiao	vem sobr espirit sant vem presenc preench ser 
religiao	curt pagin grup oraca mov espirit igrej sant ter patrocini mg httpstcoin28f0bhfh 
religiao	hoj uruull cad discipul jesu tr espirit sant amig precis httpstcoydubxq0w91 
religiao	igrej jov encontr dest sab 0205 chei espirit sant httpstcotrutwcubwj 
religiao	deu abenco hoj sempr glor pai filh espirit sant assim httpstcokevv2otbgm 
religiao	acat repreensa dar espirit sabed revel pens pv 123 bom dia 
religiao	desejot bom dia chei paz am esperanc espirit vitor marc determin sucess bom dia 
religiao	qu tamb quer apaixonadospeloc uai espirit sant pinh httpstcoi5rzteakkp 
religiao	presenc deu incri espirit sant acend cham coraco serm httpstcomzquqtrg7q 
religiao	vem espirit sant pod toc ser flu paroqu senh httpstco7ll0obsdvu 
religiao	movendos espirit danc flashmob milgrau comunidad crist rondon ccr httpstcoqpqcjrcymm 
religiao	edmund prote propr seguranc espirit emoc sempr segu frent tud httpstcoutyqmyrp7n 
religiao	segred manutenca salvaca oraca espirit dev ser feit imediat apo surg mau pens 
religiao	aind agu tumultu rio espirit sant corr tranquil santuari deu promet est conosc 
religiao	clam presenc espirit sant tod moment vid dar forc httpstcoeec5eg9pdn 
religiao	quant vez quer fic so incomod espirit sant fal deu davegibbom 
religiao	ser human escolh hoj viv espirit escolh cas pai 
religiao	mei igrej senh coloc palavr labi deulh espirit sabed inteligenc revest gloriaalelu 
religiao	ouv ouc espirit diz igrej apocalips 36 bibl vers dia httptcoouey7wvg9 
religiao	rt fraserosadsaron mand espirit vem abrac nao chor precis ti aqu consol 
religiao	espirit mal cao bct sai 
religiao	mort voc tao vend aqu espirit cobert lagr 
religiao	vem espirit sant pod toc ser flu retiro2015 itaip httpstco0pdqfuegr7 
religiao	rt kenocard tod moment espirit sant conosc nao deix relac movimentof 
religiao	mai am vid lag municip espirit sant pinh httpstcodwzofh0tjd 
religiao	coraca transbord am 7od paroqu divin espirit sant in cuiab mat gross httpstco3agt2mqhud 
religiao	ia faz cm medalh divin espirit sant 
religiao	palavr lanc encontr coraco sedent intim espirit sant ouv httpstcoook43vl24r 
religiao	desej paz paz alm espirit coraca paz tod desej httpstcoztmdqg5ak9 
religiao	respir pouc ar pur parqu lag in espirit sant pinh httpstcoc6jominbgx 
religiao	aqu habit alm luz espirit guerr coraca puls am devoca httpstcouoqspnpdyr 
religiao	espirit sant incri qnd sint qnd invad ser nao p explic vontad chor qnd coraca ard presenc 
religiao	espirit sant deu mei ad famil httpstcogr6biful1b 
religiao	bisp calegar preg hoj mananc igrej metod wesley mananc httpstcoocciw5pa4z 
religiao	adfamil comec trabalh reunia caf obr bisp edinald silv ad famil httpstcouod1ew8u2x 
religiao	aprend bisp nimass acab benz bondbutec prai joating httpstcoo0fkjjcboh 
religiao	reitordosantuariosaojos bisp seminar propedeu posmiss santuari sao jos httpstcoscmqajdtmu 
religiao	encontr aqu bisp waguin therm park laranj olimpiasp httpstcobtokitv8qm 
religiao	grand revelaco part senh bisp edinald silv cultodelibertaca ad famil httpstcodzvxh0qb0d 
religiao	nest doming 900 manh mananc bisp sebastia calegar igrej metod wesley httpstcoobtijpjokw 
religiao	hoj sant audienc am bisp dioces dom redovin nao httpstcojizw8rykn 
religiao	nest 5af aguard apostol pastor bisp p temp comunha cafepromarchaparajesu httpstcogl7divmeov 
religiao	rt sum consjurid conden ap 470 bisp rodrig neg ped viaj httptcoaekzikoryg 
religiao	vir ano 20132014 catedr bisp arnald lanzelott catedr fe curitibapr httpstco9qtuq5qvs 
religiao	igrejaunivers cheg templ saloma particip reunia seil bisp maced pront ver entrev 
religiao	palavr unca pod ont cult bisp temp cresc temp httpstcobvttgekkqq 
religiao	rt dacostakamil igrej univers omelet quant bat cresc bisp edir maced assist co 
religiao	palavr unca pod ont cult bisp temp cresc temp httpstcoeftwtbf7lx 
religiao	conexa report pass entrev bisp repris ach inedit 
religiao	rt eusoumik palavr abenco bispofeltrim nest manh princip hoj vou conquist vag concurs publ pal 
religiao	diz bisp maced que melhor direitod deusbastapediroqu diz doprofet amo volt ser boiad conexaoreport 
religiao	aprend c bisp ofert dizim sim bibl am deu obedec palavr 
religiao	viv hj grac tb bisp sacrific sacrif vid td dia p ganh alm daquel pesso desprez 
religiao	bisp edir maced transpar assum td diss sincer maior fal mal gost ir cabec outr 
religiao	cabrin emend bisp deu prostituica 500 pil hor pepec pohaaa pepec ouroconexaorepot 
religiao	sbt soh pod sacanagempass hist bisp agor sequenc vid put rua 
religiao	ont juaz nort ce padr cicer abenco tod seguindoabat httpstcolllvfvaczk 
religiao	quer ser padr seminari mai arquidioces senh fat in brasil df httpstco4dow6wu5wv 
religiao	prac padr joa n 200 frent term centr iigd sao jos camp sed httpstcoytwlreytrg 
religiao	nad encontr am admir moment tao import padr renat martim httpstcosoo2ksnst 
religiao	cad gost evangel desd pequen adimir dm pastor marc felici mens car sao maravilh 
religiao	hoj pastor marinhobrazil troux palavr fe saim fortalec persever httpstcomcb987ievr 
religiao	cult abenco pastor emanuel ngueng angolaafr alegr tel conosc nov httpstcokfuiagk6c9 
religiao	sobr fd sent etern gratida deu encant msm nao merec bom pastor n abandon ovelh 
religiao	cult maravilh cham chor litr acontec tamb comig pastor josu enquant httpstcoceozlvmui 
religiao	dia agradec vid dad paroqu bom pastor w fabiodiaas httpstco93q9vixtmn 
religiao	persever precis mens send ministr pastor pedr mont httptcoryjvdi0il httpstcol1g7lifafu 
religiao	miss paroqu bom pastor senh fat arqri in rio jan rj httpstcofoujhaqe7g 
religiao	parab pastor pastormarcosf senh abenco gu assist agor cult aco httpstcobge3mm6iy0 
religiao	ricard oliv pastor nenhum titul falt ser campea paul 2015 sant httpstcop1laxrk5r2 
religiao	rt willbass21 hoj pastor wesleyr band igrej batist tessalon maracajum pow mov httpstco37rptxy 
religiao	melhor palestr dia pastor odailsonucb jesu abenco gainapv tv nov temp httpstcowoute12dav 
religiao	hoj reunia lid fil jvc pastor prsamuelam surg nov ide httpstcoao2smetxag 
religiao	caf manh iigd pastor obr igrej caf manh iigd httpstcoljolmirkp5 
religiao	particip cult hoj manh pastor natanaeldelval revelaca sobr grac httpstcoki73sqa0eb 
religiao	manh abenco pastor presid sil malafa comecarb essemerepresent prmalafa httpstco57gchgcplm 
religiao	sobr ont 2 quer ser grat deu vid pastor andr abaix blus vermelh httpstcog0qfx8d4wz 
religiao	dand boa vind pastor leandr bianc univers afons pen naotemprec oliveirafilh httpstcobm51rkbvr 
religiao	seligas senteapressa privilegi ser pastor juventud ama senh httpstcosoksy1gr2m 
religiao	fim ministraca am marcofelici preg pastor paul andr cant httpstco0djijqdt7x 
religiao	hoj pastor wesleyr band igrej batist tessalon maracajum pow mov httpstco37rptxyawq 
religiao	gent mens pastor samuel maravilh nao aguent chor 
religiao	jesu pastor mai jesu nahal filh jesu bom pastor fez magal conduz ovelh pai 
religiao	ser verdad pastor marc felici assum bissexual httptcogv8x9ghaag 
religiao	foc ovelh nahal desestress rebanh desestress pastor nahal traz rebanh agu tranquil 
religiao	essenc ovelh nao possu 2 sent 2 orientaco 2 pens caminh linh pastor 
religiao	quant pert pastor autoridad ter cuid rebanh 
religiao	doent faz tud afast ovelh nahal lid pastor esta long nao quer ver ning pert pastor 
religiao	confianc pastor fez ovelh madur nahal nao permit nad mud natur roub coraca ovelh 
religiao	envi pastor 33777 pag agor diz via internet 
religiao	feliz lid precis tom decisa coraca ovelh ir pastor busc orientaca 
religiao	lid nahal lid ouv sim nao nunc deix torn exempl nao deix ser gui sai pert pastor 
religiao	predestinaca livr arbitri entend nao dia entend pastor httpstcokmxnbcjs6f 
religiao	praz conhec pastor srochaac hom deu recint exposica httpstcom9dfrveygl 
religiao	otpcabellobow oq pastor preg 
religiao	grat surpr hoj conhec pastor srochaac impossi olh nao lembr trop httpstcoyn8un4o68k 
religiao	pastor waldomir coloc chapeu cowboy melhor pastor 
religiao	pastormalafa parab program hoj program maravilh deu abenco ministeri pastor 
religiao	tend privilegi est pres nomeaca irma pastor fabi tan sent httpstcod8wvppoqj6 
religiao	can pastor marc goe benca pur igrej evangel congregac papuca httpstcoixoytzuvxj 
religiao	melhor pastor red jov brasil marc madalen conferenciainspire2015 euusoelev httpstco6rkplwsqn 
religiao	ovelh gost ouv voz pastor exist sacerdot ung diz bich bat retir nom jesu 
religiao	pastor cesin bernardin receb missionari gabinet blogdodcvitt httptcorrv4zudrfn 
religiao	ont ministr palavr imef pastor ricard oliv genesil 281022 permit httpstcozdvbm3pct8 
religiao	pnv vigil mau deu abenco tod pov dest igrej obrig pastor regia httpstcomshljowr6r 
religiao	ach nao pod pior errrrroouuu hospit bom pastor in igrej rs httpstcoyonpedldn httptcou1wxfw6kgx 
religiao	pastor pr marcel referenc caminh gent boa discipul httpstcotn2hukgvdl 
religiao	tent entend marc felici consegu ler bibl 30 vez concord tud escrit 
religiao	bibl diziaqu perdo ama httptcoxrdfgyhtuw 
religiao	bibl diz esper deu forc sao renov agu esper httpstco7d9xroimkv 
religiao	bel poa assim cheg mai prac bibl poa httpstcovkyxkq6atl 
religiao	min bibl batiz vicent ame faz trabalh carton minibibl batiz httpstcowjmmxvjl3m 
religiao	confianc deu alg enfa bibl confi deu sab esper temp httpstcoedcqycgod7 
religiao	leiaabibl mat 1022b persever fim ser salv 
religiao	pod pul danc cant faz oraca ler bibl anuci verdad jesu ama salv 
religiao	nelsondoee bibl nao tud nao nad torn 
religiao	quer post fras versicul bibl nao diminu fam queng bj 
religiao	bem 2 car gratida prac bibl httpstcosrvxeopsp 
religiao	chor sorr import bibl tod ano li lastnight deburn httpstcosrrewp245 
religiao	rt eitabarichell bibl fal or vigi nao vid outr 2bj 
religiao	bibl diz am nunc falh nao der cert nao am aind jd httpstcocofnqlxuj6 
religiao	salm 90 12 ensin cont dia tal man alcanc coraco sabi bibl jfa inspirebrasil2015 
religiao	roman 12 10 amaiv cord um outr am fratern preferindov honr um outr bibl jfa offlin 
religiao	roman 12 9 am nao fing aborrec mal apega bem bibl jfa offlin 
religiao	ato 2035b record palavr senh jesu porquant diss cois bemaventur dar receb bibl jfa 
religiao	roman 12 15 alegra alegr chor chor bibl jfa offlin 
religiao	roman 12 14 abenco perseg abenco nao amaldicoel bibl jfa offlin 
religiao	roman 12 13 acud sant necess exerc hospital bibl jfa offlin 
religiao	roman 12 12 alegra esperanc sed paci tribulaca persever oraca bibl jfa offlin 
religiao	leiaabibl salm 313 porqu es roch fortal assim am nom guiam encaminham 
religiao	sempr dou grac deu lembrandom oraco filemom 14 bibl vers dia httptcodagngovej 
religiao	dia estudi bibl preparandon rend fiet estudiosbibl bibl oro verd httpstcorvrlyvvhjm 
religiao	am vincul caminh pert perfeica coloss 314 bibl famil iigd httpstcotrw8k1yu6g 
religiao	gost ouv music band raizesquetoc ensin bibl transmit jah louv ador 
religiao	fiel ore lei bibl evangeliz ame prox sim deu 
religiao	leiaabibl fic pens explicaca algu dar jesu nao ter lid bibl send vid int faz 
religiao	comec dia leit bibl sempr sustent grand dia obrig senh httpstco2xxfoewr0b 
religiao	bibl diz am nunc falh nao der cert nao am aind 
religiao	dia homen tort bibl encontr tud tort jesu endireit jesusturein 
religiao	glor honr pertenc senh jesu tod sempr noit hoj encerr sobrenat httpstconx7werwcbx 
religiao	rt miiinoronh nao ning ti jesu movimentofenamadrug 
religiao	jov frent nao coloqu jesu tra bday geg httpstco8kicwqq9gw 
religiao	nao ning ti jesu movimentofenamadrug 
religiao	nao desan nao jesu vind plant chor colh sorr 
religiao	gratida gratida palavr defin sent senh jesu olh tra httpstcods967mx5pm 
religiao	crush sao franc marq pedr hom tir foleg senh jesu ajud 
religiao	gent cad doid aparec jesu 
religiao	cei senh moment relembr sacrifici jesu fez cruz ministeri httpstcogxtxci8azl 
religiao	ressuscit mud hist jesu viv hoj poss cant livr livr httpstco2ccd3yhmwx 
religiao	rt morestyd jesu am sent pod daqu httptcojgqplreuc 
religiao	23poil receb senh tamb entregueiqu senh jesusn noit httpstcoc1c6mk3zsp 
religiao	irma senh jesu diss permanec nel permanec sern httpstcojp8xbdhhwj 
religiao	cresc diminu aparec constrang jesu church saldaterr httpstcoz21pjagrnd 
religiao	hoj dia relembr mort senh jesu cei aleluiaaaaa ressuscit httpstcojjqr7qxnu 
religiao	pec nao conseg escond marc jesu exist httpstcoogf0fhlcbv 
religiao	ador deu ont mama irm show jesu cultur top tod louv glor httpstcoy24kiwdo14 
religiao	fech feri melhor man mes salv jesu santace pib sao jos httpstcob94vrtxc7x 
religiao	senh soil louv mei grand assemble obrig senh jesu igrej sao jud tad httpstcospc6v5gnxn 
religiao	felic jesu hor so deu natur sempr httpstcoqdefx6vse9 
religiao	rt ingrid94 enfim ind cas senh jesu agradec tud faz vid inici seman ab 
religiao	3 pil cristian 1 jesu bas fe joa 316 nvi porqu deu tant amou httpstco6moiqvgv86 
religiao	alegr serv jesu ccn guarulh httpstcor8ou7bz1gk 
religiao	cult jov hoj pow geracaoeleit httptco8qisfkj10p 
religiao	noit ont dia hj perfeit vei geral cult ca hj pass dia tod aqu hahah 
religiao	agend me cult vitor advec piabet 1 dia 20 05 1930 hr agend me httpstconiirk0ljul 
religiao	trem cult dest noit salvaca milagr crei sobrenat orle httpstcofm85hsgn 
religiao	reprogram ment cult maravilh kon kon stor spolet fregues httpstco0vjsmyuuvz 
religiao	hoj cult benca encontr amig melhor aind obrigadodeusportud httpstcotwggj5f7w0 
religiao	cult maravilh 1 cult me famil jesusil pegadacel pow httpstco7wowylffxx 
religiao	repost rebecadelval with repostapp hoj cult celebraca 1930 fort httpstcoskr84mivcg 
religiao	famil cresc 40diasdeoraca 40diasincentivandoafamil hoj cult espec p httpstcoorjywvc54f 
religiao	cult abenco unic cois rest desej excel httpstcofytrp1pra9 
religiao	cult sant cei ieq jd sao luil in baruer sao paul httpstcon6jlwisnw7 httptcoyi2sdoagwn 
religiao	cas chei cult famil comunidad naco campu sia comunidad naco brasil httpstcobu2g3rojbm 
religiao	cult famil sntlosangel soubairr comunidad evangel sar terr camp grand httpstconvendrlru9 
religiao	cult lind templ chei sant cei irm quer iba centr barr httpstcogfyevxtoff 
religiao	cult abenco lov convocaca cogic3 lov jesusismylif yeslord cogic3 resgat httpstcomvbdkmrhm 
religiao	ont ministr ont ad hau cult fic marc vid sempr httpstcoxeppqxwes6 
religiao	pouc rol cult ont igrej presbiteri brasil telemac borb httpstcomcletqdxd2 
religiao	daqu pouc nao pod perd jeit nenhum cult norm 17h convid tod httpstcoe3qg67dk1j 
religiao	ont said biblicadapaz melhor companh onethingbrasil cult meg blast httpstcokcr1si08bw 
religiao	manh glori deu ministr louv ieldv nest prim doming mai cult httpstcopebhktkcg2 
religiao	sobr ont nao show cult cult melhor noit tod nao quer vir httpstcoqvmmuobqc 
religiao	am irma goian nov horari cult escol fundament 1730h horaaposh httpstcodzzn68vsrr 
religiao	ont cult ostrezent music worship god guit pedal ieq sao miguel httpstcoqftzuy6dg7 
religiao	melhor cult brasil melhor euamominhaigrej eusoubracofort culto321 httpstcozsr6ft2h1q 
religiao	cult ingl vam vam bol nev church in curitib pr w franfriesen httpstcozl0hns9bdp 
religiao	hoj cult sant cei imac irma colabor igrej nao esquec httpstcofg8opfnoid 
religiao	nad pod cal ador recebaa dest unca cult sant cei catedr benca luz httpstcocoojfagku7 
religiao	bisparanakagaw ministr catedr benca luz vid nest manh cult sant httpstcochbdkhnbwr 
religiao	serv cult assim hoj templ maravilh presenc deu tod lad httpstcomeazi8aa1n 
religiao	bom dia amig caminh cult sant ceia desej tod dia vitoriass amemm httpstcotx65hbmfw8 
religiao	cult famil tod igrej font vam clam junt famili font tv httpstcohzotjyqg5v 
religiao	cult jov congregaca crist brazil sant regin httpstcoaal1tfxcu9 
religiao	caminh deu surpreend princes quartol cult filhasdor amig igrej httpstcoivljbeudmk 
religiao	lind obrig companh cult abenco batist ung deu httpstcoptvm04q1qv 
religiao	pros irma cult jessevrr irma poscult cas httpstcojnzlqkgn3n 
religiao	11 alm jesu hoj cult juventud aderc deu invad cas cois terri httpstcoc3zcx1qq5f 
religiao	ad bel gliceri cult mocidad bom ador junt irma senh httpstcooiv7xeibmn 
religiao	thiag andrad hom deu traz palavr abenco cult jov agloriaeded httpstcoazej4h4enp 
religiao	tezarzarz tip jesu qu sacr exist concili vatic ii httpstcoipcywctgn 
religiao	delvecchiosep nao macom macon vatic compr direit citaco thom kempil pox vid 
religiao	hoj sonh pass tard vatic contemplaca log faz faculdad jorn 
religiao	diret vatic miss viv pap francisc red vid televisa httpstco9e115byhc 
