religiao	Por alguem nao ame religiao, peela cor pele cabelo, ame SOU!
religiao	Clareza ideia, pureza coracao, sentimento guia, honestidade religiao... sinceramente, irmao!!!!
religiao	"Vo comecar ""Anticristo."" Que maior discussao momento sobre religiao etc"
religiao	RT @thamiris_carlos: Seja guia espiritual, religiao,o importa fe quao grato acumulo apren
religiao	Meu unico amor, sentimento religiao chama intee paixao #CadaUmEOnze #ENoGigante
religiao	Gente diz sim tudo midia religiao prega bom certo
religiao	"Voce alguma religiao ? ""eu acredito Deus"" ORGULHO #DulceMariaNoRaulGil"
religiao	"RT @thaubeliciaa: Religiao nao justifica preconceito. Dividam coisas! ""Sono voces."""
religiao	...Tire cruz pescoco. Esqueca igreja religiao... #MirandaRules #GuizeraRusle @ #MirandaRules https://t.co/OcAmdHyYMU
religiao	nunca vou forcar filho ter religiao, hora certa vou explicar diferencas podera escolher Madonna Britney
religiao	@aquelehipster tambem viu -'- ... Minha familia usa religiao justificar absolutamente TUDO ... TUDO pedir Deus .
religiao	@aquelehipster familia foda, religiao fala alto bem complicado .-.
religiao	Eu amo conversar sobre religiao gente mente aberta
religiao	Clareza ideia, pureza coracao, sentimento guia, honestidade religiao.. @ https://t.co/elSPetw8Jm
religiao	RT @FatosDoTwiteiro: - religiao? - Ateu - feliz assim? - sim gracas Deus!
religiao	Quem sera discute defendendo religiao sendo ateia? Eu.
religiao	RT @rodpocket: NUNCA vou fazer filho seguir religiao. hora certa explicarei diferencas podera escolher twitt
religiao	Quis falar religiao forma inadequada p falar p ser professora, disse cristianismo n serve p nd coisa gnt burra
religiao	Me mantenho pe religiao, homem precisa fe crer razao...
religiao	O novo homem encontrara religiao Natureza. Nao estatuas mortas arvores vivas https://t.co/s4nxP2dowV
religiao	Sempre acreditei religiao, acreditei Deus ver, dia amigo disse acredita vento ve-lo?
religiao	Ciencia religiao, duas coisas tao diferentes talvez dependa outra, mostrar conceitos crencas logicas
religiao	A ciencia religiao paralitica, religiao ciencia cega? Palavras Albert, sera mesmo?
religiao	Deus religiao! E amor, vida, salvacao, tudo.
religiao	Nunca mexam coisas religiao, vida traz coisas cola sempre
religiao	Quem precisa guerras ha religiao? http://t.co/TI3K2NGkJ3
religiao	A moralidade depende religiao? Tema debate. To vendo hoje nao passa.. sala pegar fogo abrir portas inferno
religiao	"Querem respeitem religiao, proprios desrespeitam lei: ""e proibido ter qualquer manifestacao religiosa dentro trem""."
religiao	pastor conheceu justin hoje (28), roma comentou agradavel conversa sobre religiao firme justin
religiao	#rpsp Cl1 Cristianismo relacionamento religiao:e Paulo trata nesta curta, expressiva carta. Aprendamos!
religiao	Clareza ideia, pureza coracao Sentimento guia, honestidade religiao Sinceramente, irmao
religiao	A religiao nao opio povo; opio significado ignorancia contida sociedade.
religiao	E qualquer religiao quero abencoe,a nao ser que,vc satanista. Ai perguntei nota
religiao	E caso amor, alegria, dor, religiao.. @ Jardim Veloso - Osasco - Sp https://t.co/Dx7dUzptaC
religiao	pago pau pessoas seguem religiao sao fiel elas, seguem religiao inteiro
religiao	ha limites piadas religiao, gente pedindo mute
religiao	@kendollsus aham sempre briga sobre religiao povo grita n sabe conversar nao
religiao	Eu acredito tudo , nao acho qe si religiao certa acho qe todas estao qe cada prega coisa qe certa
religiao	Decidi agr vou seguir pastafarianismo. Melhor religiao
religiao	Nao frequento igreja fanatico nenhuma religiao , amor fe Deus
religiao	Estudos apontam nao religiao certa
religiao	@CarlosBezerraJr @Haddad_Fernando Mulher casada bem casada nao deve frequentar religiao nenhuma. A nao ser queira casar filha.
religiao	g1 religiao grafica amanha descobri hoje. fudida? claro to, sempre
religiao	Cada religiao
religiao	Tem obreira igreja evangelica dando licao moral causa religiao --'
religiao	Estou feliz ter sido batizado religiao escolhi seguir, ainda ter sido https://t.co/XEVnjY2BFQ
religiao	Doutrinacao marxista escarnio religiao UFF - http://t.co/huBqRraAOO Existem professores existem militantes
religiao	@DaniloGentili pense cara admiro... A abominacao pretensa religiao entao fala... Religiao Placebo povo, Jesus nois.
religiao	Nao importa acredita nao, religiao, nao nenhuma. Esse lugar https://t.co/HohnJZfRTT
religiao	Se pergunte, encha confusao, nunca religiao explicar passa coracao
religiao	O irrita horrores tambem sao pessoas nao seguem religiao nenhuma, ve gay, testemunha Jeova
religiao	Me mantenho pe, religiao Mas homem precisa fe crer razao,Num ateu, moro? crente cristao. -Ret
religiao	Respeito pregacao qualquer religiao desde nao invada privacidade ATE NO ONIBUS
religiao	RT @xjesusteama: O cristao cai porque biblia nao le, porque igreja conversando, porque fecha olhos nao ora. @f
religiao	"Nenhum cristao autentico deixa lado transMISSAO Fe. Somos cristaos outros! https://t.co/kYSGUaPksT
religiao	Qdo cristao sai antes ateu, todo suporte Deus junto! Nem LUZ ateu pode manter! ;-]
religiao	RT @DionatanOlivera: Para cada ser humano, ha proposito Deus. Para cada cristao, ha projeto.
religiao	" Nao cristao ter medo ir inferno, cristao amo Deus ... https://t.co/bKiPtjj5jC
religiao	Paz A nova programacao Web Radio Cristao Evangelizar AR novidade, Oracao https://t.co/7t9xsAnbdf
religiao	Tem ter fe, ter, fe, sabe e, nao importa cristao, catolico, rasta candomble!
religiao	Viver Cristo, morrer ganho Nao ha outra questao, cristao Nao lutar..
religiao	Cristao tambem problemas, Cristo poder supera-los.
religiao	8 Edicao Congresso Avivar Hip-Hop Cristao brasileiro, ser bencao Vamos adquirir https://t.co/2keQN4q9Nf
religiao	RT @__NataliaSousa: Cristao nasce realidade. Jesus nao ilusao, Jesus nao conto fadas!
religiao	Cristao nasce realidade. Jesus nao ilusao, Jesus nao conto fadas!
religiao	@EscolhiEsperar: O fato ser JOVEM n torna tipo diferente cristao, fato ser CRISTAO torna tipo diferente jovem.
religiao	"VERSOS BIBLICOS EM REDES SOCIAIS TERNO E GRAVATA NAO DEFINE CARATER DE CRISTAO SEUS ATOS SIM! ""EU PRECISO CONHECER MAIS DE DEUS"""
religiao	Admiracao, carinho gratidao... Ser amigo/irmao seres humanos lindos meio cristao, https://t.co/7P6N5NKg3p
religiao	Se Cristao, mundo JA ACABOU! Joao 17:11
religiao	Participamos Reuniao mensal PSC-PR Curitiba. @ PSC - Partido Social Cristao https://t.co/EaB2InI27Q
religiao	Entre amigos PSC-PR @ PSC - Partido Social Cristao https://t.co/DsrHBn50LN
religiao	Como cristao catolico acredito profundamente Misericordia Deus! Se nao pudesse agarrar https://t.co/3YT6Haixli
religiao	Cansei guerra, vou ser Cristao Estado Oslamico tempo... http://t.co/07eDY30F8H
religiao	Ontem palestra sobre namoro cristao crisma, caiu indireta
religiao	Um cristao nao signo, nao Tarot determina trajetoria. Somos marcado sangue Cristo marca Promessa!
religiao	RT @nelsonmilanelli: Fl3 Viver Jesus olhar cima frente, seguir aprendendo crescendo conhecimento certo. Isso ser cr
religiao	Ao comecar terco, amiga familia lembrou Moreira morte todo Cristao deseja: tranquila, lado familia, reconciliado
religiao	RT @SigaUmMeninoDFe: Se ser Cristao ser doente, doente totalmente cura.
religiao	Esta chegando maior evento Cristao #marchaparajesus Te espero @ Rede Gospel https://t.co/4G4pH3k4xh
religiao	04 Junho @marchaparajesus ruas maior evento Cristao, vcs estao convidados venham participar https://t.co/yYVG9ZbBdz
religiao	Fl3 Viver Jesus olhar cima frente, seguir aprendendo crescendo conhecimento certo. Isso ser cristao.#rpsp
religiao	"Como Edir Macedo pode ser ""bispo"", fala ""pouco importa nao gostam mim""; amor cristao? @conexaoreporter"
religiao	Ah todo cristao defendesse Cristo Edir Macedo defende teologia prosperidade, bencao seria.. assistindo #ConexaoReporter
religiao	tao claro obvio tatuagem simbolo cristao pessoa vem pergunta tatuagem signo peixes
religiao	Ser cristao dificil, digo experiencia propria.
religiao	Pronto, fiz principal papel cristao, missa.
religiao	Triunfarei sobre mal, conquistarei trofeus. Nao ha outra questao, cristao nao lutar, chegar ceu.
religiao	A maior responsabilidade cristao promover gloria Deus.Joao 17:4;15:8
religiao	RT @AlexandreHofer: O verdadeiro cristao nao aparece, deixa Cristo aparecer nele.
religiao	Texto vivo ator nao priva fala, teatro cristao, hora Espirito Santo renova tudo!
religiao	Ta decidido nao vou olhar mundo nao quero, decidido quero orar, consagrar, ser cristao sincero
religiao	Festa casamento evangelico, som ambiente tambem http://t.co/R8EHffbVqc https://t.co/fvAhs5tVB0
religiao	IV afilhado (@ Salao Evangelico Nova Florida w/ @anajuliabf) https://t.co/GZsaiUv7FN
religiao	#IV irmao lindo mundo! Te amo (@ Salao Evangelico Nova Florida) https://t.co/Imlmt7p0bn http://t.co/tKpcQoSHAt
religiao	Nenhum obstaculo grande demais confiamos Deus. #music @ Ministerio Evangelico Cristo https://t.co/w08zeymvsH
religiao	@pavarini celoco rapais generalisa povo evangelico assim pessoa nao pode dizer milhoes ideia
religiao	Amigas casualidad, hermanas eleccion @ Instituto Evangelico Luis Siegel https://t.co/Zrppu6HvYV
religiao	alguem tira coral evangelico porta vizinho preciso estudar
religiao	Se ex metade evangelico, metade catolico nao gostava ir missa comigo, imagine Igor ateu
religiao	Sobre fim semana incrivel! #EncontroComDeus @ Acampamento Evangelico Ie-Oa https://t.co/47sCATBjGt
religiao	Eu evangelico SAM ALVES E O CORDEIRINHO DO SENHOR,repassem @liazonada AltasHorasComRafaVitti
religiao	Terminando domingo galerinha gospel @ Acai Villa Roxa https://t.co/W3zdcNslny
religiao	A nova voz gospel Brasil !! http://t.co/UYvP6Mgeu9
religiao	Passando nesta madrugada dizer obrigado SENHOR JESUS POR TUDOOOO AMEMMMM @ Gospel https://t.co/zpuELr6WXc
religiao	"@Damares_Oficial acabei assistir clipe ""O maior trofeu, rede gospel . Glorioso, coisa linda!!bjss"
religiao	A banda esperada noite ritmo irlandes. @ Gospel Live Festival https://t.co/cSqinjupVQ
religiao	Sao Jose Rio preto live festival @ Gospel Live Festival https://t.co/kLVCex2Dgi
religiao	@eudanielaaraujo mandou bem agora pouco! #GospelLiveFestival @ Gospel Live Festival https://t.co/drMSMd0LB7
religiao	Acabou publicar foto @ Point Gospel Livraria Evangelica https://t.co/k2nXvqyzTG
religiao	Acabei publicar video @ Gospel Live Festival https://t.co/sw4kn6YCKs
religiao	Esta fervendo Gospel Live Festival. Foi forte demais tarde. @ Hotel Michelangelo https://t.co/J6MVJNnuSH
religiao	Acabou publicar foto @ Point Gospel Livraria Evangelica https://t.co/WrdQKCyJ6h
religiao	Trazendo Arca palco @gospellivebr! Ta top demais aqui! @ Gospel Live Festival https://t.co/ngkMDBigMV
religiao	AO VIVO AGORA!! Na Rede Gospel TV banda clipgospeloficial!!! Quem assistindo diga https://t.co/0mPmOTZ4hT
religiao	Bencao aqui gospellive Desejamos tarde vitorias @ Gospel Live Festival https://t.co/Aw8mrh51pr
religiao	Comecando segundo dia aqui... #GospelLiveFestival #friends #Music #today @ Gospel Live Festival https://t.co/mAZg5xj3uE
religiao	Rede Gospel breve canal 21 Cidade Olimpia @renascerrevista @apostoloestevam https://t.co/laojx3SlaV
religiao	#PhotoGrid Com @renatafraga aqui gospellive recebaaa uncao vitoriaaaa @ Gospel Live Festival https://t.co/Rzx3SF7XWP
religiao	Area vip familia lanchando bencao ....alguem servido??? @ Gospel Live Festival https://t.co/T0xFjnCVvf
religiao	Rede Gospel breve canal 21 Cidade Olimpia @renascerrevista @apostoloestevam https://t.co/lWLyTqCO22
religiao	Uncao aqui gospellive Workshop juninho_afram @ Gospel Live Festival https://t.co/RrtsCh9ehq
religiao	Muita bencao workshop juninho_afram aqui gospellive @ Gospel Live Festival https://t.co/UUzFB1zZ5v
religiao	#PhotoGrid workshop @juninhoafram aqui gospellive bencao uncao tremenda @ Gospel Live Festival https://t.co/gJ25QjwH84
religiao	Gospel live juninho_afram @juninhonakagawa jonathannakagawa aqui exposicao....bencao @ gospel https://t.co/UDTFKBor0E
religiao	Jesus Culture Foi lindo, Deus maravilhoso!!! #gospellivefestival #vamosirradiaramor @ Gospel https://t.co/Zg5giJZU3O
religiao	Pela graca libertou! @pcbaruk #deontem #Dia1 #gospellivefestival @ Gospel Live Festival https://t.co/rHVZx2ohXV
religiao	"Cia. Nissi ""A Tempestade"" #deontem #Dia1 #gospellivefestival @ Gospel Live Festival https://t.co/RyQDpQHq8K"
religiao	#PhotoGrid Hoje GOSPEL LIVE INICIO AS 12 HRS COM WORKSHOP juninho_afram .. @fernandinho_br https://t.co/FcRq9oIXQe
religiao	Marchando Sao Jose Rio Preto. Quero ver Gospel Live Festival. @ Aeroporto Nacional De https://t.co/hQV03bHxPO
religiao	Programa especial #EncontroComDeusNaMadrugada irmao Pr. Clebinho @tvredegospel @ Rede Gospel https://t.co/b7c03lnsZT
religiao	passagem som ( GOSPEL LIVE FESTIVAL ) Sao Jose Rio Preto SP ... Solo baixo parte 2 ... https://t.co/zcOFMPRoIY
religiao	passagem som ( GOSPEL LIVE FESTIVAL ) Sao Jose Rio Preto SP ... Solo baixo parte 1 ... https://t.co/BELgF9O9XO
religiao	GOSPEL LIVE FESTIVAL SAO JOSE DO RIO PRETO-SP/BRASIL ... Kleber Lucas banda ... lindo , Deus https://t.co/CVkVOZvNh0
religiao	Mais cedo passagem som ( GOSPEL LIVE FESTIVAL ) Sao Jose Rio Preto SP ... Com https://t.co/qTPDdBqHG1
religiao	Vai valer pena....... Livres adorar recebaaa @julianoson livresparaadorar @ gospel live https://t.co/lmDzeZv58g
religiao	Um pouco synth Bass ! Tremeu Casa hoje . #gospellivefestival @ Gospel Live Festival https://t.co/0zcEBJHfcy
religiao	Livres adorar adorando aleluiaaa Uncao tremendaaa gospel live @ Gospel Live Festival https://t.co/aJP85yyM9d
religiao	Livres adorar! :) @ Gospel Live Festival https://t.co/xAgdJvvH0p
religiao	"Leitura maternidade: ""The Gospel of the Lord"" @mbird12 . Como Igreja Primitiva escreveu Historia Jesus. http://t.co/BXLcex3qHC"
religiao	Profetizamos sao jose rio preto SENHOR JESUS.... RECEBAAAA VOCE E SUA FAMILIA.. @ Gospel https://t.co/ZdY8T1Utwl
religiao	Sao jose rio preto ganha evento tremendo ...gospel live Parabens toda equipe ..organizacao https://t.co/pILqG54tJe
religiao	Gospel live trazendo sao jose rio preto algo inedito 2 dias melhor gospel....hoje ainda https://t.co/oj8e5BLwac
religiao	Tremendo gospel live estrutura tremenda ....vem ca sao jose rio preto regiao.... Estamos https://t.co/6wzA1MPfR6
religiao	Pronto, casa armada! #partiushow #festival #gospellivefestival2015 #jesusculture @ Gospel Live https://t.co/rnyYtJEIz7
religiao	Aqui gospel live tamanho palco @ Recinto De Exposicao https://t.co/sJ6Plxd9s2
religiao	Acabou publicar foto @ Livraria Point Gospel - Buriti Shopping https://t.co/agWOcv4KkP
religiao	Bom dia !!! Soundcheck 8:00 manha Sao Jose Rio Preto GOSPEL LIVE FESTIVAL ... Mais https://t.co/Q8nRtYajnr
religiao	Primeira parada Rumo Sao Jose rio preto -Sp live Gospel @ Posto Castelo Plaza - Rod. Washington https://t.co/RmMZFUg4iY
religiao	Vaaaaaamooosss cima, evento!!! Gospel Live Festival, obrigado Deussssss... https://t.co/HxOeDmDyZr
religiao	RT @DRDANNYCESAR: Recebendo visita amigo maior cantor gospel Brasil @fernandinho_br @ Clinica Paris Nova https://t.co/oliAllUYFP
religiao	Pr Taconi gravando Conecta Gospel http://t.co/oxz5ZQvYdt
religiao	Nem acredito ter Festival Gospel aqui Rio Preto amanha sabado gosto maioria cantores!
religiao	Hoje, dia produtivo trocando altos papos telefone algumas radios gospel espalhadas https://t.co/nN54mtvQnE
religiao	Daqui Pouco Barra tremer!!!! Com amigo Pr Mario Alberto Revelacao Gospel Edu Porto! @ https://t.co/7sryMqcAwY
religiao	@pauloalberto_ maravilhoso poder participar 1 audicoes Talentos Gospel espero proxima
religiao	"Mano..!!! Esses ""Famosos Gospel"" dao alegria Kakakakaka Sua casa cair https://t.co/k37nBKtuj0"
religiao	Brilhando vida, sorrindo toa, vibrando amor paz!!! @ Gospel Night / Iraja Atletico Clube https://t.co/ecwWav6qzm
religiao	Hoje dia importantissimo grande homem Deus, precursor musica gospel pais https://t.co/reL119Lhnr
religiao	"Marco Feliciano comenta audiencia publica ex-gays: ""Ouviremos minoria minoria"": http://t.co/7bOZFrvZy5"
religiao	Ontem acompanhando @b_balsamo @clipgospel vivo bom. @ Rede Gospel televisao https://t.co/jYvjv0YLzH
religiao	SE LIGA NA GOSPEL#CONINUO AO VIVO # MANHA GOSPEL NO AR#MUSICA E INFORMACAO#107,9FM E TAMBEM P SITE: https://t.co/Nuuk7EIGs6
religiao	BOM DIIIAA!EXCELENTE TERCA-FEIRA!00:7 HS ESTAREI AO VIVO#GOSPEL FM RIO#107,9 FM#MUSICA E https://t.co/2kxw5Gmftl
religiao	Tao bom ver meninas mandando musica gospel, bom tambem conhecem Deus
religiao	Salvee comecando programa aperte plataforma, baixe APP gospel fm deixe salve https://t.co/huhjls9LjX
religiao	RT @rodrigoyoda: @fernandinho_br tambem confirmado segunda edicao Gospel Rio. #GospelRio #mocidade https://t.co/0iKniLo
religiao	@fernandinho_br tambem confirmado segunda edicao Gospel Rio. #GospelRio #mocidade https://t.co/0iKniLoEbO
religiao	Que Deus possa continuar abencoando igreja recebeu tao bem . Obrigado amigo produtor https://t.co/878r3mrJ7J
religiao	Nessa noite marcados gloria novo velho tocado poder Deus https://t.co/DoEGiFD2OX
religiao	3 dias uncao poder Deus aqui Piaui! Amanha voltamos casa coracoes alegres https://t.co/yZOfeFbqNR
religiao	Nunca fiquei tao ansiosa desperta agora. Eu quero adolescentes chagados mostar Deus tudo possivel vida deles...
religiao	Quinta Belem PA Sexta Cuiaba Sabado Jequie BA Ubata BA Hoje Resende RJ Deus https://t.co/10uxv2BQIi
religiao	Marco Feliciano diz tao temente Deus aquiilo diz Deus castiga puf.
religiao	RT @Alvees_10: O amor liberdade,por Deus deu liberdade escolha,mas disse ha caminho,Jesus.Voce escolhe
religiao	Confie Senhor todo coracao nao apoie propria inteligencia. Lembre Deus tudo https://t.co/teQl2ls8Ag
religiao	Impactado gloria bencaos retiro, ali Deus pradou tal forma assim https://t.co/C8kt7a3rND
religiao	RT @IC_SaoPaulo: A fe toca Deus poder Deus toca voce! @maxrosasouza
religiao	Obrigado Deus proporcionar feriado desse, top, fazia tempo n divertia https://t.co/T7cYlirajD
religiao	RT @doleoluz: O namorado zandonaide dando xilique? Meus Deus perdendo!
religiao	Aprendi deveriamos ser gratos Deus nao dar tudo pedimos. @ Prainha - https://t.co/PcPBDMfevc
religiao	amanha segunda feira COMO ASSIM ???????????????????????????????????????????? NAO PODE SER TEM ALGO ERRADO AI MEU DEUS
religiao	MEU DEUS ACABOU
religiao	00h obrigada Deus dia
religiao	desistiuuu Deus nao desistir, aqui levantar mundo fizer cair
religiao	espelho reflete imagem senhor, nao chore mundo ainda nao notou, bastante Deus reconhecer valor
religiao	RT @mrwnbt: Mas escolho Deus, escolho ser amigo Deus, escolho Cristo todo dia...
religiao	"Estranho Cristo, Rio Que tao longe, alem Com bracos sempre abertos Mas proteger https://t.co/Fki0hyjmYs
religiao	Batismo M. Fernanda,que alegria ver Renascendo Cristo! #VemproO2 Joao 3:7 @ Renascer https://t.co/OOIEpeVpzR
religiao	Graca paz todos. Tenham todos otima semana nome Jesus Cristo!
religiao	Acabou publicar foto @ Igreja Presbiteriana Celular Cristo - IPCC https://t.co/LpGeqfm5Lo
religiao	Do lado rainha tudo melhor. @ Igreja Evangelica Restauracao Em Cristo https://t.co/vZNFmXmEE6
religiao	Pr. Cicero apresentando Diac. Jeremias. @ Igreja Evangelica Restauracao Em Cristo https://t.co/Keldzud5Es
religiao	#LDS @ A Igreja Jesus Cristo Santos Ultimos Dias https://t.co/fdZ71BBW6X
religiao	Mim acusaram Roubar Cruz Cristo Crucificado!!! ....Senhor conheci 15 anos ...essa cruz https://t.co/IFviEJFuOD
religiao	RT @xjesusteama: E vida eterna esta: conhecam, ti so, unico Deus verdadeiro, Jesus Cristo, enviaste. Joao 17:3
religiao	#SantaCeia# #ADVEC# Filhas! @ ADVEC - Assembleia Deus Vitoria Cristo https://t.co/c1Tg57XNKe
religiao	Ministracao Deus, privilegio todos nos. @ Igreja Cristo MANT - Araguaina https://t.co/J4xDt26Pa1
religiao	Uma semana abencoada todos, paz Cristo. @ Casa familia feliz https://t.co/kLQpZxVwfv
religiao	Nem pao vive home! Culto familha!!! @ Igreja Renascer Cristo https://t.co/gCFEzh4MTF
religiao	Hora louvor adoracao Nosso Senhor Jesus Cristo #SantuarioDaFamiliaDeIlhota https://t.co/bUpYFDYb6Z http://t.co/amjLyvPsAJ
religiao	Gracas Deus podemos contar amado Jorjao vidas... Paz Cristo! @ Paroquia https://t.co/UeICw3p8Ph
religiao	{Apesar pesares} final contas gente sempre encontrar algo bom. Afinal, Cristo https://t.co/IlQBZPahRS
religiao	Inicio culto brothers, fechamento certo !!! @ O Brasil Cristo Itaim Paulista https://t.co/8NNlCUfRGY
religiao	5deg domingo ressurreicao. Louvemos Senhor Jesus Cristo! (@ IPU Jundiai - Igreja Presbiteriana Unida Jundiai) https://t.co/FQ8etMgYNI
religiao	EM CRISTO SOU MAIS QUE VENCEDOR (@ Igreja Rio Vida in Porto Alegre, 91360) https://t.co/G7rY1KroCI
religiao	RT @ApoiamosEyshila: Nao importa aconteca, exercam cidadania maneira digna evangelho Cristo. Filipenses 1:27
religiao	Nao importa aconteca, exercam cidadania maneira digna evangelho Cristo. Filipenses 1:27
religiao	Eu familia serviremos Senhor. Partiu #cultonaimac @ Igreja Ministerio Apascentar Cristo https://t.co/hSNnNjBFxP
religiao	Vamos comecar ultimo encontro aqui Araguaina/TO. Grato Deus tudo. @ Igreja Cristo https://t.co/OWbp92oTjy
religiao	Hoje santa Ceia! Uma oportunidade renovarmos alianca cristo!
religiao	Bora ensaiar logo 18hs grande culto familia !!! @ O Brasil Cristo Itaim https://t.co/0kuHfEsUmU
religiao	" Tudo posso naquele fortalece "" ! @ Morro Do Corcovado - Cristo Redentor https://t.co/jq63SEU7EW"
religiao	A igreja Cristo FLORESTA DO ARAGUAIA PA, adorou SENHOR. @ Hotel Milhomem https://t.co/aSqX85M42N
religiao	Apresenca Deus moveu tremendamente manha. @ Iglesia Cristo Centro https://t.co/cExPtoAvSu
religiao	Hoje manha Igreja Cristo Centro Paraguay, abencoado sermao pastor https://t.co/N3PWewT0XA
religiao	Eu Cristo vida Ele cresco. Ninguem compra alma, Jesus https://t.co/TU6abv2StR
religiao	Aos pes Cristo Redentor @ Rio De Janeiro - Corcovado https://t.co/WHB6CuDXa2
religiao	Irmas Cristo @ https://t.co/CKnso70tvv
religiao	Ele ouve, Cristo ouve, escuta oracoes, atender.. Deus impossivel, tudo possivel basta crer
religiao	"A dada gloria Igreja Jesus Cristo todas aa geracoes, sempre. Amem! https://t.co/zspdS7y2WI
religiao	Dias memoraveis, pessoas formidaveis Somos Livres Cristo Jesus @magitaquera #somosum @ Hotel https://t.co/dqoo7246BC
religiao	Abencoado Deus... @ Cristo Redentor https://t.co/bixMmV377I
religiao	Ja crucificado Cristo; vivo, nao eu, Cristo vive mim; vida agora vivo https://t.co/lCmqoRJh0M
religiao	Nao ha muralhas ficaram pe, diante mim, firmado Cristo sempre, luz
religiao	Embark @ A Igreja Jesus Cristo Santos Ultimos Dias https://t.co/DnaCfJSYWM
religiao	Ha 20 anos aceitamos dissemos sim perante Cristo tornamos padrinhos amada afilhada https://t.co/4EI4sfZFZe
religiao	De joelhos redentor ver amor abencoado... #Abencoado #Cristo #AmigoDeFe #Agradecer https://t.co/NPwFQt4ONO
religiao	A amizade, forca tempo ira destruir... #Melhores #Crisma @ Paroquia Cristo https://t.co/34MG2qcFsw
religiao	Selfie ontem galera impactante Igreja Cristo Nova Terra, Araguaina (TO). Foi lindo! https://t.co/9Lb7CT7sdJ
religiao	Precisamos sempre ir pes Cristo e, ali, pes dEle, encontramos forca prosseguir https://t.co/CLM6JaGBEr
religiao	#upperpistas #pistapersonalizada #pistadedanca #upper @ Capela Santo Cristo Milagres https://t.co/1IAAHDL96J
religiao	Ja crucificado Cristo, agora vivo nao
religiao	todo mundo sai arsenal campeao outro time, jesus cristo
religiao	Perfeito #domingo#lds#mormon#igreja#sol#amomtotdisso @ A Igreja Jesus Cristo Dos Santos Dos https://t.co/UKOSTiiD0M
religiao	Deixa Deus conduzir vida conduziu minha... #tbt #CMES #RCC @ Renascer Em Cristo https://t.co/iFK9mcVO3W
religiao	Meu alvo cristo.. @ Igreja Batista Da Lagoinha Em Niteroi https://t.co/vtVX9YIR44
religiao	Hoje estaremos Sinop Igreja Fe Renovada Cristo. Av Julio Campos 1318 centro Sinop/MT @ https://t.co/f38bT7hzWi
religiao	O quer ser Cristo ? O quer ser diante Cristo? Voce quer ser pessoa https://t.co/MHcifJuGDG
religiao	Prontos iniciarmos ultima reuniao aqui Araguaina/TO @ Igreja Cristo MANT - Araguaina https://t.co/tGS7YGd6EV
religiao	Inicia hoje ciclo desta revista EBD @ Igreja Evangelica O Brasil Para Cristo https://t.co/0RvtcsaoEq
religiao	E vida eterna esta: conhecam, ti so, unico Deus verdadeiro, Jesus Cristo, enviaste. Joao 17:3
religiao	Ja conhece poder Jesus Cristo? Nao perca tempo... https://t.co/WZbhTwjShD http://t.co/lqTaxNmUDK
religiao	Bom diaaaaaa!!! @ ADVEC RECREIO(Assembleia Deus Vitoria Cristo) https://t.co/RoyHVnvVbr
religiao	TENDO sido, pois, justificados fe, paz Deus, Senhor Jesus Cristo; Romanos 5:1
religiao	"Para que, assim pecado reinou morte, tambem graca reinasse justica vida eterna, Jesus Cristo Senhor.
religiao	Igreja @ A Igreja De Jesus Cristo Dos Santos Dos Ultimos Dias https://t.co/IsfkwCCbsw
religiao	#LDS (@ A Igreja Jesus Cristo Santos Ultimos Dias in Foz Do Iguacu, Parana) https://t.co/cb1MBGlMmr
religiao	Dia agradecer (@ Assembleia Deus Vitoria Cristo - @advec_pr in Curitiba, Parana) https://t.co/V9o5Ztsmol
religiao	Ja volta Rio vista linda antes pousar.. Coisa linda Deus.. @ Cristo Redentor https://t.co/7cjCpyGXa8
religiao	RT @Rosfilis: #rpsp TUDO desvia olhar Cristo,TUDO afasta Dele ainda coisas aparentemente boas, deve ser aban
religiao	Galatas: 3. 28. Nao ha judeu grego; nao ha escravo livre; nao ha homem mulher; porque todos sois Cristo Jesus.
religiao	Ultima ceia garagem linda cidade! @ibbrcuritiba @ Igreja Batista Bom Retiro https://t.co/ixItBiPDrS
religiao	Apresentacao novos presbiteros! @ Igreja Metodista Wesleyana Mananciais https://t.co/7NN9OlgzGt
religiao	Oracao casais Igreja! @ Igreja Metodista Wesleyana Mananciais https://t.co/R6vK72Z2Va
religiao	Ministrando noite Mananciais! @ Igreja Metodista Wesleyana Mananciais https://t.co/PEjbgqWAgS
religiao	Eu amo coracao, Paistor @ Igreja Batista Da Graca https://t.co/xSyxo91pgv
religiao	Igreja Cheia hoj Aqui #PortoVelho !!! Obrigado A todas #IgrejaNovaAlianca !!!! @fredarrais https://t.co/i8zMaZWaNG
religiao	Algumas fotos belo cenario Igreja Dores antes ir pro Juvenil #casamentojueruy @ Igreja https://t.co/LYAbDxCnaw
religiao	Compartilhando ceia lider, longe... thigocs #voltalogo @ Igreja Kairos https://t.co/QamSUHcrni
religiao	Finalizando fds culto abencoado Congresso Familia 2015. @ Primeira Igreja https://t.co/Pu7L5Blf75
religiao	Culto abencoado #PG @ Primeira Igreja Batista Ji Parana https://t.co/s86nciqe9F
religiao	Festividade grupo #SomdeAdoradores #Uniaodehomens Tudo lindo @ 2o Igreja Evangelica https://t.co/nHkeBO6Fa9
religiao	Ceia Senhor! Noite maravilhosa casa Rei Gloria!! @ Igreja Batista Nacional https://t.co/DV5dn39lNb
religiao	Terminando domingo, paz amigos! #QueSaudadeQueEuTava @ Igreja Deus Brasil https://t.co/pUqvTewQlW
religiao	Padre Fabio Melo expulso igreja catolica disse Maria apenas humana, disse Jesus salva, EAE ? Meu, lindo
religiao	MELHOR DIA DA MINHA VIDA!!! Deus, amo! @ Igreja Batista Siao https://t.co/zrueu86zDO
religiao	Nao vivo sem! #stoantonio @ Igreja Santa Catarina De Alexandria - Colegio Catarinense https://t.co/DuUHwtONhq
religiao	:v bom lider, agora consagrado @ Monte Siao Igreja Atos https://t.co/ArDaFAS1Em
religiao	Familia reunida casa senhor @ Igreja Assembleia Deus Missao https://t.co/YGJbK6x76q
religiao	Louvor Rei Reis!! #batera #drums @ Igreja Presbiteriana Do Brasil - Telemaco Borba https://t.co/yxWpO6kAX8
religiao	Anderson Freire....um verdadeiro Adorador! @ Igreja Santuario Familia Ilhota https://t.co/zdpAXV6vpt
religiao	Culto ceia tremendo .. Inexplicavel #adoradores #ebenezer @ Igreja Batista Ebenezer https://t.co/YJfRVoTKRE
religiao	Ceiar nao preco. @ Igreja Batista Graca https://t.co/N3vu8idNjU
religiao	faca diferenca levante mao porque poder forte poder oracao @ Igreja https://t.co/POYyA1KNTZ
religiao	Batismo! Literalmente bracos Senhor! Feliz realizado! @ Igreja Batista Brooklin https://t.co/N9BXNzNTWu
religiao	Pastor Marco Feliciano ministrando palavra profetica Igreja Brasileira agora aqui https://t.co/WWYI8QotuT
religiao	Pedi amigo Deus deu irmao! @ Comunidade Evangelica Igreja Familia https://t.co/nKaeoXHI1Z
religiao	#Linda Igreja Catedral Presbiteriana Rio, frente hotel hoje participei https://t.co/hascgYiQgn
religiao	Porem casa serviremos SENHOR. Josue 24:15 b @ Igreja Do Evangelho Quadrangular https://t.co/RhFX8uK7cO
religiao	Amiga linda Missa Melhor companhia @ Igreja Nossa Senhora Aparecida https://t.co/1SWgsblXL2
religiao	Culto @ Igreja Metodista Joinville - SC https://t.co/OtBahLLK9J
religiao	Igreja Senhor, lugar cura, libertacao, https://t.co/QYHZvmNoOR
religiao	O Deus nunca falha nunca falhara @ Igreja Evangelho Quadrangular https://t.co/qEWmyBEDj6
religiao	Que segunda breve semana leve. (@ Instituto Anglicano Barao Rio Branco - Tapejara) https://t.co/gMwwVcDrmz
religiao	Mas hora vem, agora e, verdadeiros adoradores adorarao Pai espirito verdade; https://t.co/aYywryndru
religiao	Sem preguicinha, paz concedida espirito forca total comecar semana https://t.co/2Zyj8aYJhk
religiao	Espirito Santooo , Grande amgoo , n posso viver presenca , Espirito Santo https://t.co/1CpQjwuEoy
religiao	O passaro livre prisao ar. O espirito livre prisao corpo. Carlos Drummond https://t.co/b3K6sfyv8Y
religiao	Espirito Santo, ore mim, leve Deus tudo preciso... #Single .. @ Casa https://t.co/RHnothjuVC
religiao	"Meu filho amado, abencoado, Espirito Santo habita ti, ungido, escolhido https://t.co/Z1PKTwB7kV
religiao	Blindados Espirito Santo @ Casa Kolbe https://t.co/ljn72mE8QW
religiao	Completamente tomados presenca visita santa Espirito Santo DEUS https://t.co/KlGzIDpnZg
religiao	ouvidos ouca espirito diz igreja... @ Comunidade Carisma https://t.co/7Athe7l2Z4
religiao	Deus bom!!! Sopra Teu Espirito!!!! (@ Ministerio Batista Nova Alianca in Ribeirao Preto, SP) https://t.co/hAbHOmvX6g
religiao	RT @cora_xcx: Hj naquele espirito tanto fazer vida tao curta
religiao	O maior antidepressivo historia chama Espirito Santo. @ https://t.co/AN5aFHTHP2 https://t.co/D4yOBpExOw
religiao	Meu amor jonathanaugusto77 dando lugar pro Espirito Santo Deus . #IgrejaPresbiteriana #Indiara https://t.co/GT0Y7d10Wa
religiao	Vem sobre mim, Espirito Santo, vem. So Tua presenca preenche ser!!
religiao	Curti pagina Grupo Oracao Mover Espirito , Igreja Santa Terezinha Patrocinio MG https://t.co/IN28f0bhFh
religiao	E HOJE!!! URUULL!!! Cada discipulo Jesus, trara Espirito Santo, amigo precisa https://t.co/YdUbXQ0w91
religiao	Pela Igreja, Jovens... Encontro deste Sabado (02/05) cheio Espirito Santo!! https://t.co/tRUtWcUBWJ
religiao	Que Deus abencoe hoje sempre! Gloria Pai, filho Espirito Santo! Assim https://t.co/Kevv2OTbGm
religiao	Se acatarem repreensao, darei espirito sabedoria revelarei pensamentos (Pv 1:23) Bom dia
religiao	Desejo-te bom dia cheio paz, amor, esperanca espirito vitoria, marca determinante sucesso. Bom dia!
religiao	Se queres, tambem quero #apaixonadospeloceu #UAI @ Espirito Santo Pinhal https://t.co/i5RzTEakkp
religiao	Presenca Deus incrivel!! Espirito Santo acendendo chama coracoes sermos https://t.co/mZQUqTrg7q
religiao	Vem Espirito Santo, Teu poder tocar ser, fluir mim... @ Paroquia Nossa Senhora https://t.co/7lL0oBsdvu
religiao	Movendo-se Pelo Espirito dancas! #FlashMob #MilGraus @ Comunidade Crista De Rondonia - Ccr https://t.co/QPQcjRCYmM
religiao	Edmundo, protetor propria seguranca espirito emocional, sempre seguindo frente tudo https://t.co/uTyQmyrP7N
religiao	Um segredos manutencao Salvacao oracao espirito. Ela deve ser feita imediatamente apos surgirem maus pensamentos.
religiao	Ainda aguas tumultuem, rio Espirito Santo corre tranquilo santuario Deus promete estar conosco.
religiao	Clame presenca Espirito Santo todos momentos vida, Ele dara forca https://t.co/EEc5eG9pDN
religiao	Quantas vezes queremos ficar sozinhos, incomodados Espirito Santo falar Deus. @davegibbons
religiao	Sou ser humano escolho hoje viver espirito , escolho casa pai
religiao	No meio Igreja Senhor colocou palavra labios; deu-lhe espirito sabedoria inteligencia revestiu gloria,aleluia!
religiao	Aquele ouvidos ouca Espirito diz igrejas. (Apocalipse 3:6) Biblia Verso Dia http://t.co/OuEY7WVG9O
religiao	"RT @FraseRosaDSaron: "" Manda Teu espirito vem abracar, Pra nao chorar, Preciso Ti aqui... Pra consolar"""
religiao	Espirito mal, cao bct saia
religiao	morto voces tao vendo aqui espirito coberto lagrimas
religiao	Vem Espirito Santo poder tocar ser, fluir #Retiro2015 @ Itaipava https://t.co/0PDqFUEgr7
religiao	RT @kenocard: Em todo momento Espirito Santo conosco! Nao deixe relacionar ele. #MovimentoFe
religiao	Os maiores amores vida... @ Lago Municipal De Espirito Santo Do Pinhal https://t.co/DwzoFH0TJD
religiao	Que coracao transborde amor! #7oDia (@ Paroquia Divino Espirito Santo in Cuiaba, Mato Grosso) https://t.co/3AgT2mqHUD
religiao	Pq ia fazer cm medalha Divino Espirito Santo
religiao	A palavra lancada encontrou coracoes sedentos intimidade Espirito Santo. Ouve https://t.co/Ook43VL24r
religiao	Desejo PAZ... Paz alma, espirito, coracao! PAZ todos desejar... https://t.co/ZtmdQg5ak9
religiao	Respirar pouco ar puro! (@ Parque lago in Espirito Santo Do Pinhal) https://t.co/C6joMINbGX
religiao	Aqui habita alma luz, espirito guerreiro coracao pulsa amor, devocao https://t.co/UOqspnPDyr
religiao	Espirito Santo incrivel qnd sinto qnd invadi ser, nao p explicar vontade chorar, qnd coracao arde presenca.
religiao	O Espirito Santo Deus meio. @ AD Familia https://t.co/gr6BIfuL1B
religiao	Bispo Calegari pregando hoje Mananciais! @ Igreja Metodista Wesleyana Mananciais https://t.co/OCCiw5pA4Z
religiao	ADfamilia comecou trabalhos. Reuniao cafe obreiros Bispo Edinaldo Silva. @ AD Familia https://t.co/uOD1ew8u2X
religiao	Aprendendo bispo @nimassa, acaba benzer @bondbuteco! @ Praia Joatinga https://t.co/O0FKJJCbOh
religiao	#Reitor_do_Santuario_Sao_Jose #Bispo #seminaristas #Propedeutico #Pos_Missa @ Santuario Sao Jose https://t.co/sCmqAjdTmu
religiao	Olha encontramos aqui! Bispo waguininho! Isso mesmo!!!! @ Thermas Park - Laranjais - Olimpia/SP https://t.co/BTOKITv8QM
religiao	Grandes revelacoes parte senhor bispo Edinaldo Silva #cultodelibertacao @ AD Familia https://t.co/dZVXh0QB0D
religiao	Neste domingo 9:00 manha Mananciais: BISPO SEBASTIAO CALEGARI! @ Igreja Metodista Wesleyana https://t.co/ObTijPJoKW
religiao	Hoje, Santa audiencia amado Bispo Diocesano Dom Redovino, nao https://t.co/jIZW8RYkna
religiao	Nesta 5aF aguardamos Apostolo, Pastor, Bispo p tempo comunhao #cafepromarchaparajesus https://t.co/gL7dIVmEOV
religiao	"RT #SUMEMO ! @Cons_Juridico: Condenado AP 470, Bispo Rodrigues negado pedido viajar http://t.co/aeKzikoryG"""
religiao	Virada ano 2013-2014 Catedral bispo Arnaldo Lanzelotti. @ Catedral Fe - Curitiba-Pr https://t.co/9QtUQ5QVsi
religiao	@IgrejaUniversal Cheguei Templo Salomao participei reuniao seis bispo Macedo ,ja pronta ver entrevista !!
religiao	Uma palavra uncao poder ontem culto Bispo! Tempo crescimento tempo https://t.co/bVtTgEkKQQ
religiao	RT @dacostakamila: ''A Igreja Universal omelete, quanto bate, cresce. '' - Bispo Edir Macedo assistindo Co
religiao	Uma palavra uncao poder ontem culto Bispo! Tempo crescimento tempo https://t.co/EfTWtbf7lX
religiao	Aquele Conexao Reporter passou entrevista Bispo reprise. E achando inedito...
religiao	RT @eusoumike: Palavra abencoada @Bispo_Feltrim nesta manha. Principalmente hoje vou CONQUISTAR vaga Concurso Publico. #Pal
religiao	"Diz bispo Macedo que""o melhor direitodado Deus;'basta'pedir.Oque dizer doprofeta Amos voltou ser boiadeiro @conexaoreporter"
religiao	Aprendi c bispo ofertar dizimar, sim! Ate biblico amam Deus obedecem Suas palavras.
religiao	Se viva hj, gracas tb bispo, sacrificou sacrifica vida tds dias p ganhar alma daqueles pessoas desprezam!
religiao	O bispo Edir Macedo transparente, assumiu td disse sincero. A maioria fala mal gosta ir cabeca outros.
religiao	"Cabrini emendou Bispo ""Deus"" prostituicao! 500 pilas hora pepeca?! Pohaaaa pepeca ouro!#ConexaoRepoter"
religiao	O SBT soh pode sacanagemPassa historia bispo agora sequencia vida puta rua
religiao	Mais ontem, Juazeiro Norte, Ceara. Padre Cicero abencoando todos! #seguindoabatida @ https://t.co/llLVFVaczk
religiao	Querendo ser padre! (@ Seminario Maior Arquidiocesano Nossa Senhora De Fatima in Brasilia, DF) https://t.co/4Dow6wU5wv
religiao	Praca Padre Joao N 200 ( frente terminal Central) @ IIGD Sao Jose Campos sede https://t.co/yTwLrEyTrG
religiao	Nada encontrar amamos admiramos momento tao importante! Padre Renato Martins https://t.co/SOo2kSNsTo
religiao	Cada gosto, evangelica desde pequena adimiro dms pastor Marcos Feliciano, mensagens cara sao maravilhosas
religiao	Hoje Pastor @marinhobrazil trouxe palavra Fe! Saimos fortalecidos perseverantes https://t.co/Mcb987ievr
religiao	Culto abencoado Pastor Emanuel N'Guenge, Angola/Africa. Que alegria te-lo conosco novamente. https://t.co/KfUiaGk6c9
religiao	"Sobre fds? Sentimento eterna gratidao Deus encanta msm nao mereco. "" bom pastor n abandona ovelhas""."
religiao	Que culto maravilhoso, chamada, chorei litros... Aconteceu tambem comigo Pastor Josue, enquanto https://t.co/cEOZLvmuIo
religiao	Dia agradecer vida dada!! (@ Paroquia Bom Pastor w/ @fabiodiaass) https://t.co/93Q9ViXTMN
religiao	Perseverar preciso | Mensagem sendo ministrada pastor Pedro Monteiro | http://t.co/RyJVdI0iLi https://t.co/l1G7lIfaFu
religiao	#missa (@ Paroquia Bom Pastor Nossa Senhora Fatima - @arqrio in Rio Janeiro, RJ) https://t.co/FoUjhaQE7G
religiao	#parabens pastor pastormarcosfer senhor abencoe guarde! Assista agora culto acoes https://t.co/Bge3mm6iY0
religiao	Ricardo Oliveira pastor nenhum titulo faltara! Para ser Campeao Paulista 2015. Santos https://t.co/p1lAXrK5r2
religiao	RT @Willbass21: Hoje Pastor @wesleyros banda igreja batista tessalonica Maracaju-MS, Power mover https://t.co/37rpTXy
religiao	Melhor Palestrante Dia Pastor @odailson_ucb Que Jesus Te Abencoe :) #GAINAPV @ Tv Novo Tempo - https://t.co/wOUte12dav
religiao	Hoje reuniao lideres filial JVC Pastor @prsamuelamor surgiram novas ideias https://t.co/AO2sMETXAG
religiao	Cafe manha IIGD, pastor, obreiros igreja!!! @ ...Cafe manha IIGD... https://t.co/LJolMIRkp5
religiao	Participei Culto hoje manha #Pastor natanaeldelvale !!! #Revelacao sobre #Graca https://t.co/Ki73SQA0Eb
religiao	Manha abencoada . Com Pastor presidente Silas Malafaia. #comecarbem #EsseMeRepresenta #PrMalafaia https://t.co/57gCHgcPlm
religiao	Sobre ontem 2 ... Quero ser grato Deus vida Pastor Andre (abaixo blusa vermelha) https://t.co/g0qfx8D4wz
religiao	Dando boas vindas Pastor Leandro Bianco Universal Afonso Pena. #NaoTemPreco #OliveiraFilho https://t.co/BM51RkBVrI
religiao	#seligaso #senteapressao Sou privilegiado ser pastor juventude ama Senhor https://t.co/soKSy1gr2M
religiao	Fim Ministracao amado @marcofeliciano pregou Muito... Pastor Paulo Andre Cantando... https://t.co/0dJiJQdT7X
religiao	Hoje Pastor @wesleyros banda igreja batista tessalonica Maracaju-MS, Power mover https://t.co/37rpTXyawQ
religiao	Gente mensagem Pastor Samuel MARAVILHOSA ,nao aguento chorar!!!
religiao	Jesus Pastor Maior. Jesus Nahal. Nos filhos. Jesus, Bom Pastor, fez Magali conduzir ovelhas Pai!!!
religiao	SERA QUE E VERDADE ? Pastor Marco Feliciano assume bissexualidade http://t.co/GV8X9GhAAG
religiao	O foco ovelha Nahal desestressar rebanho desestressar pastor. Nahal traz rebanho aguas tranquilas!!!
religiao	Quem essencia ovelha nao possui 2 sentimentos, 2 orientacoes, 2 pensamentos, caminha linha Pastor!!!
religiao	Quanto perto pastor, autoridade tera cuidar rebanho!!!
religiao	Os doentes fazem tudo afastar ovelha Nahal lider, Pastor!!! Eles estao longe nao querem ver ninguem perto Pastor!!!
religiao	Se confianca Pastor fez ovelha madura, Nahal, nao permita nada mude natureza, roube coracao ovelha!!!
religiao	Envie PASTOR 33777 pague agora dizimo via Internet
religiao	Feliz lider precisa tomar decisao coracao ovelha ir pastor buscar orientacao!!!
religiao	O lider Nahal lider ouve sim nao, nunca deixa tornar exemplo, nao deixa ser guia, sai perto pastor!!!
religiao	Predestinacao Livre arbitrio! Quem entendeu! E nao dia entendera... Pastor https://t.co/kmxnBcJs6F
religiao	O prazer conhecer pastor @srochaactor. Homem Deus! @ Recinto De Exposicao https://t.co/m9dFRVeYgL
religiao	@OTPcabellobow OQ O PASTOR TA PREGANDO?
religiao	Grata surpresa hoje conhecer pastor @srochaactor impossivel olhar nao lembrar Tropa https://t.co/yn8uN4O68K
religiao	Pastor Waldomiro colocou chapeu cowboy... Melhor pastor!
religiao	@PastorMalafaia Parabens programa hoje, Programa maravilhoso . Deus Abencoe ministerio Pastor.
religiao	Estou tendo privilegio estar presente nomeacao irmao Pastor Fabio Tanida! O sentimento https://t.co/d8wVppOqJ6
religiao	Eu Cantor Pastor Marcos Goes. Bencao Pura!! @ Igreja Evangelica Congregacional Papucaia https://t.co/ixoytZuVxJ
religiao	Com melhor Pastor Rede Jovens Brasil! Marcos Madaleno #conferenciainspire2015 #euusoeleve https://t.co/6RKPlwsQnI
religiao	Ovelha gosta ouvir voz pastor!!! Existe sacerdote ungir dizer bicho bata retirada, nome Jesus!!!
religiao	Pastor Cesino Bernardino recebe missionarios gabinete #blogdodcvitti http://t.co/RRV4zUdRfN
religiao	Ontem ministrou palavra IMEF Pastor Ricardo Oliveira! Genesis 28.10-22. Permita https://t.co/ZDvbM3pct8
religiao	#PNV vigilia Maua! Que DEUS abencoe todo povo desta igreja, obrigada pastor regiao https://t.co/msHlJOwR6r
religiao	Dai acha nao pode piorar.. Errrrroouuu (@ Hospital Bom Pastor in Igrejinha, RS) https://t.co/yonpEdLdNO http://t.co/U1wXfw6kGX
religiao	Esse pastor !!!!! Pr. Marcelo!!! Referencia caminhada!!!! Gente boa #discipulador https://t.co/tN2hUkgVdL
religiao	Tentando entender Marco Feliciano conseguiu ler Biblia 30 vezes E CONCORDAR COM TUDO O QUE ESTAVA ESCRITO
religiao	A biblia dizia:quem perdoa , ama http://t.co/XRdfgyHTuw
religiao	A biblia diz esperamos Deus, forcas sao renovadas aguia. Esperar https://t.co/7D9XrOIMkV
religiao	Belem Poa, assim chegou Maio. @ Praca Biblia Poa https://t.co/vkyxKq6AtL
religiao	Mini Biblia batizado Vicente. Amei fazer trabalho. #cartonagem #minibiblia #batizado https://t.co/wJmMxvjl3M
religiao	A confianca Deus algo enfatizado Biblia, confiar Deus saber esperar tempo dele, https://t.co/eDcQyCGOd7
religiao	@Leia_a_Biblia: (Mateus 10:22b) - perseverar fim sera salvo.
religiao	Podemos pular, dancar, cantar, fazer oracao, ler Biblia, anuciar Verdade Jesus Ama salva!!
religiao	"@NelsonDoEEE: Se Biblia nao tudo e, nao nada tornei."""
religiao	Querida, postar frases versiculos biblia nao diminuir fama quenga, bjs
religiao	bem (2) carinho gratidao @ Praca Da Biblia https://t.co/SRvxEOPsPE
religiao	Se chorei sorri, importante Biblia toda ano li. #LastNight #DeBurnas https://t.co/SrreWP245S
religiao	"RT @eita_barichello: Quando biblia fala ""ORAI E VIGIAI"" nao vida outros, sua! 2bjo "
religiao	"A Biblia Diz : ""o amor Nunca Falha"" , nao der certo , nao amor ainda @ Jd. https://t.co/COFNQLXUj6"
religiao	Salmos: 90. 12. Ensina-nos contar dias tal maneira alcancemos coracoes sabios. - Biblia JFA #InspireBrasil2015
religiao	Romanos: 12. 10. Amai-vos cordialmente uns outros amor fraternal, preferindo-vos honra uns outros; - Biblia JFA Offline
religiao	Romanos: 12. 9. O amor nao fingido. Aborrecei mal apegai-vos bem. - Biblia JFA Offline
religiao	Atos 20:35b recordando palavras Senhor Jesus, porquanto disse: Coisa bem-aventurada dar receber. Biblia JFA
religiao	Romanos: 12. 15. alegrai-vos alegram; chorai choram; - Biblia JFA Offline
religiao	Romanos: 12. 14. abencoai perseguem; abencoai, nao amaldicoeis; - Biblia JFA Offline
religiao	Romanos: 12. 13. acudi santos necessidades, exercei hospitalidade; - Biblia JFA Offline
religiao	Romanos: 12. 12. alegrai-vos esperanca, sede pacientes tribulacao, perseverai oracao; - Biblia JFA Offline
religiao	"@Leia_a_Biblia: Salmos 31:3 Porque es rocha fortaleza; assim, amor nome, guia-me encaminha-me."""" "
religiao	Sempre dou gracas Deus, lembrando-me oracoes... (Filemom 1:4) Biblia Verso Dia http://t.co/DAGNgOveJi
religiao	Dia estudios biblicos!!! Preparandonos rendir!!! #fiet #estudiosbiblicos #biblia @ Oro Verde, https://t.co/RVrLYVVhjm
religiao	O amor vinculo (o caminho perto) perfeicao. Colossenses 3.14. Biblia Familia @ IIGD https://t.co/TRW8K1yU6G
religiao	Como Eu gosto Ouvir musicas banda @raizesquetocam Ensinamentos Biblia transmitem, Jah Louvado Adorado
religiao	Seja fiel, ore, leia biblia, evangelize, ame proximo.. Ai sim, Deus
religiao	@Leia_a_Biblia Fico pensando explicacao alguem daria Jesus nao ter lido Biblia, sendo vida inteira fazer
religiao	Comecar dia leitura Biblia sempre sustento grande dia... Obrigada Senhor Tua https://t.co/2xxfoEWR0b
religiao	A Biblia diz: O amor nunca falha isso, nao der certo, nao amor ainda.
religiao	Um dia homenzinho torto biblia encontrou tudo torto Jesus endireitou. #JesusTuReinas
religiao	Gloria honra pertencem senhor Jesus todo sempre! Noite hoje! Encerramento sobrenatural https://t.co/nx7wErWcbx
religiao	RT @MiiiNoronha: Eu nao ninguem ti Jesus #MovimentoFeNaMadrugada
religiao	Seja jovem frente, nao coloque Jesus tras @ Bday Gege https://t.co/8KicWqQ9gW
religiao	Eu nao ninguem ti Jesus #MovimentoFeNaMadrugada
religiao	Nao desanima nao Jesus vindo. Quem plantou chorando colher sorrindo...
religiao	Gratidao. Gratidao, palavra define sentimento Senhor Jesus. Olhar tras https://t.co/ds967Mx5PM
religiao	Meus Crush sao Franca Marquinhos Pedroso Esses homem tiram folego senhor jesus ajuda
religiao	Gente cada doido aparece jesus
religiao	Ceia Senhor. Momento relembrar sacrificio Jesus fez cruz nos. @ Ministerio https://t.co/GXTXcI8AZL
religiao	Ressuscitou mudar historia. Jesus vivo! Hoje posso cantar, livre, livre, https://t.co/2ccd3YhMWx
religiao	RT @morestydia: jesus amado sentir poder daqui http://t.co/JgqPLrEUCE
religiao	23.Pois recebi Senhor tambem entreguei:Que Senhor Jesus,na noite https://t.co/C1c6MK3ZSp
religiao	Irmaos, Senhor Jesus disse que, permanecemos n'Ele Ele permanecer nos, ser-nos-a https://t.co/jp8xBDHHwJ
religiao	Que Ele cresca diminua... Que Ele apareca constrange... #Jesus #Church #SaldaTerra @ https://t.co/z21PJagRND
religiao	Hoje dia relembrar morte Senhor Jesus (ceia)! Mas aleluiaaaaaa Ele ressuscitou. @ https://t.co/JJQR7qxnUO
religiao	O pecado nao consegue esconder marca Jesus existe @ https://t.co/oGf0FHlCBv
religiao	Adorando Deus ontem mamae irmas show Jesus Culture. Foi top, todo louvor gloria https://t.co/y24Kiwdo14
religiao	Fechando feriado melhor maneira: mesa Salvador Jesus. #SantaCeia @ PIB Sao Jose Dos https://t.co/B94VRTXC7X
religiao	Senhor sois louvor meio grande assembleia - Obrigado Senhor Jesus. (@ Igreja Sao Judas Tadeu) https://t.co/Spc6V5gnxN
religiao	"A felicidade Jesus horas sos Deus natureza. Sempre Lhe https://t.co/QdEfx6vsE9
religiao	RT @_ingrid94: Enfim, indo casa Senhor Jesus, agradecer tudo fazendo vida, iniciar semana ab
religiao	3 Pilares Cristianismo 1* Jesus base fe. Joao 3:16 NVI Porque Deus tanto amou https://t.co/6MOIQvGV86
religiao	Alegria servir Jesus! @ CCNE Guarulhos https://t.co/r8OU7bz1gk
religiao	culto jovens hoje Power #GeracaoEleita! http://t.co/8QiSfKj10p
religiao	A noite ontem dia hj perfeitos, veio geral culto ca, hj passamos dia todo aqui, hahaha
religiao	Agenda mes! Culto vitoria ADVEC Piabeta 1 dia 20 /05 19:30 hrs @ Agenda mes https://t.co/NIirK0ljuL
religiao	Tremendo culto desta noite, salvacao milagres Eu creio sobrenatural @ Em Orleans https://t.co/Fm85HsgnEI
religiao	Reprogramando mente. Depois culto maravilhoso, koni @ Koni store Spoleto freguesia https://t.co/0VjsMyUUVZ
religiao	Hoje culto bencao. E encontra amigos melhor ainda. #ObrigadoDeusporTudo https://t.co/TWggJ5F7W0
religiao	Culto maravilho.... 1 culto mes familia. #JesusIs #pegadaceleste #power https://t.co/7WoWyLFFxX
religiao	#Repost rebeca_delvale with repostapp.E hoje culto celebracao! As 19:30. Foi forte https://t.co/SKr84MIvCG
religiao	E familia crescendo. .. #40DiasDeOracao #40DiasIncentivandoAfamilia Hoje , culto especial p/ https://t.co/orjYwVc54f
religiao	Depois culto abencoado, unica coisa resta desejar excelente https://t.co/fYtRP1PRA9
religiao	Culto Santa - ceia. (@ I.E.Q JD. Sao Luis in Barueri, Sao Paulo) https://t.co/n6JlwISNw7 http://t.co/Yi2sDOaGWN
religiao	Casa cheia! - Culto Familia Comunidade Nacoes campus SIA @ Comunidade Nacoes - Brasilia https://t.co/Bu2g3rOJBm
religiao	Culto Familia #SntLosAngeles #SouBairros @ Comunidade Evangelica Sara Nossa Terra Campo Grande https://t.co/nVenDRLru9
religiao	Culto lindo, templo cheio, santa ceia. irmas querida. @ IbA central Barra https://t.co/gFYeVXToFF
religiao	Culto abencoado love #Convocacao #Cogic3 #love #jesusismylife #yeslord @ Cogic3 Resgate Para https://t.co/mvBDkmrHmA
religiao	De ontem ! Ministramos ontem AD Hauer, culto ficara marcado vida sempre, https://t.co/XEPPqXWES6
religiao	Um pouco rolou culto ontem!! @ Igreja Presbiteriana Do Brasil - Telemaco Borba https://t.co/mCleTQdxd2
religiao	E DAQUI A POUCO!!! Voce nao pode perder jeito nenhum! Teremos culto normal 17h, convide todo https://t.co/e3qG67dK1j
religiao	De ontem, saidinha #Biblicadapaz melhor companhia #onethingbrasil culto mega blaster https://t.co/kCr1Si08BW
religiao	Uma manha gloriosa Deus! Ministramos louvor ieldv neste primeiro Domingo Maio, Culto https://t.co/PebHKTkcG2
religiao	E sobre ontem, nao show, culto! E culto! Melhor noite todas, nao queria vir https://t.co/qvmMUObQCa
religiao	Amados irmaos Goiania, novo horario culto, escola fundamentos 17:30hs! #horaaposhora https://t.co/dzzN68VsRr
religiao	De ontem culto ostrezentos - #music #worship #god #guitar #pedals @ IEQ Sao Miguel https://t.co/QFtZuy6Dg7
religiao	O melhor culto Brasilia, melhores... #EUAMOMINHAIGREJA #EUSOUBRACOFORTE #CULTO321 https://t.co/ZSr6ft2H1Q
religiao	Culto ingles! Vamo vamo! (@ Bola Neve Church in Curitiba, PR w/ @franfriesen) https://t.co/zl0hNs9BdP
religiao	Hoje Culto Santa Ceia IMAC Os irmaos colaborado Igreja nao esquecam https://t.co/fg8OpFnoid
religiao	Nada pode calar adorador ...recebaaa. Desta uncao.... Culto santa ceia catedral bencao luz https://t.co/COoJFAgKU7
religiao	@bisparanakagawa ministrando catedral bencao luz vida nesta manha culto SANTA https://t.co/CHbdKHnBWr
religiao	E service (culto) assim hoje. Que templo maravilhoso, presenca Deus todo lado. https://t.co/mEAZi8AA1n
religiao	Bom dia amigos caminho culto santa ceia.....e desejando todos dia vitoriasss amemm @ https://t.co/tX65hbMFw8
religiao	Culto familia todas igrejas Fonte vamos clamar juntos familiares. @ Fonte Tv https://t.co/hZOTJYQG5V
religiao	Culto Jovens (@ Congregacao Crista Brazil Santa Regina) https://t.co/Aal1tFxCu9
religiao	No caminho Deus surpreende! #princesas #quartoLindo #Culto #FilhasDoRei #amiga @ Igreja https://t.co/ivLjBEUDMk
religiao	Minhas lindas, Obrigada companhia. Culto abencoado. @ Batista Ungido Deus. https://t.co/PTVM04Q1QV
religiao	Um prosa Com irmao Culto jessevrr . #IRMAO #PosCulto @ Em Casa https://t.co/jnzLQkGn3n
religiao	11 Almas Jesus hoje Culto Juventude ADERC ... DEUS INVADIU A CASA... Coisa terrivel https://t.co/C3zCX1Qq5F
religiao	AD Belem - Se/ Glicerio. Culto mocidade. Foi bom adorar junto irmaos. O Senhor https://t.co/oiV7xeiBmn
religiao	Thiago Andrade, homem DEUS, trazendo palavra abencoada culto jovens! #AGloriaEdeDEUS https://t.co/aZEJ4H4eNP
religiao	Tezarzarzana tipo Jesus quer? O Sacralizado, existiu Concilio Vaticano II https://t.co/IpCywctgNi
religiao	@DelVecchioSEP Nao macom, maconaria Vaticano compraram direito citacoes Thomas Kempis. Poxa vida.
religiao	Hoje sonhei passar tarde Vaticano contemplacao Logos. E fazia faculdade jornalismo.
religiao	Direto Vaticano Missa Vivo Papa Francisco .... @ Rede Vida Televisao https://t.co/9E115bYhcI
