Por alguem que não ame pela religião, peela minha cor de pele ou cabelo, mas ame pelo que SOU!
Clareza na ideia, pureza no coração, sentimento como guia, honestidade como religião... sinceramente, é isso irmão!!!!
"Vo começar com o ""Anticristo."" Que a maior discussão no momento é sobre religião e etc"
RT @thamiris_carlos: Seja qual for o seu guia espiritual, sua religião,o que importa é a sua fé e quão grato vc é pelo seu acúmulo de apren
Meu único amor, é um sentimento pra mim uma religião e se chama intee essa paixão #CadaUmEOnze #ENoGigante
Gente que diz sim pra tudo o que a mídia e a religião prega como bom e certo
"Você tem alguma religião ? ""eu acredito em Deus"" ORGULHO #DulceMariaNoRaulGil"
"RT @thaubeliciaa: Religião não justifica preconceito. Dividam as coisas! ""Sono de vocês."""
...Tire a cruz do pescoço. Esqueça igreja e religião... #MirandaRules #GuizeraRusle @ #MirandaRules https://t.co/OcAmdHyYMU
eu nunca vou forçar meu filho a ter a minha religião, na hora certa vou explicar as diferenças aí ele poderá escolher Madonna ou Britney
@aquelehipster a mim também viu -'- ... Minha família usa a religião pra justificar absolutamente TUDO ... TUDO tem que pedir pra Deus .
@aquelehipster família já é foda, mas quando a religião fala mais alto é bem mais complicado .-.
Eu amo conversar sobre religião com gente que é mente aberta
Clareza na ideia, pureza no coração, sentimento como guia, honestidade como religião..  @ https://t.co/elSPetw8Jm
RT @FatosDoTwiteiro: - qual sua religião? - sou Ateu - e é feliz assim? - sou sim graças a Deus!
Quem será que discute defendendo religião sendo ateia?   Eu.
RT @rodpocket: eu NUNCA vou fazer meu filho seguir minha religião. na hora certa explicarei as diferenças e ele poderá escolher entre twitt
Quis falar de religião de forma inadequada p se falar p ela ser professora,  disse q o cristianismo n serve p nd q isso é coisa de gnt burra
Me mantenho de pé sem religião, mas o homem precisa da fé ate pra crer na razão...
O novo homem encontrará sua religião na Natureza. Não nas estátuas mortas mas nas árvores vivas que https://t.co/s4nxP2dowV
Sempre acreditei em religião,  acreditei em Deus mesmo sem ver,  até q um dia um amigo disse vc acredita no vento mesmo sem vê-lo?
Ciência e religião,  duas coisas tão diferentes que talvez uma dependa da outra, pra mostrar os seus conceitos suas crenças ou suas lógicas
A ciência sem a religião é  paralítica, a religião sem a ciência é  cega?  Palavras de Albert,  será mesmo?
Deus é muito mais que religião! É amor, é vida, é salvação, é tudo.
Nunca mexam com essas coisas de religião, pq depois a vida traz essas coisas pra sua cola pra sempre
Quem precisa de guerras quando há religião? http://t.co/TI3K2NGkJ3
A moralidade depende da religião? Tema do debate. Tô vendo que de hoje não passa.. a sala vai pegar fogo e abrir as portas do inferno
"Querem que respeitem religião, mas os próprios desrespeitam a lei: ""é proibido ter qualquer manifestação religiosa dentro do trem""."
este pastor conheceu o justin hoje (28), em roma e comentou que teve uma agradável conversa com ele sobre religião vai firme justin
#rpsp Cl1 Cristianismo é mais um relacionamento que uma religião:é disso que Paulo trata nesta curta, mas expressiva carta. Aprendamos!
Clareza na idéia, pureza no coração Sentimento como guia, honestidade como religião Sinceramente, é isso irmão
A religião não é ópio do povo; o ópio é o significado da ignorância contida na sociedade.
É que em qualquer religião q vc tiver quero q o seu te abençoe,a não ser que,vc seja satanista. Ai eu perguntei da minha nota
É mais que um caso de amor, na alegria, ou na dor, religião..  @ Jardim Veloso - Osasco - Sp https://t.co/Dx7dUzptaC
pago pau pra pessoas que seguem uma religião e são fiel a elas, que seguem a religião por inteiro
há limites para piadas com religiao, e tem gente pedindo mute
@kendollsus aham sempre tem briga sobre isso mas o que tem mais é religião nossa o povo grita n sabe conversar nao
Eu acredito em tudo , eu não acho qe uma si religião ta certa eu acho qe todas estão qe cada uma prega uma coisa qe esta certa
Decidi que agr vou seguir o pastafarianismo. Melhor religião
Nao frequento a igreja nem sou fanatico por nenhuma religiao , mas tenho muito amor e muita muita fé em Deus
Estudos apontam que eu não tenho religião certa
@CarlosBezerraJr @Haddad_Fernando  Mulher casada e bem casada não deve frequentar religião nenhuma. A não ser que queira casar a filha.
g1 de religião e de gráfica amanhã e eu só descobri hoje. to fudida? claro q to, como sempre
Cada um com a sua religião
Tem uma obreira da igreja evangélica me dando lição de moral por causa da minha religião --'
Estou muito feliz por ter sido batizado na religião que escolhi seguir, mais ainda por ter sido https://t.co/XEVnjY2BFQ
Doutrinação marxista e escárnio à religião na UFF - http://t.co/huBqRraAOO ou Existem professores e existem militantes
@DaniloGentili pense num cara q eu admiro... A abominação a pretensa religião então nem se fala... Religião Placebo do povo, Jesus é nóis.
Não importa o que vc acredita ou não, qual seja sua religião, ou se vc não tem nenhuma. Esse lugar é https://t.co/HohnJZfRTT
Se pergunte, se encha de confusão, nunca q a religião vai explicar o q se passa no coração
O que me irrita horrores também são essas pessoas que não seguem religião nenhuma, mas aí quando ve um gay, fica que nem testemunha de Jeová
Me mantenho de pé, sem religião Mas o homem precisa da fé até pra crer na razão,Num sou ateu, morô? crente nem cristão. -Ret
Respeito muito pregação de qualquer religião desde que não invada minha privacidade ATÉ NO ONIBUS
RT @xjesusteama: O cristão cai porque tem bíblia e não lê, porque vai a igreja mas fica conversando, porque fecha os olhos mas não ora.  @f
"Nenhum cristão autêntico deixa de lado a transMISSÃO da Fé. Somos cristãos para os outros! https://t.co/kYSGUaPksT	2015-05-02 15:01:48"
Qdo o cristão sai antes do ateu, todo o suporte de Deus vai junto! Nem a LUZ um ateu pode manter! ;-]
RT @DionatanOlivera: Para cada ser humano, há um propósito de Deus. Para cada cristão, há um projeto.
" Não sou cristão por ter medo de ir para o inferno, sou cristão por que amo a Deus ... https://t.co/bKiPtjj5jC	2015-04-30 02:10:23"
Paz A nova programação da Web Rádio Cristão Evangelizar já está no AR e com uma novidade, Oração do https://t.co/7t9xsAnbdf
Tem que ter fé, tem que ter, e se tem fé, sabe como é, não importa se é cristão, católico, rasta ou candomblé!
Viver pra mim é Cristo, morrer pra mim é ganho Não há outra questão, quando se é cristão Não se para de lutar..
Cristão também tem problemas, mas Cristo é o poder para superá-los.
8 Edição do Congresso Avivar de  Hip-Hop Cristão brasileiro, vai ser benção  Vamos adquirir https://t.co/2keQN4q9Nf
RT @__NataliaSousa: Cristão nasce é da realidade. Jesus não é uma ilusão, Jesus não é um conto de fadas!
Cristão nasce é da realidade. Jesus não é uma ilusão, Jesus não é um conto de fadas!
@EscolhiEsperar: O fato de ser JOVEM ñ te torna um tipo diferente de cristão, mas o fato de ser CRISTÃO te torna um tipo diferente de jovem.
"VERSOS BÍBLICOS EM REDES SOCIAIS TERNO E GRAVATA NAO DEFINE CARÁTER DE CRISTÃO SEUS ATOS SIM! ""EU PRECISO CONHECER MAIS DE DEUS"""
Admiração, carinho e gratidão... Ser amigo/irmão de um dos seres humanos mais lindos do meio cristão, https://t.co/7P6N5NKg3p
Se você é um Cristão, para você o mundo JÁ ACABOU! João 17:11
Participamos da Reunião mensal do PSC-PR em Curitiba. @ PSC - Partido Social Cristão https://t.co/EaB2InI27Q
Entre amigos do PSC-PR @ PSC - Partido Social Cristão https://t.co/DsrHBn50LN
Como cristão católico acredito profundamente na Misericórdia de Deus!  Se eu não pudesse me agarrar à https://t.co/3YT6Haixli
Cansei dessa guerra, vou ser Cristão e o Estado Oslamico ao mesmo tempo... http://t.co/07eDY30F8H
Ontem tive palestra sobre namoro cristão no crisma, aquilo caiu como indireta pra mim
Um cristão não tem signo, não é o Tarot que determina sua trajetória. Somos marcado com o sangue de Cristo e temos a marca da Promessa!
RT @nelsonmilanelli: Fl3 Viver Jesus é olhar pra cima e para frente,  seguir aprendendo e crescendo no conhecimento do certo. Isso é ser cr
Ao começar o terço, amiga da família lembrou que Moreira teve a morte que todo Cristão deseja: tranquila, ao lado da família,  reconciliado
RT @SigaUmMeninoDFe: Se ser Cristão é ser um doente, eu sou um doente totalmente sem cura.
Esta chegando o maior evento Cristão  #marchaparajesus   Te espero lá @ Rede Gospel https://t.co/4G4pH3k4xh
04 de Junho @marchaparajesus nas ruas o maior evento Cristão, vcs estão convidados venham participar https://t.co/yYVG9ZbBdz
Fl3 Viver Jesus é olhar pra cima e para frente,  seguir aprendendo e crescendo no conhecimento do certo. Isso é ser cristão.#rpsp
"Como Edir Macedo pode ser ""bispo"", se fala ""pouco me importa aqueles que não gostam de mim""; isto é amor cristão? @conexaoreporter"
Ah se todo cristão defendesse Cristo como o Edir Macedo defende a teologia da prosperidade, que bênção seria.. assistindo #ConexãoRepórter
é tão claro e óbvio q minha tatuagem é um símbolo cristão e a pessoa vem e me pergunta se é uma tatuagem do signo de peixes
Ser cristão é mt difícil, digo isso por experiência própria.
Pronto, fiz o principal papel cristão, fui na missa.
Triunfarei sobre o mal, conquistarei troféus. Não há outra questão, quando se é cristão não se para de lutar, até chegar ao céu.
A maior responsabilidade do cristão é promover a glória de Deus.João 17:4;15:8
RT @AlexandreHofer: O verdadeiro cristão não aparece, ele deixa Cristo aparecer nele.
Texto vivo  é  quando o ator não se priva em sua fala, no teatro cristão, na hora o Espirito Santo renova tudo!
Tá decidido eu não vou mais olhar pra esse mundo na na na não quero, tá decidido o que eu quero é orar, me consagrar, ser um cristão sincero
Festa de casamento evangélico, som ambiente também é com a http://t.co/R8EHffbVqc https://t.co/fvAhs5tVB0
IV o afilhado  (@ Salão Evangélico Nova Florida w/ @anajuliabf) https://t.co/GZsaiUv7FN
#IV do irmão mais lindo do mundo! Te amo  (@ Salão Evangélico Nova Florida) https://t.co/Imlmt7p0bn http://t.co/tKpcQoSHAt
Nenhum obstáculo é grande demais quando confiamos em Deus.  #music @ Ministério Evangélico Cristo https://t.co/w08zeymvsH
@pavarini  celoco  rapais  como  vc generalisa  o povo  evangelico assim uma  pessoa  nao pode  dizer por milhoes  essa eh a ideia dele
Amigas por casualidad, hermanas por eleccion @ Instituto Evangélico Luis Siegel https://t.co/Zrppu6HvYV
alguém tira esse coral evangélico da porta do meu vizinho pq eu preciso estudar
Se meu ex que era metade evangélico, metade católico já não gostava de ir na missa comigo, imagine o Igor que é ateu
Sobre um fim de semana incrível!  #EncontroComDeus @ Acampamento Evangélico Ie-Oa https://t.co/47sCATBjGt
Eu sou evangelico SAM ALVES É O CORDEIRINHO DO SENHOR,repassem @liazonada AltasHorasComRafaVitti
Terminando o domingo com a galerinha gospel @ Açaí Villa Roxa https://t.co/W3zdcNslny
A mais nova voz gospel do Brasil !! http://t.co/UYvP6Mgeu9
Passando nesta madrugada so para dizer  muito obrigado SENHOR JESUS POR TUDOOOO   AMEMMMM @ Gospel https://t.co/zpuELr6WXc
"@Damares_Oficial acabei de assistir o clipe ""O maior troféu, na rede gospel . Glorioso, coisa linda!!bjss"
A banda esperada da noite ao ritmo irlandês. @ Gospel Live Festival https://t.co/cSqinjupVQ
São José do Rio preto live festival @ Gospel Live Festival https://t.co/kLVCex2Dgi
@eudanielaaraujo mandou muito bem agora pouco! #GospelLiveFestival @ Gospel Live Festival https://t.co/drMSMd0LB7
Acabou de publicar uma foto @ Point Gospel Livraria Evangélica https://t.co/k2nXvqyzTG
Acabei de publicar um vídeo @ Gospel Live Festival https://t.co/sw4kn6YCKs
Está fervendo o Gospel Live Festival. Foi forte demais essa tarde. @ Hotel Michelangelo https://t.co/J6MVJNnuSH
Acabou de publicar uma foto @ Point Gospel Livraria Evangélica https://t.co/WrdQKCyJ6h
Trazendo a Arca no palco do @gospellivebr! Tá top demais isso aqui! @ Gospel Live Festival https://t.co/ngkMDBigMV
AO VIVO AGORA!! Na Rede Gospel de TV com a banda no clipgospeloficial!!! Quem tá assistindo diga https://t.co/0mPmOTZ4hT
Bençao aqui no gospellive   Desejamos uma tarde de vitorias @ Gospel Live Festival https://t.co/Aw8mrh51pr
Começando o segundo dia por aqui... #GospelLiveFestival #friends #Music #today @ Gospel Live Festival https://t.co/mAZg5xj3uE
Rede Gospel em breve canal 21 na Cidade de Olímpia com @renascerrevista @apostoloestevam https://t.co/laojx3SlaV
#PhotoGrid  Com @renatafraga  aqui no gospellive recebaaa a unçao da vitoriaaaa @ Gospel Live Festival https://t.co/Rzx3SF7XWP
Area vip com a familia lanchando bençao ....alguem e servido??? @ Gospel Live Festival https://t.co/T0xFjnCVvf
Rede Gospel em breve canal 21 na Cidade de Olímpia com @renascerrevista @apostoloestevam https://t.co/lWLyTqCO22
Unçao aqui no gospellive  Workshop com juninho_afram @ Gospel Live Festival https://t.co/RrtsCh9ehq
Muita bençao workshop com juninho_afram  aqui no gospellive @ Gospel Live Festival https://t.co/UUzFB1zZ5v
#PhotoGrid  workshop com @juninhoafram aqui gospellive bênção  unção tremenda @ Gospel Live Festival https://t.co/gJ25QjwH84
Gospel live juninho_afram  @juninhonakagawa   jonathannakagawa  aqui na exposicao....bençao @ gospel https://t.co/UDTFKBor0E
Jesus Culture  Foi lindo, Deus é maravilhoso!!! #gospellivefestival #vamosirradiaramor @ Gospel https://t.co/Zg5giJZU3O
Pela graça me libertou! @pcbaruk #deontem #Dia1 #gospellivefestival @ Gospel Live Festival https://t.co/rHVZx2ohXV
"Cia. Nissi em ""A Tempestade"" #deontem #Dia1 #gospellivefestival @ Gospel Live Festival https://t.co/RyQDpQHq8K"
#PhotoGrid   Hoje GOSPEL LIVE  INICIO AS 12 HRS COM WORKSHOP juninho_afram .. @fernandinho_br https://t.co/FcRq9oIXQe
Marchando pra São José do Rio Preto. Quero ver vc no Gospel Live Festival. @ Aeroporto Nacional De https://t.co/hQV03bHxPO
Programa especial #EncontroComDeusNaMadrugada com meu irmão Pr. Clébinho na @tvredegospel @ Rede Gospel https://t.co/b7c03lnsZT
na passagem de som ( GOSPEL LIVE FESTIVAL ) em São José do Rio Preto SP ... Solo de baixo parte 2 ... https://t.co/zcOFMPRoIY
na passagem de som ( GOSPEL LIVE FESTIVAL ) em São José do Rio Preto SP ... Solo de baixo parte 1 ... https://t.co/BELgF9O9XO
GOSPEL LIVE FESTIVAL em SÃO JOSÉ DO RIO PRETO-SP/BRASIL ... Kleber Lucas e banda ... foi lindo , Deus https://t.co/CVkVOZvNh0
Mais cedo na passagem de som ( GOSPEL LIVE FESTIVAL ) em São José do Rio Preto SP ... Com https://t.co/qTPDdBqHG1
Vai valer a pena.......  Livres para  adorar recebaaa @julianoson  livresparaadorar @ gospel live https://t.co/lmDzeZv58g
Um pouco de synth Bass ! Tremeu a Casa hoje . #gospellivefestival @ Gospel Live Festival https://t.co/0zcEBJHfcy
Livres para adorar adorando aleluiaaa Unçao tremendaaa gospel live @ Gospel Live Festival https://t.co/aJP85yyM9d
Livres para adorar! :) @ Gospel Live Festival https://t.co/xAgdJvvH0p
"Leitura da maternidade: ""The Gospel of the Lord"" de @mbird12 . Como a Igreja Primitiva escreveu a História de Jesus. http://t.co/BXLcex3qHC"
Profetizamos que sao jose do rio preto  do SENHOR JESUS....  RECEBAAAA VOCE E SUA FAMILIA.. @ Gospel https://t.co/ZdY8T1Utwl
Sao jose do rio preto ganha um evento tremendo ...gospel live   Parabens a toda equipe ..organizaçao https://t.co/pILqG54tJe
Gospel live trazendo para sao jose do rio preto algo inedito 2 dias do melhor do gospel....hoje ainda https://t.co/oj8e5BLwac
Tremendo gospel live a estrutura tremenda ....vem pra ca sao jose do rio preto e regiao.... Estamos https://t.co/6wzA1MPfR6
Pronto, a casa está armada! #partiushow #festival #gospellivefestival2015 #jesusculture @ Gospel Live https://t.co/rnyYtJEIz7
Aqui no gospel live olha o tamanho do palco @ Recinto De Exposição https://t.co/sJ6Plxd9s2
Acabou de publicar uma foto @ Livraria Point Gospel - Buriti Shopping https://t.co/agWOcv4KkP
Bom dia !!! Soundcheck 8:00 da manhã em São José do Rio Preto no GOSPEL LIVE FESTIVAL ... Mais tem https://t.co/Q8nRtYajnr
Primeira parada Rumo a São José do rio preto -Sp live Gospel @ Posto Castelo Plaza - Rod. Washington https://t.co/RmMZFUg4iY
Vaaaaaamooosss pra cima, mais um evento!!! Gospel Live Festival, obrigado Deussssss... https://t.co/HxOeDmDyZr
RT @DRDANNYCESAR: Recebendo a visita do amigo e maior cantor gospel do Brasil @fernandinho_br @ Clinica Paris Nova https://t.co/oliAllUYFP
Pr Taconi gravando o Conecta Gospel http://t.co/oxz5ZQvYdt
Nem acredito que vai ter um Festival Gospel aqui em Rio Preto amanhã e sábado e eu gosto da maioria dos cantores!
Hoje, foi um dia produtivo trocando altos papos por telefone com algumas rádios gospel espalhadas por https://t.co/nN54mtvQnE
Daqui a Pouco a Barra vai tremer!!!! Com meu amigo Pr Mario Alberto e a Revelação Gospel Edu Porto! @ https://t.co/7sryMqcAwY
@pauloalberto_ foi maravilhoso poder participar da 1 audições do Talentos Gospel espero pela proxima
"Mano..!!!   Esses ""Famosos do Gospel"" só me dão alegria Kakakakaka   Sua casa vai cair  vai https://t.co/k37nBKtuj0"
Brilhando em vida, sorrindo a toa, só vibrando amor e paz!!!  @ Gospel Night / Irajá Atlético Clube https://t.co/ecwWav6qzm
Hoje é um dia importantíssimo onde um grande homem de Deus, precursor da música gospel em nosso país https://t.co/reL119Lhnr
"Marco Feliciano comenta audiência pública com ex-gays: ""Ouviremos a minoria da minoria"": http://t.co/7bOZFrvZy5"
Ontem acompanhando @b_balsamo no @clipgospel ao vivo foi muito bom. @ Rede Gospel de televisão https://t.co/jYvjv0YLzH
SE LIGA NA GOSPEL#CONINUO AO VIVO #  MANHA GOSPEL NO AR#MUSICA E INFORMAÇAO#107,9FM E TAMBEM P SITE: https://t.co/Nuuk7EIGs6
BOM DIIIAA!EXCELENTE TERÇA-FEIRA!00:7 HS ESTAREI AO VIVO#GOSPEL FM RIO#107,9 FM#MUSICA E https://t.co/2kxw5Gmftl
Tão bom ver as meninas me mandando música gospel, q bom q elas também conhecem Deus
Salvee está começando o programa aperte o plataforma, baixe o APP da gospel fm e deixe seu salve nos https://t.co/huhjls9LjX
RT @rodrigoyoda: @fernandinho_br também muito confirmado na nossa segunda edição do Gospel Rio.  #GospelRio #mocidade https://t.co/0iKniLo
@fernandinho_br também muito confirmado na nossa segunda edição do Gospel Rio.  #GospelRio #mocidade https://t.co/0iKniLoEbO
Que Deus possa continuar abençoando está igreja que nos recebeu tão bem . Obrigado amigo e produtor https://t.co/878r3mrJ7J
Nessa noite fomos marcados pela glória e do mais novo ao mais velho foi tocado pelo poder de Deus que https://t.co/DoEGiFD2OX
3 dias de muita unção e poder de Deus aqui no Piauí! Amanhã voltamos para casa com corações alegres https://t.co/yZOfeFbqNR
Nunca fiquei tão ansiosa com o desperta como agora. Eu quero adolescentes chagados para mostar que com Deus tudo é possível na vida deles...
Quinta em Belém PA Sexta em Cuiabá Sábado em Jequié BA e Ubatã BA Hoje em Resende RJ  Deus é https://t.co/10uxv2BQIi
Marco Feliciano diz que é tao temente a Deus que é isso e aquiilo mais diz que Deus castiga puf.
RT @Alvees_10: O amor é liberdade,por isso Deus te deu a liberdade de escolha,mas te disse que só há um caminho,Jesus.Você escolhe por onde
Confie no Senhor de todo o coração e não se apoie na sua própria inteligência. Lembre de Deus em tudo https://t.co/teQl2ls8Ag
Impactado pela glória e bençãos nesse retiro, onde ali Deus nos pradou de tal forma que assim só https://t.co/C8kt7a3rND
RT @IC_SaoPaulo: A sua fé toca em Deus e o poder de Deus toca você! @maxrosasouza
Obrigado Deus por me proporcionar um feriado desse, foi muito top, fazia tempo que ñ me divertia https://t.co/T7cYlirajD
RT @doleoluz: O namorado do zandonaide tá dando xilique? Meus Deus estou perdendo!
Aprendi que deveríamos ser gratos a Deus por não nos dar tudo que lhe pedimos.  @ Prainha - https://t.co/PcPBDMfevc
amanhã é segunda feira COMO ASSIM ???????????????????????????????????????????? NÃO PODE SER TEM ALGO ERRADO AI MEU DEUS
MEU DEUS ACABOU
00h obrigada Deus por mais um dia
se voce desistiuuu Deus nao vai desistir, ele esta aqui pra te levantar se o mundo te fizer cair
voce é o espelho que reflete a imagem do senhor, nao chore se o mundo ainda nao notou, ja é o bastante Deus reconhecer o seu valor
RT @mrwnbt: Mas eu escolho Deus, eu escolho ser amigo de Deus, eu escolho Cristo todo dia...
"Estranho o teu Cristo, Rio Que olha tão longe, além Com os braços sempre abertos Mas sem proteger https://t.co/Fki0hyjmYs	2015-05-04 02:40:53"
Batismo da M. Fernanda,que alegria ver você Renascendo em Cristo! #VemproO2 João 3:7 @ Renascer em https://t.co/OOIEpeVpzR
Graça e paz a todos.  Tenham todos uma ótima semana em nome de Jesus Cristo!
Acabou de publicar uma foto @ Igreja Presbiteriana Celular de Cristo - IPCC https://t.co/LpGeqfm5Lo
Do lado da minha rainha tudo fica melhor. @ Igreja Evangelica Restauração Em Cristo https://t.co/vZNFmXmEE6
Pr. Cicero apresentando o Diac. Jeremias. @ Igreja Evangelica Restauração Em Cristo https://t.co/Keldzud5Es
#LDS @ A Igreja de Jesus Cristo dos Santos dos Últimos Dias https://t.co/fdZ71BBW6X
Mim acusaram de Roubar a Cruz do Cristo Crucificado!!! ....Senhor te conheci a 15 anos ...essa cruz https://t.co/IFviEJFuOD
RT @xjesusteama: E a vida eterna é esta: que te conheçam, a ti só, por único Deus verdadeiro, e a Jesus Cristo, a quem enviaste.   João 17:3
#SantaCeia# #ADVEC# Filhas! @ ADVEC - Assembleia de Deus Vitória em Cristo https://t.co/c1Tg57XNKe
Ministração a Deus, um privilégio para todos nós. @ Igreja de Cristo MANT - Araguaína https://t.co/J4xDt26Pa1
Uma semana abençoada a todos, a paz de Cristo. @ Casa da familia feliz https://t.co/kLQpZxVwfv
Nem só de pao vive o home! Culto da familha!!! @ Igreja Renascer em Cristo https://t.co/gCFEzh4MTF
Hora do louvor e adoração a Nosso Senhor Jesus Cristo na #SantuárioDaFamíliaDeIlhota https://t.co/bUpYFDYb6Z http://t.co/amjLyvPsAJ
Graças a Deus podemos contar com nosso amado Jorjão em nossas vidas... Paz de Cristo!  @ Paróquia https://t.co/UeICw3p8Ph
{Apesar dos pesares} no final das contas a gente sempre vai encontrar algo bom. Afinal, Cristo é o nó https://t.co/IlQBZPahRS
Inicio de culto com os brothers,  fechamento certo !!! @ O Brasil para Cristo Itaim Paulista https://t.co/8NNlCUfRGY
5° domingo da ressurreição. Louvemos ao Senhor Jesus Cristo! (@ IPU Jundiai - Igreja Presbiteriana Unida de Jundiaí) https://t.co/FQ8etMgYNI
EM CRISTO SOU MAIS QUE VENCEDOR (@ Igreja Rio de Vida in Porto Alegre, 91360) https://t.co/G7rY1KroCI
RT @ApoiamosEyshila: Não importa o que aconteça, exerçam a sua cidadania de maneira digna do evangelho de Cristo.     Filipenses 1:27
Não importa o que aconteça, exerçam a sua cidadania de maneira digna do evangelho de Cristo.     Filipenses 1:27
Eu e minha familia serviremos ao Senhor. Partiu #cultonaimac @ Igreja Ministério Apascentar em Cristo https://t.co/hSNnNjBFxP
Vamos começar nosso último encontro aqui em Araguaína/TO. Grato a Deus por tudo. @ Igreja de Cristo https://t.co/OWbp92oTjy
Hoje tem santa Ceia!  Uma oportunidade para renovarmos nossa aliança com cristo!
Bora ensaiar e logo mais as 18hs grande culto da família  !!! @ O Brasil para Cristo Itaim https://t.co/0kuHfEsUmU
" Tudo posso naquele que me fortalece "" ! @ Morro Do Corcovado - Cristo Redentor https://t.co/jq63SEU7EW"
A igreja de Cristo em FLORESTA DO ARAGUAIA PA, adorou ao SENHOR. @ Hotel Milhomem https://t.co/aSqX85M42N
Apresença de Deus se moveu tremendamente essa manhã. @ Iglesia Cristo Centro https://t.co/cExPtoAvSu
Hoje pela manhã estive na Igreja Cristo Centro Paraguay, onde fui abençoado com o sermão do pastor https://t.co/N3PWewT0XA
Eu tenho Cristo na minha vida e é com Ele que eu cresço. Ninguém compra a minha alma, pois Jesus https://t.co/TU6abv2StR
Aos pés do Cristo Redentor  @ Rio De Janeiro - Corcovado https://t.co/WHB6CuDXa2
Irmãs em Cristo  @  https://t.co/CKnso70tvv
Ele te ouve, Cristo te ouve, escuta suas orações, ele vai te atender.. Deus do impossível, tudo é possível basta crer
"A ele seja dada a glória na Igreja e em Jesus Cristo por todas aa gerações, para sempre. Amém! https://t.co/zspdS7y2WI	2015-05-03 16:47:22"
Dias memoráveis, com pessoas formidáveis  Somos Livres em Cristo Jesus @magitaquera #somosum @ Hotel https://t.co/dqoo7246BC
Abençoado por Deus...  @ Cristo Redentor https://t.co/bixMmV377I
Já estou crucificado com Cristo; e vivo, não mais eu, mas Cristo vive em mim; e a vida que agora vivo https://t.co/lCmqoRJh0M
Não há muralhas que ficaram de pé, diante de mim, estou firmado em Cristo pra sempre, tenho a luz em mim
Embark  @ A Igreja de Jesus Cristo dos Santos dos Ultimos Dias https://t.co/DnaCfJSYWM
Há 20 anos aceitamos dissemos sim perante Cristo nos tornamos padrinhos da nossa amada afilhada https://t.co/4EI4sfZFZe
De joelhos ao redentor pra ver nosso amor abençoado... #Abençoado #Cristo #AmigoDeFé #Agradecer https://t.co/NPwFQt4ONO
A amizade, nem mesmo a força do tempo irá destruir...  #Melhores #Crisma @ Paróquia  Cristo https://t.co/34MG2qcFsw
Selfie ontem com a galera impactante da Igreja de Cristo Nova Terra, em Araguaína (TO). Foi lindo! https://t.co/9Lb7CT7sdJ
Precisamos sempre ir aos pés de Cristo e, ali, aos pés dEle, é que encontramos força para prosseguir https://t.co/CLM6JaGBEr
#upperpistas  #pistapersonalizada  #pistadedança  #upper @ Capela Santo Cristo dos Milagres https://t.co/1IAAHDL96J
Já estou crucificado com Cristo, agora vivo não mais eu
todo mundo que sai do arsenal é campeao em outro time, jesus cristo
Perfeito  #domingo#lds#mormon#igreja#sol#amomtotdisso @ A Igreja de Jesus Cristo Dos Santos Dos https://t.co/UKOSTiiD0M
Deixa Deus conduzir a sua vida como conduziu a minha...  #tbt #CMES #RCC @ Renascer Em Cristo https://t.co/iFK9mcVO3W
Meu alvo é cristo.. @ Igreja Batista Da Lagoinha Em Niterói https://t.co/vtVX9YIR44
Hoje estaremos em Sinop na Igreja da Fé Renovada em Cristo.  Av Julio Campos 1318 centro Sinop/MT @ https://t.co/f38bT7hzWi
O que você quer ser pra Cristo ? O que você quer ser diante de Cristo? Você quer ser aquela pessoa https://t.co/MHcifJuGDG
Prontos para iniciarmos a última reunião aqui em Araguaína/TO @ Igreja de Cristo MANT - Araguaína https://t.co/tGS7YGd6EV
Inicia hoje o ciclo desta revista na EBD @ Igreja Evangelica O Brasil Para Cristo https://t.co/0RvtcsaoEq
E a vida eterna é esta: que te conheçam, a ti só, por único Deus verdadeiro, e a Jesus Cristo, a quem enviaste.   João 17:3
Já conhece o poder de Jesus Cristo? Não perca mais tempo...  https://t.co/WZbhTwjShD http://t.co/lqTaxNmUDK
Bom diaaaaaa!!! @ ADVEC RECREIO(Assembleia de Deus Vitoria em Cristo) https://t.co/RoyHVnvVbr
TENDO sido, pois, justificados pela fé, temos paz com Deus, por nosso Senhor Jesus Cristo; Romanos 5:1
"Para que, assim como o pecado reinou na morte, também a graça reinasse pela justiça para a vida eterna, por Jesus Cristo nosso Senhor.	2015-05-03 12:34:02"
Igreja  @ A Igreja De Jesus Cristo Dos Santos Dos Últimos Dias https://t.co/IsfkwCCbsw
#LDS (@ A Igreja de Jesus Cristo dos Santos dos Últimos Dias in Foz Do Iguaçu, Paraná) https://t.co/cb1MBGlMmr
Dia de agradecer  (@ Assembleia de Deus Vitoria em Cristo - @advec_pr in Curitiba, Paraná) https://t.co/V9o5Ztsmol
Já de volta ao Rio com esta vista linda antes de pousar.. Coisa linda de Deus.. @ Cristo Redentor https://t.co/7cjCpyGXa8
RT @Rosfilis: #rpsp TUDO o q desvia o nosso olhar de Cristo,TUDO o q nos afasta Dele ainda q sejam coisas aparentemente boas, deve ser aban
Gálatas: 3. 28. Não há judeu nem grego; não há escravo nem livre; não há homem nem mulher; porque todos vós sois um em Cristo Jesus.
Última ceia na garagem mais linda da cidade! @ibbrcuritiba @ Igreja Batista de Bom Retiro https://t.co/ixItBiPDrS
Apresentação de nossos novos presbíteros! @ Igreja Metodista Wesleyana em Mananciais https://t.co/7NN9OlgzGt
Oração pelos casais da Igreja! @ Igreja Metodista Wesleyana em Mananciais https://t.co/R6vK72Z2Va
Ministrando a noite em Mananciais! @ Igreja Metodista Wesleyana em Mananciais https://t.co/PEjbgqWAgS
Eu te amo de coração, Paistor  @ Igreja Batista Da Graça https://t.co/xSyxo91pgv
Igreja Cheia hoj Aqui em #PortoVelho !!! Obrigado A todas da #IgrejaNovaAlianca !!!! @fredarrais https://t.co/i8zMaZWaNG
Algumas fotos no belo cenário da Igreja das Dores antes de ir pro Juvenil #casamentojueruy @ Igreja https://t.co/LYAbDxCnaw
Compartilhando a ceia com nosso líder, mesmo de longe... thigocs #voltalogo @ Igreja Kairós https://t.co/QamSUHcrni
Finalizando o fds com o culto abençoado do Congresso da Família 2015.  @ Primeira Igreja https://t.co/Pu7L5Blf75
Culto abençoado com ele #PG  @ Primeira Igreja Batista em Ji Paraná https://t.co/s86nciqe9F
Festividade do grupo #SomdeAdoradores #Uniaodehomens Tudo muito lindo @ 2º Igreja Evangélica https://t.co/nHkeBO6Fa9
Ceia do Senhor! Noite maravilhosa na casa do Rei da Glória!!  @ Igreja Batista Nacional https://t.co/DV5dn39lNb
Terminando o domingo, na paz e com os amigos!  #QueSaudadeQueEuTava @ Igreja de Deus no Brasil https://t.co/pUqvTewQlW
Padre Fábio de Melo foi expulso da igreja católica e disse que Maria era apenas uma humana, disse que só Jesus salva, EAE ? Meu, lindo isso
MELHOR DIA DA MINHA VIDA!!! Deus, como eu te amo!  @ Igreja Batista Sião https://t.co/zrueu86zDO
Não vivo mais sem!  #stoantonio @ Igreja Santa Catarina De Alexandria - Colegio Catarinense https://t.co/DuUHwtONhq
:v ja era um bom lider, agora é consagrado @ Monte Sião Igreja de Atos https://t.co/ArDaFAS1Em
Família reunida na casa do senhor  @ Igreja Assembléia de Deus Missão https://t.co/YGJbK6x76q
Louvor ao Rei dos Reis!! #batera #drums @ Igreja Presbiteriana Do Brasil - Telemaco Borba https://t.co/yxWpO6kAX8
Anderson Freire....um verdadeiro Adorador!  @ Igreja Santuário da Família de Ilhota https://t.co/zdpAXV6vpt
Culto de ceia foi tremendo .. Inexplicavel  #adoradores #ebenezer @ Igreja Batista Ebenezer https://t.co/YJfRVoTKRE
Ceiar com elas não tem preço.  @ Igreja Batista da Graça https://t.co/N3vu8idNjU
faça a diferença levante a sua mão porque o poder mais forte é o poder da tua oração  @ Igreja https://t.co/POYyA1KNTZ
Batismo! Literalmente nos braços do Senhor! Feliz e realizado! @ Igreja Batista do Brooklin https://t.co/N9BXNzNTWu
Pastor Marco Feliciano ministrando uma palavra profética para a Igreja Brasileira agora aqui no https://t.co/WWYI8QotuT
Pedi um amigo a Deus e ele me deu um irmão!  @ Comunidade Evangélica Igreja Família https://t.co/nKaeoXHI1Z
#Linda Igreja Catedral Presbiteriana do Rio, fica de frente ao hotel que estou e hoje participei da https://t.co/hascgYiQgn
Porém eu e a minha casa serviremos ao SENHOR. Josué 24:15 b @ Igreja Do Evangelho Quadrangular https://t.co/RhFX8uK7cO
Amiga linda  Missa com ela Melhor companhia  @ Igreja Nossa Senhora Aparecida https://t.co/1SWgsblXL2
Culto  @ Igreja Metodista em Joinville - SC https://t.co/OtBahLLK9J
Igreja do Senhor, lugar de cura, libertação, https://t.co/QYHZvmNoOR
O meu Deus nunca falha e nunca falhará @ Igreja do Evangelho Quadrangular https://t.co/qEWmyBEDj6
Que a segunda seja breve e a semana seja leve.  (@ Instituto Anglicano Barão do Rio Branco - Tapejara) https://t.co/gMwwVcDrmz
Mas a hora vem, e agora é, em que os verdadeiros adoradores adorarão o Pai em espírito e em verdade; https://t.co/aYywryndru
Sem mais preguiçinha, só a paz concedida pelo espírito e força total pra começar a semana  https://t.co/2Zyj8aYJhk
Espírito Santooo , meu Grande amgoo , eu n posso viver sem tua presença em mim , Espírito Santo https://t.co/1CpQjwuEoy
O pássaro é livre  na prisão do ar. O espírito é livre  na prisão do corpo. Carlos Drummond de https://t.co/b3K6sfyv8Y
Espírito Santo, ore por mim, leve pra Deus tudo aquilo que eu preciso...  #Single ..  @ Casa do https://t.co/RHnothjuVC
"Meu filho amado, abençoado, o Espírito Santo habita em ti, você é ungido, e escolhido como um https://t.co/Z1PKTwB7kV	2015-05-03 23:38:13"
Blindados pelo Espírito Santo  @ Casa Kolbe https://t.co/ljn72mE8QW
Completamente tomados da presença e visita santa do Espírito Santo de DEUS em nosso https://t.co/KlGzIDpnZg
quem tem ouvidos ouça o que o espírito diz à igreja... @ Comunidade Carisma https://t.co/7Athe7l2Z4
Deus é bom!!! Sopra em nós o Teu Espírito!!!! (@ Ministério Batista Nova Aliança in Ribeirão Preto, SP) https://t.co/hAbHOmvX6g
RT @cora_xcx: Hj to naquele espírito de tem tanto pra fazer e a vida é tão curta
O maior antidepressivo da historia se chama Espirito Santo. @ https://t.co/AN5aFHTHP2 https://t.co/D4yOBpExOw
Meu amor jonathanaugusto77 dando lugar pro Espírito Santo de Deus . #IgrejaPresbiteriana de #Indiara https://t.co/GT0Y7d10Wa
Vem sobre mim, Espírito Santo, vem. Só Tua presença preenche o meu ser!!
Curti lá a página do Grupo de Oração Mover do Espírito , Igreja Santa Terezinha em Patrocínio MG https://t.co/IN28f0bhFh
É HOJE!!! URUULL!!!   Cada discípulo de Jesus, trará pelo Espírito Santo, um amigo que precisa https://t.co/YdUbXQ0w91
Pela Igreja, pelos Jovens... Encontro deste Sábado (02/05) foi cheio do Espirito Santo!! https://t.co/tRUtWcUBWJ
Que Deus nos abençoe hoje e sempre! Glória ao Pai, ao filho e ao Espírito Santo! Assim como era no https://t.co/Kevv2OTbGm
Se acatarem a minha repreensao, eu lhes darei um espirito de sabedoria e lhes revelarei os meus pensamentos  (Pv 1:23) Bom dia
Desejo-te um bom dia cheio de paz, amor, esperança e espírito de vitória, como marca determinante para o seu sucesso. Bom dia!
Se tu queres, eu também quero  #apaixonadospeloceu #UAI @ Espirito Santo Pinhal https://t.co/i5RzTEakkp
Presença de Deus incrível!! Espírito Santo acendendo a chama em nossos corações para sermos https://t.co/mZQUqTrg7q
Vem Espírito Santo, com Teu poder tocar meu ser, fluir em mim... @ Paróquia Nossa Senhora do https://t.co/7lL0oBsdvu
Movendo-se Pelo Espírito em danças! #FlashMob #MilGraus  @ Comunidade Cristã De Rondônia - Ccr https://t.co/QPQcjRCYmM
Edmundo, protetor da própria segurança do espírito e emocional, sempre seguindo em frente em tudo o https://t.co/uTyQmyrP7N
Um dos segredos para a manutenção da Salvação é a oração em espírito. Ela deve ser feita imediatamente após surgirem os maus pensamentos.
Ainda que as águas tumultuem, o rio do Espírito Santo corre tranquilo no santuário e Deus promete estar conosco.
Clame a presença do Espirito Santo em todos os momentos da tua vida, pois é Ele que dará a força e https://t.co/EEc5eG9pDN
Quantas vezes queremos ficar sozinhos, mas somos incomodados pelo Espírito Santo a falar com Deus.  @davegibbons
Sou ser humano mas escolho hoje viver pelo espírito , escolho está na casa do pai
No meio da Igreja o Senhor colocou a palavra nos seus lábios; deu-lhe o espírito de sabedoria e inteligência e o revestiu de glória,aleluia!
Aquele que tem ouvidos ouça o que o Espírito diz às igrejas. (Apocalipse 3:6)  Bíblia Verso do Dia http://t.co/OuEY7WVG9O
"RT @FraseRosaDSaron: "" Manda Teu espírito e vem me abraçar, Pra eu não chorar, Preciso de Ti aqui... Pra me consolar"""
Espírito do mal, cão de bct e saia
 eu to morto isso que voces tao vendo aqui é só meu espirito coberto de lagrimas
Vem Espírito Santo com teu poder tocar meu ser, fluir em mim #Retiro2015  @ Itaipava https://t.co/0PDqFUEgr7
RT @kenocard: Em todo momento o Espírito Santo está conosco! Não deixe de se relacionar com ele. #MovimentoFé
Os maiores amores da minha vida...  @ Lago Municipal De Espírito Santo Do Pinhal https://t.co/DwzoFH0TJD
Que o meu coração transborde amor! #7ºDia (@ Paroquia Divino Espirito Santo in Cuiaba, Mato Grosso) https://t.co/3AgT2mqHUD
Pq ia fazer cm a medalha do Divino Espírito Santo
A palavra foi lançada e encontrou corações sedentos por mais intimidade com o Espirito Santo. Ouve https://t.co/Ook43VL24r
Desejo muita PAZ... Paz na alma, no espirito, no coração! PAZ para todos é o que temos que desejar... https://t.co/ZtmdQg5ak9
Respirar um pouco de ar puro! (@ Parque do lago in Espírito Santo Do Pinhal) https://t.co/C6joMINbGX
Aqui habita uma alma de luz, um espírito guerreiro é um coração que pulsa muito amor, devoção e https://t.co/UOqspnPDyr
Espírito Santo é incrível qnd me sinto qnd invadi o meu ser, não dá p explicar a vontade de chorar, qnd meu coração arde com sua presença.
Ó Espírito Santo de Deus está em nosso meio. @ AD Família https://t.co/gr6BIfuL1B
Bispo Calegari pregando hoje em Mananciais! @ Igreja Metodista Wesleyana em Mananciais https://t.co/OCCiw5pA4Z
ADfamilia já começou os trabalhos. Reunião com café dos obreiros e Bispo Edinaldo Silva. @ AD Família https://t.co/uOD1ew8u2X
Aprendendo com o bispo @nimassa, que acaba de benzer @bondbuteco! @ Praia da Joatinga https://t.co/O0FKJJCbOh
#Reitor_do_Santuário_São_José #Bispo #seminaristas #Propedeutico #Pós_Missa @ Santuário São José https://t.co/sCmqAjdTmu
Olha quem encontramos aqui! Bispo waguininho! Isso mesmo!!!! @ Thermas Park - Laranjais - Olimpia/SP https://t.co/BTOKITv8QM
Grandes revelações da parte do senhor com bispo Edinaldo Silva  #cultodelibertação @ AD Família https://t.co/dZVXh0QB0D
Neste domingo às 9:00 da manhã em Mananciais: BISPO SEBASTIÃO CALEGARI! @ Igreja Metodista Wesleyana https://t.co/ObTijPJoKW
Hoje, depois de uma Santa audiência com o nosso amado Bispo Diocesano Dom Redovino, não tem como https://t.co/jIZW8RYkna
Nesta 5aF aguardamos vc Apóstolo, Pastor, Bispo p um tempo de comunhão no #caféprómarchaparajesus https://t.co/gL7dIVmEOV
"RT #SUMEMO ! @Cons_Juridico: Condenado na AP 470, Bispo Rodrigues tem negado pedido para viajar http://t.co/aeKzikoryG"""
Virada do ano 2013-2014 na Catedral com bispo Arnaldo Lanzelotti. @ Catedral da Fé - Curitiba-Pr https://t.co/9QtUQ5QVsi
@IgrejaUniversal  Cheguei do Templo de Salomão onde participei da reunião das seis  com o bispo Macedo ,já pronta pra ver a entrevista !!
Uma palavra de unção e poder ontem depois do culto com nosso Bispo! Tempo de crescimento e tempo de https://t.co/bVtTgEkKQQ
RT @dacostakamila: ''A Igreja Universal é como uma omelete, quanto mais você bate, mais ela cresce. ''  - Bispo Edir Macedo  assistindo Co
Uma palavra de unção e poder ontem depois do culto com nosso Bispo! Tempo de crescimento e tempo de https://t.co/EfTWtbf7lX
Aquele Conexao Reporter q passou depois da entrevista com o Bispo era reprise. E eu achando q era inedito...
RT @eusoumike: Palavra abençoada do @Bispo_Feltrim nesta manhã. Principalmente hoje que vou CONQUISTAR minha vaga no Concurso Público. #Pal
"Diz o bispo Macedo que""o melhor é um direitodado por Deus;'basta'pedir.Oque dizer doprofeta Amós que voltou a ser boiadeiro @conexaoreporter"
Aprendi c o bispo a ofertar e dizimar, sim! Até pq é bíblico e aqueles q amam a Deus obedecem as Suas palavras.
Se eu estou viva hj, é graças tb ao bispo, q sacrificou e sacrifica a vida dele tds os dias p ganhar a alma daqueles q as pessoas desprezam!
O bispo Edir Macedo foi transparente, assumiu td o q disse e foi sincero.  A maioria fala mal dele pq gosta de ir pela cabeça dos outros.
"Cabrini emendou o Bispo de ""Deus"" a prostituição! 500 pilas a hora da pepeca?! Pohãaaa a pepeca é de ouro!#ConexaoRepoter"
O SBT soh pode tá de sacanagemPassa a historia do bispo e agora na sequência a vida das puta de rua
Mais uma de ontem, em Juazeiro do Norte, no Ceará. Padre Cícero abençoando todos! #seguindoabatida @ https://t.co/llLVFVaczk
Querendo ser padre! (@ Seminário Maior Arquidiocesano Nossa Senhora De Fatima in Brasília, DF) https://t.co/4Dow6wU5wv
Praça Padre João N 200 ( em frente ao terminal Central) @ IIGD São José dos Campos sede https://t.co/yTwLrEyTrG
Nada como encontrar quem muito amamos e admiramos num momento tão importante!  Padre Renato Martins https://t.co/SOo2kSNsTo
Cada um tem um gosto, mas eu que sou evangélica desde pequena adimiro dms o pastor Marcos Feliciano, as mensagens do cara são maravilhosas
Hoje nosso Pastor @marinhobrazil trouxe uma palavra de Fé! Saímos fortalecidos e perseverantes na https://t.co/Mcb987ievr
Culto abençoado com o Pastor Emanuel N'Guenge, da Angola/África. Que alegria tê-lo conosco novamente. https://t.co/KfUiaGk6c9
"Sobre meu fds? Sentimento de eterna gratidão por um Deus q me encanta até msm quando não mereço. "" o bom pastor ñ abandona as suas ovelhas""."
Que culto maravilhoso, que chamada, chorei litros... Aconteceu também comigo Pastor Josué, enquanto https://t.co/cEOZLvmuIo
Dia de agradecer pela vida nos dada!! (@ Paróquia Bom Pastor w/ @fabiodiaass) https://t.co/93Q9ViXTMN
Perseverar é preciso | Mensagem sendo ministrada pelo pastor Pedro Monteiro | http://t.co/RyJVdI0iLi https://t.co/l1G7lIfaFu
#missa (@ Paróquia Bom Pastor e Nossa Senhora de Fátima - @arqrio in Rio de Janeiro, RJ) https://t.co/FoUjhaQE7G
#parabéns pastor pastormarcosfer que o senhor te abençoe e te guarde! Assista agora culto em ações de https://t.co/Bge3mm6iY0
Ricardo Oliveira é o meu pastor e nenhum título me faltará! Para ser Campeão Paulista 2015. Santos https://t.co/p1lAXrK5r2
RT @Willbass21: Hoje com o Pastor @wesleyros e banda na igreja batista tessalonica  em Maracaju-MS, foi Power o mover https://t.co/37rpTXy
Melhor Palestrante do Dia Pastor @odailson_ucb  Que Jesus Te Abencoe :) #GAINAPV @ Tv Novo Tempo - https://t.co/wOUte12dav
Hoje foi a reunião de líderes de filial JVC com o Pastor @prsamuelamor onde surgiram novas ideias https://t.co/AO2sMETXAG
Café da manhã na IIGD, com o pastor, obreiros e igreja!!! @ ...Café da manhã na IIGD... https://t.co/LJolMIRkp5
Participei do Culto hoje pela manhã com meu #Pastor natanaeldelvale !!! #Revelação sobre a #Graça do https://t.co/Ki73SQA0Eb
Manhã abençoada . Com meu Pastor presidente Silas Malafaia. #começarbem #EsseMeRepresenta #PrMalafaia https://t.co/57gCHgcPlm
Sobre ontem 2 ... Quero ser grato à Deus pela vida do Pastor André (abaixo de blusa vermelha) pela https://t.co/g0qfx8D4wz
Dando boas vindas ao Pastor Leandro Bianco na Universal do Afonso Pena. #NãoTemPreço #OliveiraFilho https://t.co/BM51RkBVrI
#seligasó  #senteapressão  Sou privilegiado por ser pastor de uma juventude que ama ao Senhor e está https://t.co/soKSy1gr2M
Fim da Ministração do amado @marcofeliciano pregou Muito... Pastor Paulo Andre Cantando... https://t.co/0dJiJQdT7X
Hoje com o Pastor @wesleyros e banda na igreja batista tessalonica  em Maracaju-MS, foi Power o mover https://t.co/37rpTXyawQ
Gente a mensagem do Pastor Samuel é MARAVILHOSA ,não aguento mais chorar!!!
Jesus é o Pastor Maior. Jesus é Nahal. Nós somos seus filhos. Jesus, o Bom Pastor, se fez Magali para conduzir as ovelhas ao Pai!!!
SERÁ QUE É VERDADE ?  Pastor Marco Feliciano assume bissexualidade http://t.co/GV8X9GhAAG
O foco da ovelha Nahal é desestressar o rebanho e desestressar o pastor.  Nahal traz o rebanho para águas tranquilas!!!
Quem tem essência de ovelha não possui 2 sentimentos, 2 orientações, 2 pensamentos, pois caminha em linha com o Pastor!!!
Quanto mais perto vc estiver do seu pastor, mais autoridade vc terá para cuidar do rebanho!!!
Os doentes fazem de tudo para afastar a ovelha Nahal do líder, do Pastor!!! Eles estão longe e não querem ver ninguém perto do Pastor!!!
Se a confiança do Pastor fez de vc uma ovelha madura, Nahal, não permita que nada mude a sua natureza, nem roube seu coração de ovelha!!!
Envie PASTOR para 33777 e pague agora o seu dízimo via Internet
Feliz o líder que precisa tomar uma decisão e tem coração de ovelha para ir até o seu pastor buscar orientação!!!
O líder Nahal é o líder que ouve sim ou não, mas nunca deixa de se tornar exemplo, não deixa de ser guia, nem sai de perto do seu pastor!!!
Predestinacão e Livre arbítrio!   Quem foi entendeu!  E quem não foi um dia entenderá... Pastor https://t.co/kmxnBcJs6F
O prazer de conhecer o pastor @srochaactor. Homem de Deus! @ Recinto De Exposição https://t.co/m9dFRVeYgL
@OTPcabellobow OQ O PASTOR TA PREGANDO?
Grata surpresa hoje conhecer o pastor @srochaactor impossível olhar pra ele e não lembrar do Tropa de https://t.co/yn8uN4O68K
Pastor Waldomiro colocou um chapéu de cowboy... Melhor pastor!
@PastorMalafaia Parabéns pelo programa de hoje, Programa maravilhoso . Deus Abençoe mais e mais seu ministério Pastor.
Estou tendo o privilegio de estar presente na nomeação do meu irmao Pastor Fabio Tanida! O sentimento https://t.co/d8wVppOqJ6
Eu e o Cantor e Pastor Marcos Góes. Bênção Pura!! @ Igreja Evangélica Congregacional em Papucaia https://t.co/ixoytZuVxJ
Com o melhor Pastor de Rede de Jovens do Brasil! Marcos Madaleno #conferenciainspire2015 #euusoeleve https://t.co/6RKPlwsQnI
Ovelha gosta de ouvir a voz do seu pastor!!! Existe sacerdote para ungir vc e dizer ao bicho que bata em retirada, em nome de Jesus!!!
Pastor Cesino Bernardino recebe missionários em gabinete #blogdodcvitti http://t.co/RRV4zUdRfN
Ontem quem ministrou a palavra na IMEF foi o Pastor Ricardo Oliveira! Gênesis 28.10-22. Permita que o https://t.co/ZDvbM3pct8
#PNV na vigília em Mauá! Que DEUS abençoe todo povo desta igreja, obrigada ao pastor e região por https://t.co/msHlJOwR6r
Daí tu acha que não pode piorar.. Errrrroouuu  (@ Hospital Bom Pastor in Igrejinha, RS) https://t.co/yonpEdLdNO http://t.co/U1wXfw6kGX
Esse é o meu pastor !!!!! Pr. Marcelo!!! Referência na minha caminhada!!!! Gente boa #discipulador https://t.co/tN2hUkgVdL
Tentando entender como o Marco Feliciano conseguiu ler a Bíblia mais de 30 vezes E CONCORDAR COM TUDO O QUE ESTAVA ESCRITO
A bíblia já dizia:quem muito perdoa , muito ama  http://t.co/XRdfgyHTuw
A biblia diz que quando esperamos em Deus, nossas forças são renovadas como as da águia. Esperar em https://t.co/7D9XrOIMkV
Belém em Poá, assim chegou Maio.  @ Praça da Biblia Poá https://t.co/vkyxKq6AtL
Mini Biblia para o batizado do Vicente. Amei fazer esse trabalho. #cartonagem #minibiblia #batizado https://t.co/wJmMxvjl3M
A confiança em Deus é algo muito enfatizado na Bíblia, confiar em Deus é saber esperar o tempo dele, https://t.co/eDcQyCGOd7
@Leia_a_Biblia: (Mateus 10:22b) - mas aquele que perseverar até ao fim será salvo.
Podemos pular, dançar, cantar, fazer nossas oração, ler a Bíblia, anuciar a Verdade que Jesus te Ama e quem te salva!!
"@NelsonDoEEE: Se a Bíblia não fosse tudo que ela é, eu não seria nada do que eu me tornei."""
Querida, postar frases com versículos da bíblia não vai diminuir sua fama de quenga, bjs
meus bem (2)  carinho e gratidão  @ Praça Da Bíblia https://t.co/SRvxEOPsPE
Se chorei ou se sorri, o importante é que a Bíblia toda esse ano eu já li. #LastNight #DeBurnas https://t.co/SrreWP245S
"RT @eita_barichello: Quando a bíblia fala ""ORAI E VIGIAI"" não é a vida dos outros, é a sua! 2bjo "
"A Bíblia Diz : ""o amor Nunca Falha"" por isso , se não der certo , não era amor ainda  @ Jd. https://t.co/COFNQLXUj6"
Salmos: 90. 12. Ensina-nos a contar os nossos dias de tal maneira que alcancemos corações sábios.   - Bíblia JFA  #InspireBrasil2015
Romanos: 12. 10. Amai-vos cordialmente uns aos outros com amor fraternal, preferindo-vos em honra uns aos outros; - Bíblia JFA Offline
Romanos: 12. 9. O amor seja não fingido. Aborrecei o mal e apegai-vos ao bem. - Bíblia JFA Offline
Atos 20:35b recordando as palavras do Senhor Jesus, porquanto ele mesmo disse: Coisa mais bem-aventurada é dar do que receber. Bíblia JFA
Romanos: 12. 15. alegrai-vos com os que se alegram; chorai com os que choram; - Bíblia JFA Offline
Romanos: 12. 14. abençoai aos que vos perseguem; abençoai, e não amaldiçoeis; - Bíblia JFA Offline
Romanos: 12. 13. acudi aos santos nas suas necessidades, exercei a hospitalidade; - Bíblia JFA Offline
Romanos: 12. 12. alegrai-vos na esperança, sede pacientes na tribulação, perseverai na oração; - Bíblia JFA Offline
"@Leia_a_Biblia: Salmos 31:3 Porque tu és a minha rocha e a minha fortaleza; assim, por amor do teu nome, guia-me e encaminha-me."""" "
Sempre dou graças a meu Deus, lembrando-me de você nas minhas orações... (Filemom 1:4)  Bíblia Verso do Dia http://t.co/DAGNgOveJi
Día de estudios bíblicos!!! Preparándonos para rendir!!! #fiet #estudiosbiblicos #biblia @ Oro Verde, https://t.co/RVrLYVVhjm
O amor é o vínculo (o caminho mais perto) da perfeição. Colossenses 3.14. Bíblia da Família @ IIGD https://t.co/TRW8K1yU6G
Como Eu gosto de Ouvir as músicas da banda @raizesquetocam e os Ensinamentos da Bíblia que eles transmitem, Jah seja Louvado e Adorado
Seja fiel, ore, leia a bíblia, evangelize, ame ao seu próximo.. Ai sim, Deus é com você
@Leia_a_Biblia Fico pensando que explicação alguém daria a Jesus para não ter lido a Bíblia, sendo que teve uma vida inteira para fazer isso
Começar o dia com a leitura Bíblia é sempre um sustento para o grande dia... Obrigada Senhor por Tua https://t.co/2xxfoEWR0b
A Bíblia diz: O amor nunca falha por isso, se não der certo, não era amor ainda.
Um dia o homenzinho torto a biblia encontrou e tudo que era torto Jesus endireitou.   #JesusTuReinas
Gloria e honra pertencem ao senhor Jesus para todo o sempre! Noite de hoje! Encerramento sobrenatural https://t.co/nx7wErWcbx
RT @MiiiNoronha: Eu não sou ninguém sem ti Jesus  #MovimentoFéNaMadrugada
Seja um jovem pra frente, mas não coloque Jesus pra trás  @ Bday da Gege https://t.co/8KicWqQ9gW
Eu não sou ninguém sem ti Jesus  #MovimentoFéNaMadrugada
Não desanima não pois Jesus já tá vindo. Quem plantou chorando vai colher sorrindo...
Gratidão.   Gratidão,  essa é a palavra que define meu sentimento pelo Senhor Jesus. Olhar para trás https://t.co/ds967Mx5PM
Meus Crush são o França e o Marquinhos Pedroso Esses homem me tiram o folego senhor jesus me ajuda
Gente é cada doido q aparece q só jesus mesmo
Ceia do Senhor.  Momento de relembrar o sacrifício que Jesus fez na cruz por nós. @ Ministério https://t.co/GXTXcI8AZL
Ressuscitou pra mudar a minha história. Jesus está vivo! Hoje eu posso cantar, sou livre, livre, https://t.co/2ccd3YhMWx
RT @morestydia: meu jesus amado da pra sentir o poder daqui http://t.co/JgqPLrEUCE
23.Pois recebi do Senhor o que também lhes entreguei:Que o Senhor Jesus,na noite em que foi https://t.co/C1c6MK3ZSp
Irmãos, o Senhor Jesus nos disse que, se permanecemos n'Ele e Ele permanecer em nós, ser-nos-á https://t.co/jp8xBDHHwJ
Que Ele cresça e eu diminua... Que Ele apareça e eu me constrange... #Jesus #Church #SaldaTerra @ https://t.co/z21PJagRND
Hoje é dia de relembrar a morte do Senhor Jesus (ceia)! Mas aleluiaaaaaa Ele ressuscitou.  @ https://t.co/JJQR7qxnUO
O pecado não consegue esconder a marca de Jesus que existe em você  @  https://t.co/oGf0FHlCBv
Adorando a Deus ontem com minha mamãe e irmãs no show do Jesus Culture. Foi top, todo louvor e glória https://t.co/y24Kiwdo14
Fechando o feriado da melhor maneira: à mesa com o meu Salvador Jesus. #SantaCeia @ PIB Sao José Dos https://t.co/B94VRTXC7X
Senhor sois meu louvor em meio à grande assembléia  -  Obrigado Senhor Jesus. (@ Igreja São Judas Tadeu) https://t.co/Spc6V5gnxN
"A felicidade de Jesus estava nas horas em que estava a sós com Deus e a natureza. Sempre que Lhe era https://t.co/QdEfx6vsE9	2015-05-03 22:15:33"
RT @_ingrid94: Enfim, indo pra casa do nosso Senhor Jesus, agradecer por tudo que ele está fazendo na minha vida, e pra iniciar a semana ab
3 Pilares do Cristianismo   1* Jesus é a base da nossa fé. João 3:16 NVI Porque Deus tanto amou o https://t.co/6MOIQvGV86
Alegria em servir Jesus! @ CCNE Guarulhos https://t.co/r8OU7bz1gk
culto de jovens hoje foi Power #GeracãoEleita! http://t.co/8QiSfKj10p
A noite de ontem e o dia hj foram perfeitos, veio geral depois do culto pra cá, e hj passamos o dia todo aqui, hahaha
Agenda do mês! Culto da vitória na ADVEC em Piabetá 1 dia 20 /05 às 19:30 hrs @ Agenda do mês https://t.co/NIirK0ljuL
Tremendo o culto desta noite, com salvação e milagres  Eu creio no sobrenatural  @ Em Orleans https://t.co/Fm85HsgnEI
Reprogramando a mente. Depois um culto maravilhoso, um koni  @ Koni store e Spoleto freguesia https://t.co/0VjsMyUUVZ
Hoje o culto foi uma benção. E encontra com os amigos melhor ainda. #ObrigadoDeusporTudo https://t.co/TWggJ5F7W0
Culto maravilho.... 1 culto do mês da família.   #JesusIs #pegadaceleste  #power https://t.co/7WoWyLFFxX
#Repost rebeca_delvale with repostapp.É hoje culto de celebração!  As 19:30.  Foi forte o que https://t.co/SKr84MIvCG
E a família ta crescendo. .. #40DiasDeOração #40DiasIncentivandoAfamília  Hoje , culto especial p/ os https://t.co/orjYwVc54f
Depois de um culto abençoado, a única coisa que me resta é desejar que você tenha uma excelente https://t.co/fYtRP1PRA9
Culto de Santa - ceia. (@ I.E.Q JD. Sao Luis in Barueri, São Paulo) https://t.co/n6JlwISNw7 http://t.co/Yi2sDOaGWN
Casa cheia! - Culto da Família Comunidade das Nações campus SIA @ Comunidade das Nações - Brasília https://t.co/Bu2g3rOJBm
Culto da Família  #SntLosAngeles  #SouBairros @ Comunidade Evangélica Sara Nossa Terra em Campo Grande https://t.co/nVenDRLru9
Culto lindo, templo cheio, santa ceia. com minhas irmãs querida. @ IbA central da Barra https://t.co/gFYeVXToFF
Culto abençoado com meu love #Convocação #Cogic3 #love #jesusismylife #yeslord @ Cogic3 Resgate Para https://t.co/mvBDkmrHmA
De ontem !  Ministramos ontem na AD Hauer, um culto que ficará marcado em minha vida para sempre, foi https://t.co/XEPPqXWES6
Um pouco do que rolou no culto ontem!! @ Igreja Presbiteriana Do Brasil - Telemaco Borba https://t.co/mCleTQdxd2
É DAQUI A POUCO!!! Você não pode perder de jeito nenhum! Teremos culto normal as 17h, convide todo https://t.co/e3qG67dK1j
De ontem, saidinha da  #Bíblicadapaz com a melhor companhia no #onethingbrasil culto mega blaster https://t.co/kCr1Si08BW
Uma manhã gloriosa com Deus!  Ministramos o louvor na ieldv neste primeiro Domingo de Maio, Culto de https://t.co/PebHKTkcG2
E sobre ontem, não foi um show, foi um culto! E que culto! Melhor noite de todas, eu não queria vir https://t.co/qvmMUObQCa
Amados irmãos de Goiânia,  novo horário de culto,  e escola de fundamentos as 17:30hs!  #horaaposhora https://t.co/dzzN68VsRr
De ontem no culto dos ostrezentos - foi  #music #worship #god #guitar #pedals @ IEQ São Miguel https://t.co/QFtZuy6Dg7
O melhor culto de Brasília, com os melhores...  #EUAMOMINHAIGREJA  #EUSOUBRAÇOFORTE #CULTO321 https://t.co/ZSr6ft2H1Q
Culto em inglês! Vamo que vamo! (@ Bola de Neve Church in Curitiba, PR w/ @franfriesen) https://t.co/zl0hNs9BdP
Hoje tem Culto de Santa Ceia na IMAC Os irmãos que tem colaborado com a Igreja não se esqueçam dos https://t.co/fg8OpFnoid
Nada pode calar um adorador ...recebaaa. Desta unçao....  Culto de santa ceia catedral da bençao luz https://t.co/COoJFAgKU7
@bisparanakagawa  ministrando na catedral da bençao luz da vida nesta manha culto de SANTA https://t.co/CHbdKHnBWr
E nosso service (culto) foi assim hoje. Que templo maravilhoso, presença de Deus em todo lado. https://t.co/mEAZi8AA1n
Bom dia amigos a caminho do culto de santa ceia.....e desejando a todos um dia de vitoriasss amemm @ https://t.co/tX65hbMFw8
Culto da família em todas as igrejas da Fonte vamos clamar juntos pelos nossos familiares. @ Fonte Tv https://t.co/hZOTJYQG5V
Culto de Jovens (@ Congregação Cristã no Brazil Santa Regina) https://t.co/Aal1tFxCu9
No caminho Deus nos surpreende! #princesas #quartoLindo #Culto #FilhasDoRei #amiga @ Igreja https://t.co/ivLjBEUDMk
Minhas lindas, Obrigada pela companhia. Culto abencoado. @ Batista  Ungido de Deus. https://t.co/PTVM04Q1QV
Um prosa Com meu irmão depois do Culto  jessevrr . #IRMÃO #PósCulto @ Em Casa https://t.co/jnzLQkGn3n
11 Almas pra Jesus hoje no Culto Juventude ADERC ... DEUS INVADIU A CASA... Coisa terrivel e https://t.co/C3zCX1Qq5F
AD Belém - Sé/ Glicerio. Culto com a mocidade. Foi muito bom adorar junto com os irmãos. O Senhor https://t.co/oiV7xeiBmn
Thiago Andrade, homem de DEUS, trazendo uma palavra abençoada no culto de jovens! #AGlóriaÉdeDEUS https://t.co/aZEJ4H4eNP
Tezarzarzana que tipo de Jesus vc quer? O Sacralizado, que existiu até o Concílio Vaticano II ou o https://t.co/IpCywctgNi
@DelVecchioSEP Não sou maçom, e nem a maçonaria ou o Vaticano compraram o direito às citações de Thomas de Kempis. Poxa vida.
Hoje sonhei que fui passar uma tarde no Vaticano só na contemplação e no Logos. E eu fazia faculdade de jornalismo.
Direto do Vaticano Missa ao Vivo com o Papa Francisco .... @ Rede Vida de Televisão https://t.co/9E115bYhcI
