1	mateusdamasi hj fal guaab sobr tabel graami 4 jog naps difacel precis aprove colh frent entend agor 
2	precari futebol apresent maracanap pi jog ano 
3	dia 9052015 jog abert sant catarin fot jog abert sant catarin ano httpstco5ggnozdxxl 
4	engraass acompanh jog verdaps aqu 
5	lukinhasmendes7 qm deu tatul barcel real madrid perd empat jog best 
6	comec jog brasileirapso2015 allianz parqu palm vs atlac mg in saps paul sp w lagrutt httpstcodi5ju0d6t3 
7	fim pap t serr 2 x 2 p sant bri continu invict competiassaps saps 4 jog 3 vita3r 1 empat 
8	isaabellec tim nao ganh 4 jog tom 4 real ano tom 3 farass 
9	jornaloglob tra dia duel contr barcel bayern complet 4 jog venc 
10	trivel gol neym cheg 50 jog ofic barcel httpstco9i44rmnusp 
11	qt jog valdav far brasileiraps 
12	ps valdav palm naps orig int kkk 
13	doi jog playoff nba bom demal hoj chicag bull venc cest ult segund clipp avassal 
14	sorergsen boa jog 
15	rt juliocasaressp gesaopaul cbf lib boschil lucaps tricol usal taass libert httptco8dboo1oo0tat 
16	sandrocampos63 ricardopharmac fal elenc frac p cheg libert real elenc cap cheg fortass 
17	davimrodrig sxavierfilh intersempr ali alt 10 ano ganh dua libert qual costum ter 
18	plac apost corinth cruz int tatul gal sp palm graami libert 
19	int libert dinh graami cop brasil fal 
20	voca crav int campeaps libert favor par 
21	rt henridia caralh atac enfim zic acab foc libert acredit corinth 
22	rt ammartim agor tud ac libert amig 
23	clar clar concord tom surr piroc atle libert 
24	int final brasil brig g4 campea libert pod cobr adiant 
25	milton cruz tecn sao paul agor viv bat bol espn brasil pergunt 
26	rt freirerobert naps entend netomadneto1 apes corrupassaps dilm impeachment sa3 exist vot majoritari congress 
27	rt freirerobert naps sarolijr enquant esper lut aconteass vid oposiassaps desgovern luladilm diegoescosteguy 
28	vou faz camiset esqueass dilm aacci vot pedr pur narcis aut campanh vou pro crim poli 
29	rt letraslimit dilm anunc baix litr gasolin 550 ml 
30	explic motiv gduvivi turm port fund defend dilm porqu receb dinh govern 
31	rt gnatalin dilm fug fal brasil tem fug event r pret govern popul ac assim 
32	rt assous marialcab dilm vet abr caix pret bnd vam exig abert cpidobnd 
33	rt andreoertel cont reeleiassaps dilm pod ter irregular grav diz ministr stf httptcosnn1eyq6ln httptco5gqz6f 
34	joaopedrolg cruzeironew mensala lig lul petrola lig dilm pt euric ata combin 
35	ditad httptcouyb5zzjox5 via oantagon ditad senadorcai petrobr destru audi vade dilm 
36	rt gnatalin facebook proteg dilmapt gent confirm real 
37	rt gnatalin facebook censur cra dilm diab ac 
38	rt mariosabinof sonh pt dilm alvor fum charut vend novel 200 milhau bols famal cuban receit 
39	garrinchabrasil mirandas freirerobert fac censur oposi dilmalulapt dia liberdad imprens 
40	ador rtzeroh grup protest di apart dilm rousseff port alegr httptcorn264qyjtk httptcoruiu7sfh6f 
41	rt bolsonarosp dilm ouv voz rua sa presidaanc ont font glob onlin httptcolc1mwbx5mm 
42	rt assous danischwery marquet dilm haddad ac investig polac feder httptco5w0zommll2 hom 6 pres 
43	rt ecantanhed tud dilm naps precis cris ac 
44	tip nasc princes dilm eou pt car reclam govern lug err 
45	dilm obrig pov assist pronunc aecioneveszuer fabioporchat quer obrig pov assist film 
46	econom dilmapt ac decepassaps telejorn sa3 mostr pov roend oss jn 
47	band mor lul dev preocup consig naps dilm porqu prest ir cade ac foradilm 
48	hoj fort pov ac cris culp ac dilm palhoass sc httpstcokymtl0xqzn 
49	coroneldoblog fabioostermann conden veem protest cas yed conden cas dilm mor ac famal sagr 
50	naps preass ver jorn nacion recorr youtub exib vide dilm pronunci nodilmadotrabalh 
51	voca algum religiaps acredit deu orgulh dulcemarianoraulgil 
52	tir cruz pescoass esqueass igrej religiaps mirandarul guizerarusl mirandarul httpstcoocamdhyymu 
53	precis guerr ha religiaps httptcoti3k2ngkj3 
54	doutrinaassaps marx escarni religiaps uff httptcohubqrraao exist profes exist milit 
55	naps cristaps ter med ir infern cristaps amo deu httpstcobkiptjj5jc 
56	paz nov programaassaps web radi cristaps evangel ar novidad oraassaps httpstco7t9xsanbdf 
57	8 ediassaps congress aviv hiphop cristaps brasil ser benassaps vam adquir httpstco2keqn4q9nf 
58	admiraassaps car gratidaps ser amigoirmaps ser human lind mei cristaps httpstco7p6n5nkg3p 
59	cans guerr vou ser cristaps est oslam temp httptco07edy30f8h 
60	cheg mai event cristaps marchaparajesu esper red gospel httpstco4g4ph3k4xh 
61	04 junh marchaparajesu rua mai event cristaps vc estaps convid venh particip httpstcoyyvg9zbbdz 
62	iv afilh salaps evangacl nov flor w anajuliabf httpstcogzsaiuv7fn 
63	nenhum obstacul ac grand demal confi deu music ministacri evangacl crist httpstcow08zeymvsh 
64	nov voz gospel brasil httptcouyvp6mgeu9 
65	traz arc palc gospellivebr top demal aqu gospel liv festiv httpstcongkmdbigmv 
66	viv agor red gospel tv band clipgospelofic assist dig httpstco0mpmotz4ht 
67	benassa aqu gospelliv desej tard vitor gospel liv festiv httpstcoaw8mrh51pr 
68	comeass segund dia aqu gospellivefestiv friend music today gospel liv festiv httpstcomazg5xj3u 
69	red gospel brev canal 21 cidad olamp renascerrev apostoloestev httpstcolaojx3slav 
70	unassa aqu gospelliv workshop juninhoafr gospel liv festiv httpstcorrtsch9ehq 
71	benassa workshop juninhoafr aqu gospelliv gospel liv festiv httpstcouuzfb1zz5v 
72	gospel liv juninhoafr juninhonakagaw jonathannakagaw aqu exposicaobenassa gospel httpstcoudtfkbor0 
73	jesu cultur lind deu ac maravilh gospellivefestiv vamosirradiaram gospel httpstcozg5gijzu3 
74	graass libert pcbaruk deont dia1 gospellivefestiv gospel liv festiv httpstcorhvzx2ohxv 
75	cia niss tempestad deont dia1 gospellivefestiv gospel liv festiv httpstcoryqdpqhq8k 
76	otim tard empreend empreendedor capacitam capacit sao paul sapopemb httpstcoal0haqczj5 
77	janel vej sobr vist empreendedorismocri empreendedor empreend httpstco7rlzgnspsb 
78	partag franqu seminari empreendedor furg partag partageshoppingriogrand httpstcoxvlcihxz32 
79	brasil empreend baian rodrig paolil pass presidenc confederaca httpstcosb9u2jdmkv 
80	joaomarc sim total fas jec man tal consolidaca dev ser proib diz figu po braganca2013 
81	paulogarciapt prest cont 2014 comprov superavit result gesta responsa 
82	gasolin car est sp av sort 
83	gasolin alcool sup barat vim abastec aqu agor rua 68 set centr httpstcon7gxc9jggw 
84	gasolin aument quant carr rua aument tb nao dev ser contrari leisecarj radarcostav 
85	jornalcult baix prec gasolin n subterfugi p eleica dilm 
86	rt letraslimit dilm anunc baix litr gasolin 550 ml 
87	hoj fiq energ temp vel salv eletropaul diss cheg httpstcowmojqk1dkp 
88	obrig cerr arromb dar eletropaul empr merd roub td dia 
89	orig g capit trad importaca exportaca ltd httpstcoym5l3flpcz 
90	regr tributaca importaca brasil sei regr aplic 60 val nao 182819 
91	venh faz projet importaca eou exportaca conosc red lion importaca amp httpstcoa8ybldxuzn 
92	theplay atu importaca mater espor fitnes aprov marc rednos httpstcou9l2gndig5 
93	sen psc fal gov dev ach man faz ajust fiscal atac segurodesempreg tal tax igrej 
94	dilm ser obrig cort ministeri pmdb ha deu dic p aprov ajust fiscaljn 
95	fal ajust fiscal quer aument salari juiz 76 
96	radiobandnewsfm cham ajust fiscal 
97	jornalcult govern pod faz ajust fiscal cort mai gast pov pag ajust 
98	ver govern prop ajust fiscal gast propagand inutil replay 
99	pmdb projet pod 2018 enta esforc aprov ajust fiscal dilm auxili pt em2018 paradox 
100	entend ser ajust fiscal brasil ser prox despach will httpstco52jyc3hxry 
101	proun disponibiliz vag tir boa not ni en httpstcomkkkn4mtur 
102	ruim imagin vot dilm faz fie descobr nao verb 2015 
103	rt lelexdutr profes curr esquerdopat nao vi prest solidariedad alun nao conseg fie protest 
104	fie tendenc curitib httptcovdbi1t1cnk 
105	hiancaroch govern acab fars sit fie admit nao dinh nov contrat 
106	viez hist fie fic enrol estud his defeit sit quant sordid perd nov 
107	dinh fie pt gast outr pais obr bem feit 
108	govern nao dinh pro fie pro esta feitos eleico tod mund fal med vot aeci 
109	govern feder diss nao dinh fiesm aument cust deput sen temqq gent 
110	recurs fie 2015 esgot delic patr educ brasilza 
111	fie encontras nest moment assunt moment 6 tendenc httptcomffvmqh2oj trndnl httptcoxyfgxf8cx3 
112	alem nao ter dinh bols agor nao pod faz faculdad tant sonh porqu fie quebr 
113	fie financi curs on lin sent acab dest dia vem jument univers falt 
114	otim dia fic sal fie tom cha cade 
115	faculdad lev ole govern feder relaca fie 
116	aind bem prorrog fie vint dia tent sistem bloqueadosa um camb saf 
117	hor voc bat profes voc sab filh put quer ver liber fie gal 
118	coit pov fie moral descas govern 
119	fie acab informaco fie 
120	rt marcele2011 meccomunicaca ader fie 2014 fiqu tranquil sistem fic disponi 295 tod contrat 
121	eeeeeeeeee aind nao consegu cadastr jeit nao vou consegu fie 
122	dilm gab fie merd func val brasil av 
123	tod mund notebook tent fie porr aind esperanc govern ajud 
124	rt larimeireles02 fie nao ind car aind bem nao so 
125	rt igeducaca termin hoj praz estud ped nov contrat fie httptcozqnqh5urqg 
