esportes	mateusdamasi hj fal guaab sobr tabel graami 4 jog naps difacel precis aprove colh frent entend agor 
esportes	precari futebol apresent maracanap pi jog ano 
esportes	dia 9052015 jog abert sant catarin fot jog abert sant catarin ano httpstco5ggnozdxxl 
esportes	engraass acompanh jog verdaps aqu 
esportes	lukinhasmendes7 qm deu tatul barcel real madrid perd empat jog best 
esportes	comec jog brasileirapso2015 allianz parqu palm vs atlac mg in saps paul sp w lagrutt httpstcodi5ju0d6t3 
esportes	fim pap t serr 2 x 2 p sant bri continu invict competiassaps saps 4 jog 3 vita3r 1 empat 
esportes	isaabellec tim nao ganh 4 jog tom 4 real ano tom 3 farass 
esportes	jornaloglob tra dia duel contr barcel bayern complet 4 jog venc 
esportes	trivel gol neym cheg 50 jog ofic barcel httpstco9i44rmnusp 
esportes	qt jog valdav far brasileiraps 
esportes	ps valdav palm naps orig int kkk 
esportes	doi jog playoff nba bom demal hoj chicag bull venc cest ult segund clipp avassal 
esportes	sorergsen boa jog 
esportes	rt juliocasaressp gesaopaul cbf lib boschil lucaps tricol usal taass libert httptco8dboo1oo0tat 
esportes	sandrocampos63 ricardopharmac fal elenc frac p cheg libert real elenc cap cheg fortass 
esportes	davimrodrig sxavierfilh intersempr ali alt 10 ano ganh dua libert qual costum ter 
esportes	plac apost corinth cruz int tatul gal sp palm graami libert 
esportes	int libert dinh graami cop brasil fal 
esportes	voca crav int campeaps libert favor par 
esportes	rt henridia caralh atac enfim zic acab foc libert acredit corinth 
esportes	rt ammartim agor tud ac libert amig 
esportes	clar clar concord tom surr piroc atle libert 
esportes	int final brasil brig g4 campea libert pod cobr adiant 
esportes	milton cruz tecn sao paul agor viv bat bol espn brasil pergunt 
politica	rt freirerobert naps entend netomadneto1 apes corrupassaps dilm impeachment sa3 exist vot majoritari congress 
politica	rt freirerobert naps sarolijr enquant esper lut aconteass vid oposiassaps desgovern luladilm diegoescosteguy 
politica	vou faz camiset esqueass dilm aacci vot pedr pur narcis aut campanh vou pro crim poli 
politica	rt letraslimit dilm anunc baix litr gasolin 550 ml 
politica	explic motiv gduvivi turm port fund defend dilm porqu receb dinh govern 
politica	rt gnatalin dilm fug fal brasil tem fug event r pret govern popul ac assim 
politica	rt assous marialcab dilm vet abr caix pret bnd vam exig abert cpidobnd 
politica	rt andreoertel cont reeleiassaps dilm pod ter irregular grav diz ministr stf httptcosnn1eyq6ln httptco5gqz6f 
politica	joaopedrolg cruzeironew mensala lig lul petrola lig dilm pt euric ata combin 
politica	ditad httptcouyb5zzjox5 via oantagon ditad senadorcai petrobr destru audi vade dilm 
politica	rt gnatalin facebook proteg dilmapt gent confirm real 
politica	rt gnatalin facebook censur cra dilm diab ac 
politica	rt mariosabinof sonh pt dilm alvor fum charut vend novel 200 milhau bols famal cuban receit 
politica	garrinchabrasil mirandas freirerobert fac censur oposi dilmalulapt dia liberdad imprens 
politica	ador rtzeroh grup protest di apart dilm rousseff port alegr httptcorn264qyjtk httptcoruiu7sfh6f 
politica	rt bolsonarosp dilm ouv voz rua sa presidaanc ont font glob onlin httptcolc1mwbx5mm 
politica	rt assous danischwery marquet dilm haddad ac investig polac feder httptco5w0zommll2 hom 6 pres 
politica	rt ecantanhed tud dilm naps precis cris ac 
politica	tip nasc princes dilm eou pt car reclam govern lug err 
politica	dilm obrig pov assist pronunc aecioneveszuer fabioporchat quer obrig pov assist film 
politica	econom dilmapt ac decepassaps telejorn sa3 mostr pov roend oss jn 
politica	band mor lul dev preocup consig naps dilm porqu prest ir cade ac foradilm 
politica	hoj fort pov ac cris culp ac dilm palhoass sc httpstcokymtl0xqzn 
politica	coroneldoblog fabioostermann conden veem protest cas yed conden cas dilm mor ac famal sagr 
politica	naps preass ver jorn nacion recorr youtub exib vide dilm pronunci nodilmadotrabalh 
religiao	voca algum religiaps acredit deu orgulh dulcemarianoraulgil 
religiao	tir cruz pescoass esqueass igrej religiaps mirandarul guizerarusl mirandarul httpstcoocamdhyymu 
religiao	precis guerr ha religiaps httptcoti3k2ngkj3 
religiao	doutrinaassaps marx escarni religiaps uff httptcohubqrraao exist profes exist milit 
religiao	naps cristaps ter med ir infern cristaps amo deu httpstcobkiptjj5jc 
religiao	paz nov programaassaps web radi cristaps evangel ar novidad oraassaps httpstco7t9xsanbdf 
religiao	8 ediassaps congress aviv hiphop cristaps brasil ser benassaps vam adquir httpstco2keqn4q9nf 
religiao	admiraassaps car gratidaps ser amigoirmaps ser human lind mei cristaps httpstco7p6n5nkg3p 
religiao	cans guerr vou ser cristaps est oslam temp httptco07edy30f8h 
religiao	cheg mai event cristaps marchaparajesu esper red gospel httpstco4g4ph3k4xh 
religiao	04 junh marchaparajesu rua mai event cristaps vc estaps convid venh particip httpstcoyyvg9zbbdz 
religiao	iv afilh salaps evangacl nov flor w anajuliabf httpstcogzsaiuv7fn 
religiao	nenhum obstacul ac grand demal confi deu music ministacri evangacl crist httpstcow08zeymvsh 
religiao	nov voz gospel brasil httptcouyvp6mgeu9 
religiao	traz arc palc gospellivebr top demal aqu gospel liv festiv httpstcongkmdbigmv 
religiao	viv agor red gospel tv band clipgospelofic assist dig httpstco0mpmotz4ht 
religiao	benassa aqu gospelliv desej tard vitor gospel liv festiv httpstcoaw8mrh51pr 
religiao	comeass segund dia aqu gospellivefestiv friend music today gospel liv festiv httpstcomazg5xj3u 
religiao	red gospel brev canal 21 cidad olamp renascerrev apostoloestev httpstcolaojx3slav 
religiao	unassa aqu gospelliv workshop juninhoafr gospel liv festiv httpstcorrtsch9ehq 
religiao	benassa workshop juninhoafr aqu gospelliv gospel liv festiv httpstcouuzfb1zz5v 
religiao	gospel liv juninhoafr juninhonakagaw jonathannakagaw aqu exposicaobenassa gospel httpstcoudtfkbor0 
religiao	jesu cultur lind deu ac maravilh gospellivefestiv vamosirradiaram gospel httpstcozg5gijzu3 
religiao	graass libert pcbaruk deont dia1 gospellivefestiv gospel liv festiv httpstcorhvzx2ohxv 
religiao	cia niss tempestad deont dia1 gospellivefestiv gospel liv festiv httpstcoryqdpqhq8k 
economia	otim tard empreend empreendedor capacitam capacit sao paul sapopemb httpstcoal0haqczj5 
economia	janel vej sobr vist empreendedorismocri empreendedor empreend httpstco7rlzgnspsb 
economia	partag franqu seminari empreendedor furg partag partageshoppingriogrand httpstcoxvlcihxz32 
economia	brasil empreend baian rodrig paolil pass presidenc confederaca httpstcosb9u2jdmkv 
economia	joaomarc sim total fas jec man tal consolidaca dev ser proib diz figu po braganca2013 
economia	paulogarciapt prest cont 2014 comprov superavit result gesta responsa 
economia	gasolin car est sp av sort 
economia	gasolin alcool sup barat vim abastec aqu agor rua 68 set centr httpstcon7gxc9jggw 
economia	gasolin aument quant carr rua aument tb nao dev ser contrari leisecarj radarcostav 
economia	jornalcult baix prec gasolin n subterfugi p eleica dilm 
economia	rt letraslimit dilm anunc baix litr gasolin 550 ml 
economia	hoj fiq energ temp vel salv eletropaul diss cheg httpstcowmojqk1dkp 
economia	obrig cerr arromb dar eletropaul empr merd roub td dia 
economia	orig g capit trad importaca exportaca ltd httpstcoym5l3flpcz 
economia	regr tributaca importaca brasil sei regr aplic 60 val nao 182819 
economia	venh faz projet importaca eou exportaca conosc red lion importaca amp httpstcoa8ybldxuzn 
economia	theplay atu importaca mater espor fitnes aprov marc rednos httpstcou9l2gndig5 
economia	sen psc fal gov dev ach man faz ajust fiscal atac segurodesempreg tal tax igrej 
economia	dilm ser obrig cort ministeri pmdb ha deu dic p aprov ajust fiscaljn 
economia	fal ajust fiscal quer aument salari juiz 76 
economia	radiobandnewsfm cham ajust fiscal 
economia	jornalcult govern pod faz ajust fiscal cort mai gast pov pag ajust 
economia	ver govern prop ajust fiscal gast propagand inutil replay 
economia	pmdb projet pod 2018 enta esforc aprov ajust fiscal dilm auxili pt em2018 paradox 
economia	entend ser ajust fiscal brasil ser prox despach will httpstco52jyc3hxry 
outros	proun disponibiliz vag tir boa not ni en httpstcomkkkn4mtur 
outros	ruim imagin vot dilm faz fie descobr nao verb 2015 
outros	rt lelexdutr profes curr esquerdopat nao vi prest solidariedad alun nao conseg fie protest 
outros	fie tendenc curitib httptcovdbi1t1cnk 
outros	hiancaroch govern acab fars sit fie admit nao dinh nov contrat 
outros	viez hist fie fic enrol estud his defeit sit quant sordid perd nov 
outros	dinh fie pt gast outr pais obr bem feit 
outros	govern nao dinh pro fie pro esta feitos eleico tod mund fal med vot aeci 
outros	govern feder diss nao dinh fiesm aument cust deput sen temqq gent 
outros	recurs fie 2015 esgot delic patr educ brasilza 
outros	fie encontras nest moment assunt moment 6 tendenc httptcomffvmqh2oj trndnl httptcoxyfgxf8cx3 
outros	alem nao ter dinh bols agor nao pod faz faculdad tant sonh porqu fie quebr 
outros	fie financi curs on lin sent acab dest dia vem jument univers falt 
outros	otim dia fic sal fie tom cha cade 
outros	faculdad lev ole govern feder relaca fie 
outros	aind bem prorrog fie vint dia tent sistem bloqueadosa um camb saf 
outros	hor voc bat profes voc sab filh put quer ver liber fie gal 
outros	coit pov fie moral descas govern 
outros	fie acab informaco fie 
outros	rt marcele2011 meccomunicaca ader fie 2014 fiqu tranquil sistem fic disponi 295 tod contrat 
outros	eeeeeeeeee aind nao consegu cadastr jeit nao vou consegu fie 
outros	dilm gab fie merd func val brasil av 
outros	tod mund notebook tent fie porr aind esperanc govern ajud 
outros	rt larimeireles02 fie nao ind car aind bem nao so 
outros	rt igeducaca termin hoj praz estud ped nov contrat fie httptcozqnqh5urqg 
