outros	595365682738429953	LEI SECA - Novos veículos e bafômetros reforçam operações do Detran em Rondônia: As operações Lei Seca e Ca... http://t.co/SapAV0OAvx	2015-05-04 23:13:34
outros	595172320890789888	Começando mais uma semana estágio (@ Ponto1 Veículos (Chevrolet) - @ponto1veiculos in Florianópolis, SC) https://t.co/MPx7gVJNKQ	2015-05-04 10:25:13
outros	594635951646834689	#amigos #confraternização #tigrao #chevrolet @ Tigrão Comércio de Veículos https://t.co/MplpXSjvzr	2015-05-02 22:53:53
outros	594161203041181697	Auxiliar de partido, usb, bateria externa, chupeta sem carro http://t.co/m5y88GtL6y http://t.co/JGrmYWA9Bq	2015-05-01 15:27:24
outros	593833684412801024	Aqui é assim, tudo burocrático! (@ Centro de Registro de Veículos Automotores (Zona Norte) in Porto Alegre, RS) https://t.co/caXsIJxZUU	2015-04-30 17:45:57
outros	592992158661095424	RT @transitoagoraSP: Rodízio em operação para veículos com placa final 3 e 4, das 07:00 até 10:00. #TransitoSP	2015-04-28 10:02:02
outros	592706935817949186	RT @biadempeo: todos veículos de imprensa divulgando a petição AMO http://t.co/p2tir3rR5e	2015-04-27 15:08:40
outros	592684379731820547	RT @biadempeo: todos veículos de imprensa divulgando a petição AMO http://t.co/p2tir3rR5e	2015-04-27 13:39:02
outros	592680070692626432	No setor de veículos, os dados da FEE apontam o aumento de US$ 42,3 milhões nas exportações de automóveis, caminhonetas e utilitários.	2015-04-27 13:21:54
outros	592675909460721664	todos veículos de imprensa divulgando a petição AMO http://t.co/p2tir3rR5e	2015-04-27 13:05:22
outros	595433644191252480	Chegando agora do Evento da Federação Paulista de Futebol. Antes, estava no grande evento realizado pela Under Armour. Vendas são ótimas.	2015-05-05 03:43:38
outros	595318478850101250	Começou as vendas!! Garanta já o seu ingresso comigo!! LOTE PROMOCIONAL 04 à 09/05   Whats: https://t.co/lnOMb9bcWR	2015-05-04 20:06:00
outros	595318052482359296	Dia 15/05 no Auditório Ibirapuera! Projeto lindo cheio de gente especial! Vendas começam na quinta e https://t.co/YPeVmyQRPN	2015-05-04 20:04:18
outros	595250650142908416	Vai ficar parado? Vai colocar a culpa na política? Quer aumentar as vendas agora? A hora é esta! Sem https://t.co/gJGd3NJB3R	2015-05-04 15:36:28
outros	595231032779022336	Executivo de Vendas e Desenvolvimento de Negocios - GS&amp;MD-Gouvêa de Souza Consultoria Empresarial -  Sã... http://t.co/PBIJLuxakx #vagas	2015-05-04 14:18:31
outros	595230757943140352	Até parece que não precisam de vendas pra receber salário.	2015-05-04 14:17:26
outros	595218056013578240	Convenção de Vendas 2015 da FTD Educação ! Recepção maravilhosa do Paradise Golf &amp; Lake Resort ! Este https://t.co/b9bowZtaPn	2015-05-04 13:26:57
outros	594383516768534528	RT @andersonpant92: Maio tá chegando, ansiedade tá aumentando e as vendas tão a mil, vem que vem pra putaria  #Osdonos	2015-05-02 06:10:48
outros	594382050490249216	AVISO  Estamos em fase de reformas, para melhor atendê-los, Vendas online ou pelo contatos  051 https://t.co/82Q1CdC6uG	2015-05-02 06:04:58
outros	594257081210904577	#Empreendedorismo #Motivação #Vendas #AltaPerformance #Business #Oportunidades #Empreendedor https://t.co/NEBBMuPPzZ	2015-05-01 21:48:23
outros	593915465661054976	Alô minha galera  hoje tem garota VIP fortaleza (esgotado ) e ponta pé inicial das vendas bloco https://t.co/L4Vzs86qZk	2015-04-30 23:10:56
outros	593912584966971392	As vendas abriram ontem de tarde,já ta no terceiro lote. Vai se fuderrrrr!	2015-04-30 22:59:29
outros	593900109684957184	Técnicas e Praticas de Vendas. (@ Instituto de Pós-Graduação (IPOG) - @ipog in Goiânia, GO) https://t.co/POpPfjLLuk	2015-04-30 22:09:54
outros	593846268222382080	@VitoriaC_sccp só olhar o número de vendas de camisa nos últimos anos.. Não fala besteira..	2015-04-30 18:35:58
outros	593829059865550848	Promoção Rádio Cidade! Realização Mallupy e 7 Tons! Vendas em http://t.co/ylVe4nceBp e Lojas Multisom @ Rádio https://t.co/KQQlXmsXcX	2015-04-30 17:27:35
outros	593792860425707520	Concorra a 5 mil ímãs de geladeira para BOMBAR as suas vendas! SORTEIO 15/05/15 AUMENTE AS SUAS https://t.co/wEoLCgafE1	2015-04-30 15:03:44
outros	593791599815094273	Hoje começa a venda do PG da Summer Tour, cadê vocês atualizando sobre as vendas? É mais importante isso do que os chatos	2015-04-30 14:58:44
outros	593546361561288704	Galera dia 2 de maio muda o lote então corra e garanta já seu ingresso com desconto! Vendas https://t.co/wlvidK24lG	2015-04-29 22:44:14
outros	593509837666783233	Executados na Indonésia recusaram vendas e cantaram antes de morte #G1 http://t.co/Kl6J6Rl4UT Quantos ele já ajudou a vicia.	2015-04-29 20:19:06
outros	593504745316225025	Gerente de Vendas - Marcopolis -  São Paulo, SP http://t.co/clAfC3gjfo #vagas	2015-04-29 19:58:52
outros	593486467479052289	O Diretor da Mamut Strong está no Rio Grande do Sul para fechar parceira de vendas. Você que deseja https://t.co/nwavYM5Y4n	2015-04-29 18:46:14
outros	593050330914529280	Aproveite as incríveis atrações de Las Vegas!!! Em até 10x sem juros!! Informações e vendas: https://t.co/fSenqvtOFO	2015-04-28 13:53:11
outros	592896809149804546	Produtores de flores estão otimistas com as vendas do Dia das Mães #G1 http://t.co/0c9cKLEcNV bom para dia das mãe.	2015-04-28 03:43:09
outros	592889587023872000	Sábado tem festa #Farra aqui na Vic! Garanta seu combo antecipado! Pontos de vendas: Victoria Haus https://t.co/w9YspbplUL	2015-04-28 03:14:27
outros	592807699403931648	CAP: Técnicas e Práticas de Vendas. (@ Instituto de Pós-Graduação (IPOG) - @ipog in Goiânia, GO) https://t.co/cbqsX4C8Px	2015-04-27 21:49:04
outros	595025415951032320	Qual é a doença dessas gurias que comentam " CASA COMIGO" nas fotos dos homens	2015-05-04 00:41:28
outros	595022591963897856	Amizade é assim como casamento, na saúde e na doença, na alegria e na tristeza e até que a morte nos https://t.co/iMK3zmlRWa	2015-05-04 00:30:15
outros	594943019771650049	Hoje eu fiz essa jovem. Ela tem alopecia uma doença rara. E muito bom ver os fios sendo implantado, https://t.co/rnJBln7pcf	2015-05-03 19:14:04
outros	594686804265144320	quando alguém tem uma doença terminal as pessoas próximas buscam conviver mais. não sei se é bom.	2015-05-03 02:15:57
outros	595335499579023360	Reunião GT Odonto - Promovendo saúde bucal na infância #odontologia #odonto #UFRGS #PET @ Faculdade https://t.co/LH26RgloQd	2015-05-04 21:13:38
outros	595334378592575489	REUNIÃO DO CA  (@ CASCO UnB/FCE  (Centro Acadêmico de Saúde Coletiva)) https://t.co/mD2O8lLCD1	2015-05-04 21:09:11
outros	595332525360283649	Sacanagem é tu ter plano de saúde e mesmo assim demorar um mês a sua consulta, que raiva	2015-05-04 21:01:49
outros	595314757776842752	 (@ Academia Espaço e Saúde in Campo Novo, RS) https://t.co/bgvFQHjhrW	2015-05-04 19:51:13
outros	595306085759746048	 (@ Estação Saúde - @estacaosauderj in Nova Iguaçu, RJ) https://t.co/L7rWvPRtBc	2015-05-04 19:16:45
outros	595283686838431745	Mais de 3 horas pra ser atendido vergonha essa saude publica (@ Posto De Saúde Jardim Brasil) https://t.co/XR5LAVWJsZ	2015-05-04 17:47:45
outros	595277519613534208	 (@ Posto de Saúde) https://t.co/BGkl6Oiyoi	2015-05-04 17:23:15
outros	595276825485512705	já posso ir embora? (@ Ministério da Saúde (MS) - @minsaude in Brasília, DF) https://t.co/B5WRvOTR4k	2015-05-04 17:20:29
outros	595259979545899008	Futuras universitárias  #saúde #enfermagem #eucurto #minhamelhor @ Escola José De Quadros https://t.co/2ICQjva2IC	2015-05-04 16:13:33
outros	595254469409042433	 (@ Unidade De Saude 24 - Imbe) https://t.co/sY41O3wzfK	2015-05-04 15:51:39
outros	595392708455325696	"@Estadao: DENGUE: Chioro admite epidemia, mas nega mudança de estratégia; SP tem recorde http://t.co/PttAi9Y4WQ", lamentavel!!!!	2015-05-05 01:00:58
outros	595388006556663808	Noticiário..  Dengue tomando conta...gente vamos fazer nossa parte, evitar água parada, etc....	2015-05-05 00:42:17
outros	595379151265226753	"@Estadao: DENGUE: Anvisa deve decidir sobre vacina até o fim do mês http://t.co/0KYv4OxOf6"	2015-05-05 00:07:05
outros	595367649208565760	Esses novos números da #dengue no #brasil e o mega aumento de casos em #sp, são provas do descaso do governo e a falta de educação do povo.	2015-05-04 23:21:23
outros	595331131320508416	Dengue  repouso, repouso, remédio e soro. @ Guigo's House https://t.co/aWFCNay5c9	2015-05-04 20:56:17
outros	595304934649769984	Dengue FDP (@ Hospital Alvorada) https://t.co/45kDOr2jNW	2015-05-04 19:12:11
outros	595202818346262528	RT @gnatalini: Dengue bate todos os recordes. Nós ajude nesse combate. Tel 33964405 ou email natalini@natalini.com.br http://t.co/J4c1lxtdlz	2015-05-04 12:26:24
outros	595199549628514305	RT @gnatalini: Dengue bate todos os recordes. Nós ajude nesse combate. Tel 33964405 ou email natalini@natalini.com.br http://t.co/J4c1lxtdlz	2015-05-04 12:13:25
outros	594573877386342400	RT @gnatalini: Nosso Comitê da Dengue já distribuiu 400000 folheto, conversando com as pessoas. Conscientização.Prestação de serviço http:/	2015-05-02 18:47:13
outros	594573199100239873	85% dos criadouros da Dengue estão dentro dos domicílios. Portanto, mãos à obra: http://t.co/FOm8vZj5re	2015-05-02 18:44:31
outros	594572798267420672	RT @gnatalini: Nosso Comitê da Dengue já distribuiu 400000 folheto, conversando com as pessoas. Conscientização.Prestação de serviço http:/	2015-05-02 18:42:56
outros	594571764308541440	RT @gnatalini: Nosso Comitê Civil Contra Dengue está prestando grande serviço no combate à doença. Vamos nessa! http://t.co/UHbXj6VBEa	2015-05-02 18:38:49
outros	594571634327068672	Nosso Comitê Civil Contra Dengue está prestando grande serviço no combate à doença. Vamos nessa! http://t.co/UHbXj6VBEa	2015-05-02 18:38:18
outros	594450896920150016	No hospital com minha mae, acho q ela ta com dengue afs mosquito maldito fdp	2015-05-02 10:38:32
outros	594267314176004097	@GordoGeek exato. As pesquisas mostram que a dengue hemorrágica acontece depois da 1 infecção. Ou seja, a 1 dengue não mata. A 2 pode	2015-05-01 22:29:03
outros	594266033445326848	@GordoGeek nao é assim. A teoria diz que: a 2 dengue vira a grave. Se vacinar uma a 1 pode ser a grave	2015-05-01 22:23:57
outros	594253817039986688	@GordoGeek pq a vacina deve imunizar os 4 tipos, ou pode aumentar os casos de FHD.  http://t.co/ztWtBO3uV0	2015-05-01 21:35:25
outros	594249803267219456	@intimidarei do nada me deu essa dor :(  tá foda, doi bem as juntas.. Tô com medo de tá com dengue	2015-05-01 21:19:28
outros	594191383440846848	Credo gente pq todo mundo ta pegando dengue sai pra lá	2015-05-01 17:27:20
outros	594131113603407873	Cuidado gente! Além da dengue e chikungunya, a zika está solta...	2015-05-01 13:27:50
outros	593965091869093888	Foda foi eu no medico e a enfermeira" queria pegar dengue, ninguém merece trabalhar em véspera de feriado"	2015-05-01 02:28:07
outros	593961741127680000	O mosquito da dengue ja mato tanta gente que daqui a pouco vai ser entrevistado pelo gugu .	2015-05-01 02:14:49
outros	593845737013805056	São Paulo ta cheio de dengue e ngm fazê bosta nenhuma	2015-04-30 18:33:51
outros	593871842772971520	Culpa da globalização, estão entrando em extinção	2015-04-30 20:17:35
outros	593595887106052096	2019-O ano da extinção Aparentemente é um filme interessante, mesmo que tenha vampiros,	2015-04-30 02:01:02
outros	592844439820869632	Astronomía http://t.co/Z09oCJaFP6	2015-04-28 00:15:03
outros	595429731799007232	RT @JuuPinzon: Essa gripe me mata, 40° de febre não é fácil de aguentar 	2015-05-05 03:28:05
outros	595428210185281536	Essa gripe me mata, 40° de febre não é fácil de aguentar 	2015-05-05 03:22:02
outros	595407006607003648	O primeiro comprimido pra gripe nao fez efeito, então pode me servir mais duas doses.	2015-05-05 01:57:47
outros	595380340920819712	Acho que a gripe ta chegando  (@ Alves House) https://t.co/ezuEPvrpgf	2015-05-05 00:11:49
outros	595354582265503744	Finalmente você sara da gripe e a garganta inflama, depois de levar dois banhos de chuva. Massa!	2015-05-04 22:29:28
outros	595352231890804737	Essa gripe chatinha que vai e volta	2015-05-04 22:20:07
outros	592758746427871233	Fiz a vacina da gripe, e tiveram q segurar na minha mão	2015-04-27 18:34:32
outros	594911708629606400	Não há mais limites para a tecnologia http://t.co/YJIsYOUOVj	2015-05-03 17:09:38
outros	593995150361239552	O que estas imagens estavam fazendo na FT da UNB??? @ Faculade de Tecnologia - UNB https://t.co/NLStguGLki	2015-05-01 04:27:34
outros	593889333129674752	 @ Centro de Tecnologia - UFRJ https://t.co/CcyRmxB314	2015-04-30 21:27:05
outros	595413711537491969	ESSA FOTO PAROU  O MUNDO A INTERNET O TWITTER  A VIDA A TERRA O UNIVERSO A PÁTRIA AMADA IDOLATRADA SALVE SALVE http://t.co/ktn981MMg0	2015-05-05 02:24:25
outros	595409222034190337	Meu wifi ta muito bosta!!!! N tem nada q me irrite mais do que internet lenta. Pqp	2015-05-05 02:06:35
outros	595408600836747266	Fico tão de cara como consigo ser social na internet e tão anti pessoalmente	2015-05-05 02:04:07
outros	595396024774041600	RT @Fenelaomatheus: hj em dia vc não pode opinar nada na internet exemplo vc fala mal de cebola já vem os defensores da cebola encher o seu	2015-05-05 01:14:08
outros	595377437510410240	To sem wifi, sem crédito mas aconteceu um milagre e eu tô com internet de graça	2015-05-05 00:00:17
outros	593518757688922112	RT @SGdadepressao: Pesquisas realizadas pela SGDD revelam que descartar a bandeja no local próprio, na pça de alimentação do shop, não faz 	2015-04-29 20:54:33
outros	593518558644056064	RT @SGdadepressao: Pesquisas realizadas pela SGDD revelam que descartar a bandeja no local próprio, na pça de alimentação do shop, não faz 	2015-04-29 20:53:46
outros	593518055746998272	Pesquisas realizadas pela SGDD revelam que descartar a bandeja no local próprio, na pça de alimentação do shop, não faz a mão cair.	2015-04-29 20:51:46
outros	593123286575390720	RT @Arquitrouxa: Pesquisas apontam que se vc se apaixonar, vc tem 100% de se fuder.	2015-04-28 18:43:05
outros	592802292220489730	LOOK OFICIAL DA FANÁTICA POR PESQUISAS/BIPOLAR/HIPPIE #movers http://t.co/DGApbZ70Ci	2015-04-27 21:27:34
outros	592739186773520384	Pesquisas apontam que as mulheres desapegam bem mais rápido que os homens 	2015-04-27 17:16:49
outros	592689915957248001	Rumo ao Centro de Pesquisas da GE com a @marthagabriel para o bate-papo O FUTURO DO TRABALHO do https://t.co/AmF8isO9zn	2015-04-27 14:01:02
outros	592673900317822977	De acordo com pesquisas, apenas 5% das residências no Brasil possui seguro. Pensando no conforto da https://t.co/lpua0u2ru9	2015-04-27 12:57:23
outros	592669176424181760	Vamos conversar sobre pesquisas em Ciências aplicadas à educação?! Prof. Roberto Lent na II Reunião https://t.co/DLi9brzufF	2015-04-27 12:38:37
outros  595255436401598464	Abriu o concurso para provimento de cartórios aqui no RS. Valor da inscrição: R$ 450,00. Defina razoabilidade/confisco.	2015-05-04 15:55:30
economia    593887415422582784  #Brasil #SaoPaulo #Stockmarket #Campinas #ValutaInvest #Investimentos #fechamento #ibovespa +1,63% - https://t.co/G3mXlYliDZ    2015-04-30 21:19:28
economia    593512741165404160  #Brasil #SaoPaulo #Stockmarket #Campinas #ValutaInvest #Investimentos #fechamento #ibovespa -0,87% - https://t.co/cbU7MXaz4K    2015-04-29 20:30:39
economia    593410986935189505  #Brasil #SaoPaulo #Stockmarket #Campinas #ValutaInvest #Investimentos #fechamento #ibovespa +0,50% - https://t.co/AcLZuHxuTe    2015-04-29 13:46:18
economia    592791635831959552  #Brasil #SaoPaulo #Stockmarket #Campinas #ValutaInvest #Investimentos #fechamento #ibovespa -1,87% - https://t.co/HTTBK0RJfg    2015-04-27 20:45:14
economia    592470741335019520  Uai gente, o dólar caiu? JN não noticiou. Ibovespa fechando com maior alta desde dez/2014? JN não noticiou.   Essa mídia    2015-04-26 23:30:06
economia    595061905875718145  Viver um ciclo de vida imposto pelo mundo? Nascer, comprar, crescer, comprar, reproduzir, comprar, morrer? Que vida rasa, cara! 2015-05-04 03:06:28
economia    594176595880976384  Parabéns pra vc trabalhador q pagou MAIS IMPOSTO DE RENDA, pois o governo/PT/Dilma não atualizou a tabela do IR apesar da inflação. 2015-05-01 16:28:34
economia    593939063918432256  Um tinto robusto para "comemorar" a declaração do imposto de renda, agradecendo ao Leão por abocanhar https://t.co/Mi9cRj9Qtj   2015-05-01 00:44:42
economia    593923590967418881  "@RdGaucha: Imposto sobre bebidas sobe 10% a partir de maio. Saiba mais em http://t.co/1MolnNwobx http://t.co/XV0w9zjT7M"   2015-04-30 23:43:13
economia    593907015489081344  Hoje fiz a destinação do meu Imposto de Renda Devido para Fundo Estadual dos Direitos da Criança e do https://t.co/QDpNuygQQq   2015-04-30 22:37:21
economia    593850889644957696  Imposto de renda. Agua. Luz. Gás. Beeeeeei to ficando veio sepa 2015-04-30 18:54:19
economia    593846106565513216  Minha mãe deixou pra declarar o imposto de renda NO ÚLTIMO DIA!!! Tá de parabéns, mtas palmas   2015-04-30 18:35:19
economia    593808052333195264  Declaração do imposto de renda transmitida com sucesso  2015-04-30 16:04:06
economia    593790566887981056  DECLARAÇÃO IMPOSTO RENDA PESOU ESTE ANO KKKK #MOTOHOMEGARAGE #LOADRIDER #SCANIA112 #FULL https://t.co/iF8yUreROD    2015-04-30 14:54:37
economia    593744816023937024  Último dia para entrega do Imposto de Renda Pessoa Física 2015! Ainda dá tempo. (@ CF Contábil - @cfcontabil) https://t.co/jWWv5KiEBW   2015-04-30 11:52:50
economia    593742828112629760  Grande @TulioMilman. DIREITO DE PERGUNTAR: Blasfemar contra o governo na hora de declarar o imposto de renda é pecado???  Sensacional!  2015-04-30 11:44:56
economia    593727267861372928  RT @Nelsonfsilva1: @GeraldodeMorais O combustível de um governo corrupto é o imposto pago pelo contribuinte.    2015-04-30 10:43:06
economia    593726802557796353  RT @abc900: #AOVIVO Estamos recebendo o delegado Luis F. Lorenzo da Receita Federal. Ele esclarece duvidas sobre Imposto de Renda http://t. 2015-04-30 10:41:15
economia    593725626256859137  Eu tô bem confuso com esse imposto de renda 2015-04-30 10:36:34
economia    593725588113891328  #AOVIVO Estamos recebendo o delegado Luis F. Lorenzo da Receita Federal. Ele esclarece duvidas sobre Imposto de Renda http://t.co/IpwBFQmHfS    2015-04-30 10:36:25
economia    593725384073596928  Prazo de entrega do Imposto de Renda termina nesta quinta-feira http://t.co/Gn0BlMoC72  2015-04-30 10:35:37
economia    593662524819644417  @GeraldodeMorais O combustível de um governo corrupto é o imposto pago pelo contribuinte.   2015-04-30 06:25:50
economia    593611610301825024  Eu defendo uma tese que é a seguinte.  Tudo o q é imposto vai contra a democracia, baseado nisso concluo que o Imposto de renda é ilegal!   2015-04-30 03:03:31
economia    593595045456019457  @denisfpalmeida Fim da cerimônia, encaro os PE: "enquanto tu ta vendo novela eu to ralando pra gerar imposto que paga teu salário de merda".    2015-04-30 01:57:41
economia    593558569338990592  Eita Imposto de Renda! Por que vc existe??? Que tipo de benefício vc trás pra nós? #leão #IR #receitafederal #nãoaguentoisso    2015-04-29 23:32:45
economia    593525963670982656  Imposto de renda finalizando... Ahhh como brasileiro deixa tudo pra ultima hora... (@ Nanfehouse) https://t.co/4HrMjDzENg   2015-04-29 21:23:11
economia    593495848882929664  Ah, mas os deputados, o pessoal superior, eles não tem dinheiro para manter estrutura nas cadeias, pq a gente paga pouco imposto... 2015-04-29 19:23:31
economia    593457285831270400  Como gostam de aumentar imposto. Depois não pode falar no 1 de maio. A culpa não é da incompetência e economia devastada,é dos protestos(?!)    2015-04-29 16:50:17
economia    593455828209926145  Martaxa saiu pois pensa q pode ganhar a eleição. Não pode. O povo não esquece quem lhe enfiou 1 nabo, digo aumentou imposto. Radad idem viu.    2015-04-29 16:44:29
economia    593454166728699904  No Brasil o único serviço publico de 1 mundo é a declaração de IR. Pra controlar e cobrar imposto extorsivo do povo, o Estado funciona. 2015-04-29 16:37:53
economia    593432137891721217  @CesarTralli ,parece q nao adianta economizar,qd a vida comeca melhorar...a gnt pg p receita.Se ja pg imposto p tudo,pq pg + Tralli?Nao da! 2015-04-29 15:10:21
economia    593169711489228800  Presidente @DiogoChamun em instantes na TV Bandeirantes. Fala sobre Imposto de Renda. No canal 10 de Porto Alegre. http://t.co/EoRQipyVUt   2015-04-28 21:47:34
economia    593136056565891073  @valor_economico @jornaldacbn É, e mais uma vez com o aumento da carga tributária,  vejam pra Qto foi o ICMS!  Imposto?! Fora Dilma  Fora PT    2015-04-28 19:33:50
economia    593070437275410432  A vida ta uma bosta quando vc se da conta que vc tem que pagar 20% do que vc ganha em imposto de renda e farmácia   2015-04-28 15:13:05
economia    592889186874691584  #NeymarNoCQC com a Dilma Rousseff e seu imposto n da para comprar essa camisa né Dilma Rousseff 2015-04-28 03:12:52
economia    592798752785756160  @celsorussomanno Pessoal de Goiânia paga imposto mas quando vai no posto, UPA, UBS fica sem atendimento médico  2015-04-27 21:13:30
economia    592789012068315136  Eu não sei o que eu odeio mais em relação ao imposto de renda: se é o assalto ou se é a burocracia. 2015-04-27 20:34:48
economia    592777185758437377  adorando esse chá de cadeira que eu to levando fazendo declaração de imposto de renda que não é meu 2015-04-27 19:47:49
economia    592757329197715458  Ainda bem que meu imposto de renda é o simplificado. Mas, mesmo assim, não justifica a minha procrastinação 2015-04-27 18:28:54
economia    592741639963189249  Pra eu realmente me sentir brasileira eu deixei pra última semana a declaração do imposto de renda. 2015-04-27 17:26:34
economia    592713477631942658  Acordei com uma enxaqueca do cão e com mensagem do contador sobre o imposto de renda, agora to com enxaqueca e dor de cabeça.   2015-04-27 15:34:39
economia    592674130949967872  RT @marcelo_gambe: @brunischultz inflação, ou melhor estamos sendo saqueados por dependermos de transportes públicos... E o imposto de rend 2015-04-27 12:58:18
economia    592674055532216320  @brunischultz inflação, ou melhor estamos sendo saqueados por dependermos de transportes públicos... E o imposto de renda em 27,5 % 2015-04-27 12:58:00
economia    592502325861822464  "@jose_simao: Imposto de Renda! Declaração 2015! http://t.co/J3WGvyNYlm" Pronto,  declarei tbm. 2015-04-27 01:35:37
economia    592359441401520128  Preciso declarar imposto de renda . 2015-04-26 16:07:50
economia    592351701102960640  Acordei bem cedo, peguei o note e fiz a minha declaração de Imposto de Renda. Mas deve ter erro: restituição.... Rs... Você já fez a sua?   2015-04-26 15:37:05
economia    592324875961954304  @zeigeister eu n quero MESMO sustentar um padrao imposto pra achar que eu valho o suficiente pra ficar com alguem com o mesmo fucking padrao    2015-04-26 13:50:29
economia    592181008243503104  Eu tô aqui pagando imposto. E a #GloboGolpista50 vai pagar o dela?  2015-04-26 04:18:49
economia    592180048389627904  @Mauhoro e eu cuidando do imposto de renda http://t.co/t1yl7ACzwb   2015-04-26 04:15:00
economia    592158894157365248  Quando eu estou aqui#RobertoCarlos fora do especial? Vish custou bilhões de dinheiros. Mas é imposto que a #Globo50Anos sonega. Né? 2015-04-26 02:50:56
economia    592139478690570240  @fimdepapo Ia pegar ali o extrato de rendas anual para enviar à contadora (de histórias), imposto de reNas e coisa e tal. To bRokiado ali.  2015-04-26 01:33:47
economia    592132690691944449  #GloboGolpista50 Imposto A Globo Sonegar https://t.co/3Nl04hzQFm    2015-04-26 01:06:49
economia    593411316724924417  "Se você acha caro investir em educação, experimente o custo da ignorância." Derek Bok, Reitor de https://t.co/IpHbua6Koa   2015-04-29 13:47:37
economia    593346891070451712  E o caos perdura no #metro e é na Venezuela que o BNDS vai investir em metro? #sufocometro #linhavermelha #MetroSP  2015-04-29 09:31:37
economia    593239306124263424  Brookfield negocia investir R$3,3 bi no Brasil, dizem fontes http://t.co/UsqzouPmQw 2015-04-29 02:24:07
economia    593200773426716672  RT @claudiolamachia: Faltam recursos para investir em saúde,segurança e educação, mas sobram recursos para triplicar receita dos partidos p 2015-04-28 23:51:00
economia    592710265394831361  Prefeito de Jaraguá do Sul, Dieter Janssen, reconhece que é mais barato e eficiente investir em https://t.co/CYeoCTRGd2 2015-04-27 15:21:53
economia    592547007115452416  RT @claudiolamachia: Faltam recursos para investir em saúde,segurança e educação, mas sobram recursos para triplicar receita dos partidos p 2015-04-27 04:33:10
economia    595066333030649856  querem aumentar minha carga horária mas não querem aumentar meu salário, depois que um funcionário se demite ele que é vagabundo    2015-05-04 03:24:04
economia    594931041300783104  Crise, economia @dila7803: Ai gente, Shonda matou p não pagar o salário!  https://t.co/8RnID7oDDa   2015-05-03 18:26:28
economia    594301461057687553  #ComDILMAaPANELAéCHEIA   Mas com a Terceirização: 25% menor do que a do trabalhador contratado. Sem direito a 13°salário  Férias e FGTS.    2015-05-02 00:44:44
economia    595032169917116417  RT @ladradpinga: Os professores tão de greve ainda galera?  2015-05-04 01:08:19
economia    594984945732444161  Acabou a greve cara,  lamentável    2015-05-03 22:00:40
economia    594980619257573377  RT @zeilabheck: Quando nossos árbitros tiverem a formação em faculdades que só têm greve vai ser sempre esta vergonha.  2015-05-03 21:43:28
economia    594980301866201089  Quando nossos árbitros tiverem a formação em faculdades que só têm greve vai ser sempre esta vergonha.  2015-05-03 21:42:12
economia    594966613448892416  Tao falando que amanha vai ter greve denovo em alphaville   2015-05-03 20:47:49
economia    593485218041987074  Servidores público #jauenses saindo as ruas por melhores salários.  #GREVE  #Crise @ rua Major Prado https://t.co/1Sgh7zWfd9    2015-04-29 18:41:17
economia    593485092120621059  #professores guerreiros do Paraná merecem todo nosso respeito!!!!! #greve   2015-04-29 18:40:47
economia    593472609423077376  #Greve #educacao #amigos #professores #eutonaluta #mestres #nossabase  #vamosguerreiros #eutonagreve https://t.co/3IkXSuYNQF    2015-04-29 17:51:10
economia    593445782847672321  Greve!!!! (@ Tribunal de Justiça do Estado de Santa Catarina - @tjscnoticias) https://t.co/0G1Om88PXS http://t.co/93bYqptkbO    2015-04-29 16:04:34
economia    594904825558609920  RT @VagasPublicidad: Assistente de Planejamento - Agência vm2 -  Barueri, SP http://t.co/GdaZqER0ps #vagas  2015-05-03 16:42:17
economia    594904818482860032  RT @VagasPublicidad: Atendimento Publicitário - Agência vm2 -  Barueri, SP http://t.co/AwTPFVQPjN #vagas    2015-05-03 16:42:16
economia    594772407665041409  Analista de Links Patrocinados - Agência vm2 -  Barueri, SP http://t.co/QnVmxOwGK3 #vagas   2015-05-03 07:56:06
economia    594772406775910400  Atendimento Publicitário - Agência vm2 -  Barueri, SP http://t.co/AwTPFVQPjN #vagas 2015-05-03 07:56:06
economia    594772405920374785  Assistente de Planejamento - Agência vm2 -  Barueri, SP http://t.co/GdaZqER0ps #vagas   2015-05-03 07:56:06
economia    594747530878930945  Redator Publicitário Sênior com foco em Conteúdo para Social Media - Agência vm2 -  Barueri, SP http://t.co/MnQzbdu5Vt #vagas   2015-05-03 06:17:15
economia    594747528211402752  Mídia Off - Agência vm2 -  Barueri, SP http://t.co/0C3Tid70LL #vagas    2015-05-03 06:17:15
economia    594690161172086785  Senior Administrative Assistant - Ciena -  São Paulo, SP http://t.co/C1ApomofcX #vagas  2015-05-03 02:29:17
economia    594591337304891392  Arte Finalista (Design Gráfico) - MASTER PRINT IMPRESSOS S/A -  Curitiba, PR http://t.co/cWSJlux4ZA 2015-05-02 19:56:36
economia    594563798415122432  RT @allanlac: arruma um emprego pra mim alguem em nome de jesus 2015-05-02 18:07:10
economia    594561478520401920  RT @allanlac: arruma um emprego pra mim alguem em nome de jesus 2015-05-02 17:57:57
economia    594336747820953600  Gerente de Atendimento - Citi -  São Paulo, SP http://t.co/Mbbv18OpJr #vagas    2015-05-02 03:04:57
economia    594080470003908608  Diretor(a) de Arte Pleno - ISSU Comunicação -  São Paulo, SP http://t.co/FqfZ1p1N75 2015-05-01 10:06:36
economia    594080468955344896  Diretor(a) de Arte Pleno/Sênior - Trama Comunicação -  São Paulo, SP http://t.co/sIOkPY1IEV 2015-05-01 10:06:35
economia    594025392316424192  Espec I Marketing - HSBC -  São Paulo, SP http://t.co/i9Nabgm0tv #vagas 2015-05-01 06:27:44
economia    593974455031869440  Assistente de Marketing (Prazo Determinado 8 meses) - São Paulo - Janssen - Johnson &amp; Johnson -  São Paulo, SP http://t.co/do3PbjM8UV #vagas    2015-05-01 03:05:20
economia    593892708520894465  Estágio em Design Gráfico -  São Paulo, SP http://t.co/VT02T8Mvmu   2015-04-30 21:40:30
economia    593892707342241793  Produtor Gráfico - Formatoib -  Campinas, SP http://t.co/LI5LwMWEts 2015-04-30 21:40:30
economia    593892447844896768  Gerente de Marca Inovação - Diageo -  São Paulo, SP http://t.co/o03palU3zh #vagas   2015-04-30 21:39:28
economia    593877376121069568  Cheguei agora ha pouco do centro, colei no ciee e no futura, consegui 2 encaminhamentos d emprego, to so pelas entrevistas agora    2015-04-30 20:39:34
economia    593871600761458688  Assistente de Desenvolvimento de Propagandas - Loby Ecommerce -  São Paulo, SP http://t.co/gJzRXyXlWj #vagas    2015-04-30 20:16:37
economia    593461613526708224  Boa tarde! @ G3 negocios https://t.co/cic3SBVtAC    2015-04-29 17:07:29
economia    593401387628830720  Pretinho Básico !!! @ Mafra Gestão de Negócios e Consultoria https://t.co/vzUyjRQ0hU    2015-04-29 13:08:10
economia    593219123426906112  ECONOMIA E NEGÓCIOS - Fenatran ocorrerá de 9 a 13 de novembro, em São Paulo: Maior evento de transporte rodovi... http://t.co/hT5UInbvkc    2015-04-29 01:03:55
economia    593114444982579200  O velho almoço de negócios !!! @ Lig China Delivery https://t.co/jWZkwVya18 2015-04-28 18:07:57
economia    593098762576355328  RT @choiyounjae: ABENÇOADO SEJE RT @.JornalOGlobo: Dólar atinge mínima de R$ 2,88. http://t.co/Fku6XZTWot http://t.co/M26Y0EH3BL    2015-04-28 17:05:38
economia    593098628903862272  ABENÇOADO SEJE RT @.JornalOGlobo: Dólar atinge mínima de R$ 2,88. http://t.co/Fku6XZTWot http://t.co/M26Y0EH3BL 2015-04-28 17:05:07
economia    593067785695145985   #henriqueejuliano @ Fenac Centro de Eventos e Negócios https://t.co/al7LZKEkbl 2015-04-28 15:02:33
economia    593065431574913024  Rodada de Negócios. @ Festa Da Uva De Vinhedo https://t.co/pFRmlJy3fZ   2015-04-28 14:53:12
economia    593054147966033920  Rodada de Negócios da CIESP. (@ Vinhedo - @prefvinhedo in Vinhedo, SP) https://t.co/FOj2KbiTdx  2015-04-28 14:08:21
esporte 595029938648023041  A maior torcida de SC para o maior clube de SC - Joinville Esporte Clube http://t.co/dojKgZZTMv 2015-05-04 00:59:27
esporte 595026788075630593  Amanhã e um dia histórico p o esporte brasileiro. A Under Armour entra no Brasil. E e através do SPFC. Em 12.03.14, recebia Kevin Plank.    2015-05-04 00:46:55
esporte 595024825715920896   @ Arena Joinville Esporte Clube https://t.co/T0KtVlytZZ    2015-05-04 00:39:08
esporte 595019910088105984  Final do Gauchao. Principal produto de esporte da empresa. E Bate Bola é de showroom de edifício em Canoas. Ridículo! http://t.co/WUCJQjcTaV    2015-05-04 00:19:36
esporte 595012882628227072  @arlenet10 gostar de outro esporte, que tenha menos torcedores, e quem ganha, ngm fica tirando sarro    2015-05-03 23:51:40
esporte 595012303570997248  Jec nasceu campeão,nasceu,com a taça na mão  @ Arena Joinville Esporte Clube https://t.co/cZB3PRa3to    2015-05-03 23:49:22
esporte 595010674792759297  "E não a força que derrube o nosso glorioso Joinville Esporte Clube !"  @ Arena Joinville https://t.co/3A6woxX3A0   2015-05-03 23:42:54
esporte 595010597219078144  #JEC #nasceuCampeão  @ Arena Joinville Esporte Clube https://t.co/Jzbunqxx2J    2015-05-03 23:42:35
esporte 595008976519061504  Não venha me dizer que É SÓ FUTEBOL... Isso vai muito além de um esporte qualquer. Isso mexe com https://t.co/YLsviv1aKN    2015-05-03 23:36:09
esporte 594999294274449409  Gostaria de parabenizar o Joinville Esporte Clube pela conquista do campeonato catarinense!!! Mas https://t.co/AU32fIrqK0   2015-05-03 22:57:40
esporte 594996978649534464  No Santos pratica-se o esporte, com dignidade e com fervor, seja qual for a sua sorte, de vencido ou https://t.co/vGoSASVgA7    2015-05-03 22:48:28
esporte 594994468031483904  RT @biel_minski: CAMPEÃÃÃO PORRAAAAA !  @ Arena Joinville Esporte Clube https://t.co/tvGJ46WrXl 2015-05-03 22:38:30
esporte 594993642088964096  CAMPEÃÃÃO PORRAAAAA !  @ Arena Joinville Esporte Clube https://t.co/tvGJ46WrXl  2015-05-03 22:35:13
esporte 594988165955457028  Fé  @ Madureira Esporte Clube https://t.co/3Ohsgj602o   2015-05-03 22:13:27
esporte 594987489397501952  Parabéns JOINVILLE ESPORTE CLUBE!! @ Arena Joinville https://t.co/pX7lBp9X4e    2015-05-03 22:10:46
esporte 594985110660902912  Se o futebol não fosse um esporte espetacular, já teria acabado aqui no Brasil, pelo o que acontece fora das quatro linhas. 2015-05-03 22:01:19
esporte 594984786206294018   @ Arena Joinville Esporte Clube https://t.co/lj2mryKpSt    2015-05-03 22:00:01
esporte 594982228016365568  Resumo do fim de semana; Patinaçao , Meu esporte preferido!!!  . Assim como a corrida, andar de https://t.co/C29cwwuIhD 2015-05-03 21:49:52
esporte 594978315057897472  @moniqueduarda e não são só os torcedores,  a mídia também, só espero o globo esporte amanhã, triste realidade  2015-05-03 21:34:19
esporte 594976459455864832  RT @Celabeatriz0: Futebol é um esporte q depende de mt sorte também na moral... 2015-05-03 21:26:56
esporte 594976004063494144  É de arrepiar, toda essa trajetória merecia o título, Joinville Esporte Clube campeão Catarinense de https://t.co/lZ0KLhf7gl    2015-05-03 21:25:08
esporte 594971359379398656  Meu amor pelo esporte é maior que qualquer rivalidade ridícula  2015-05-03 21:06:40
esporte 594969599638163456  RT @blowssophia: Muito amor em uma só foto.  @ Arena Joinville Esporte Clube https://t.co/28DVHBxxch    2015-05-03 20:59:41
esporte 594969436177747968  Eternamente sereei Gooooiiiaaas '  #Écampeãoo @ Goias Esporte Clube https://t.co/NqV7z0WRCe 2015-05-03 20:59:02
esporte 594958069089591297  No esporte , o que importa no fim são os resultados . Aí está o kit de terceiro lugar no CDI 3* de https://t.co/tQtAz0NwWC  2015-05-03 20:13:52
esporte 594957195814563840  Joinville x Fig @ Arena Joinville Esporte Clube https://t.co/BcWnqm8xu3 2015-05-03 20:10:23
esporte 594952868320403456  Final da Copa do Mundo de Ginástica! Ouro para o Brasil!!! #CaixaGinastica #Ginástica #Esporte @ https://t.co/CN5e7sFbmh    2015-05-03 19:53:12
esporte 594934006841483264  @_GaaBorges @biellplacido eu gosto do esporte em geral, mas futebol é amor demais   2015-05-03 18:38:15
esporte 594933612711141376  A MAIOR TORCIDA DE SANTA CATARINA... INCONTESTÁVEL!!!! @ Arena Joinville Esporte Clube https://t.co/crVFUVjkd3  2015-05-03 18:36:41
esporte 594927791960956928  Muito amor em uma só foto.  @ Arena Joinville Esporte Clube https://t.co/28DVHBxxch 2015-05-03 18:13:33
esporte 594924303512170496  É hojeee meeu verdão !! Vamos erguer a taça de campeão '  #Goias @ Goias Esporte Clube https://t.co/vyFwFDcZU8  2015-05-03 17:59:41
esporte 594916491155345410  Domingo feliz é quando a TV tá cheia de esporte - ginástica,  NBA, final do Paulista e do Carioca.  2015-05-03 17:28:39
esporte 594912268925669376  Um entre um milhão torcida e tradição  Goiás Esporte Clube  1943  http://t.co/sNl6nZTyVZ    2015-05-03 17:11:52
esporte 594907509783158784  #Futebol #soccer #Brasil #Brazil #Juventus #errejota #Rj #amo #esporte #saude #EducacaoFisica #Amigos https://t.co/K7sPY8jL4v   2015-05-03 16:52:57
esporte 594901878800044033  #BoaTarde hoje é um ótimo dia pra praticar uma atividade física A #LCA apoia o #esporte. #Domingo https://t.co/V5UesWawVC   2015-05-03 16:30:35
esporte 594900394305785856  Bate a saudade de estar perto do pai agora, pra ver Esporte Espetacular com ele, almoçar e ver o Santos ganhar  2015-05-03 16:24:41
esporte 594893711043141632  Eu fico frio com muita coisa, mas toda e qualquer historia ligada ao esporte me derruba mano    2015-05-03 15:58:07
esporte 594893540179714048  Lagrimas heteras com essa mina que ta passando no globo esporte 2015-05-03 15:57:27
esporte 594893506222673920  linda essa história do Globo Esporte!   2015-05-03 15:57:19
esporte 594893110045446145  RT @GalisteuOficial: Batendo bola! #tenis #amorquenaosemede #play #love  @ Esporte Clube Pinheiros https://t.co/FdtC16rwOB  2015-05-03 15:55:44
esporte 594888703371247616  RT @morettobruno: Esporte espetacular falando sobre Palmeiras   2015-05-03 15:38:14
esporte 594888616473710592  RT @morettobruno: Esporte espetacular falando sobre Palmeiras   2015-05-03 15:37:53
esporte 594888579375099904  Esporte espetacular falando sobre Palmeiras 2015-05-03 15:37:44
esporte 594882523123036161  KAKA AGORA NO ESPORTE ESPETACULAR. NINGUEM SAIIIIII 2015-05-03 15:13:40
esporte 594881734925283328  Gre-Nal testa 'clima de Copa do Mundo' em final e reforça exemplo positivo http://t.co/l1FOg8Q0u0 @UOL  2015-05-03 15:10:32
esporte 594880785133502464  Cheguei do Museu do Futebol, todo amante do esporte bretão mais brasileiro do mundo kkk, show de bola   2015-05-03 15:06:46
esporte 594880204654391296  Coisas que minha família não perde em esporte: Ginastica Artistica e Olimpiadas de Inverno  2015-05-03 15:04:27
esporte 594879517744828416  Quartas de final da Liga!!! #vemsempressa #tocaesai almeidadigo mtalmeidas 18 hrs @ Esporte Clube Cocotá https://t.co/yEEgI8KO0Q    2015-05-03 15:01:44
esporte 594874496634466305  Mais um treino de MMSS de domingo concluído com sucesso!!! "Meu esporte eu carrego na veia"  https://t.co/plSDmav9QA    2015-05-03 14:41:46
esporte 594871041027133440  Numa outra vida eu só posso ter sido ginasta porque não é normal meu amor pelo esporte  2015-05-03 14:28:03
esporte 594857223945334784  Novo esporte: ciclismo! A caminho do Plano para encontrar os amigos. Vamos?  @ Feira do Guará https://t.co/YkN2ZptUXY   2015-05-03 13:33:08
esporte 594856322857869312  Já estamos na Arena @ Arena Joinville Esporte Clube https://t.co/RHfsumBAp7 2015-05-03 13:29:33
esporte 594849214812790784  Hoje eu posso dizer que foi o dia da superação no esporte, vlw cada km, vlw muito o apoio Erika https://t.co/VG1gNV2dzs 2015-05-03 13:01:19
esporte 594849214045233152  Hoje eu posso dizer que foi o dia da superação no esporte, vlw cada km, vlw muito o apoio Erika https://t.co/MVKb6jBtnJ 2015-05-03 13:01:19
esporte 594839733957730304  Se o #Palmeiras for campeão será ótimo!!! Se não for, paciência. Lembrem-se derrota faz parte do esporte..  2015-05-03 12:23:38
esporte 594833926159499264  RT @GEORGEHILTON10: Ministro do Esporte entregará taça ao campeão mineiro de futebol em Varginha (MG)  O ministro do https://t.co/5G9miAin  2015-05-03 12:00:34
esporte 594833709909594112  Ministro do Esporte entregará taça ao campeão mineiro de futebol em Varginha (MG)  O ministro do https://t.co/5G9miAinUq    2015-05-03 11:59:42
esporte 594821754184400897  Menos, bem menos. Vcs nem curte boxe, pode falar. Eu pelo menos tenho a dignidade de ficar quietinho sobre esporte que não conheço  2015-05-03 11:12:12
esporte 594821432435171329  Acho engraçado, nunca vi um puto comentando boxe, falando necas do esporte. Ontem todo mundo podia afirmar categoricamente que foi roubo?   2015-05-03 11:10:55
esporte 594727626582917120  Nunca vou entender outro esporte a não ser o Futebol. Hahahahahaha  2015-05-03 04:58:10
esporte 594697601007616000  @IgorSaiene ah mano, nao tem como. É alem de gostar do esporte, sei la, rivalidade mesmo. Nao consigo gostar.   2015-05-03 02:58:51
esporte 594691228366692352  Tenho pena de quem não gosta de basquete, esse esporte é incrível!  2015-05-03 02:33:32
esporte 594691009436643328  RT @pedro_rhormes: Não é por nada que chamam de luta do século! Mayweather 47-0, Pacquiao 56-5-2. Duas lendas do esporte @canalCombate  #Ma 2015-05-03 02:32:40
esporte 594688998708248576  Não é por nada que chamam de luta do século! Mayweather 47-0, Pacquiao 56-5-2. Duas lendas do esporte @canalCombate  #MayPacnoCombate   2015-05-03 02:24:40
esporte 594683191954415617  Quem me conhece sabe q sou ex-ginasta e o qto amooo esse esporte! Esse fds minha torcida está sendo https://t.co/j16XZiGUM5 2015-05-03 02:01:36
esporte 594665245299351552  Ministério de Esporte Fé em Ação Projeto Esporte e Ação Aulas Ministradas:  Muay Thai  https://t.co/uoVbkc2bCD  2015-05-03 00:50:17
esporte 594651498606403584  RT @Cuiabano_Lima: #depoimento da dupla  @jadsejadson #jadsejason jadspaulo sobre o esporte #rodeio #rodeioemtouros https://t.co/V6fwqZ54Pc 2015-05-02 23:55:40
esporte 594633463497625600  Mais uma obra entregue para a população brasileira. Com recursos do Ministério do Esporte entregamos https://t.co/2Pos7GpOQN    2015-05-02 22:44:00
esporte 594630700806053888  @TozzaFla @HernaneCRF mas já tem gente da esporte interativo achando errado incluir times de fora da região 2015-05-02 22:33:01
esporte 594628087637217280  #depoimento da dupla  @jadsejadson #jadsejason jadspaulo sobre o esporte #rodeio #rodeioemtouros https://t.co/V6fwqZ54Pc    2015-05-02 22:22:38
esporte 594607582070906880  Parabéns aos meus colegas de esporte de Sampa!!! Campeões juvenil do Brasileiro de Seleções sub20   2015-05-02 21:01:09
esporte 594581598022049793  Tô tão sem o que fazer que eu tô vendo copa do nordeste no esporte interativo   2015-05-02 19:17:54
esporte 594568943727202304  LIGA É AQUI LIGA NO EI, esporte interativo melhor canal de esportes do mundo #EntrandoNasFinais 2015-05-02 18:27:37
esporte 594559853714092032  #ginastica #copadomundo #duplotwistesticado #carpado #esporte https://t.co/nq4ghGXYxa   2015-05-02 17:51:30
esporte 594540703151235072  Ministro do Esporte participa logo mais em Alfenas no Sul de Minas de cerimônia de reinauguração do https://t.co/OHmVxlfFSr 2015-05-02 16:35:24
esporte 594531004091650049  Copa do Mundo de Ginástica Artística (´*) #ga #esporte #sport #ginasiodoibirapuera https://t.co/uW8ujzIoft  2015-05-02 15:56:51
esporte 594529533488922624  Globo Esporte começou o programa mostrando a torcida do Palmeiras comemorando o gol do Santos kk    2015-05-02 15:51:01
esporte 594526876372234240  Hoje vai rolar um esporte até o SOL ir dormir. #sol #tarde #feriado #picnic #hípica #folowme #esporte https://t.co/iH9OBBswFn   2015-05-02 15:40:27
esporte 594510795301593088  Só assim pra eu acordar cedo @nataliacasemiro  #villalobos #patins #roller #fun #esporte  @ https://t.co/zQNx1mPgey 2015-05-02 14:36:33
esporte 594502195946618880  Treino com irmão @1hnrke ....esporte é muito bom vem com a gente .... @ Team Nogueira Recreio https://t.co/L0nP6mR1vf   2015-05-02 14:02:23
esporte 594500438289940481  Sem dúvida o melhor time, do melhor esporte!  #basquete #melhortime #melhoresdias https://t.co/4OKFVrSKXZ   2015-05-02 13:55:24
esporte 594494330821353472  Manhã de futebol! #futebol #fut #soccer #gol #artilheiro #esporte #sport @ Residencial Zero - Alphaville https://t.co/awg4OxHeRK    2015-05-02 13:31:08
esporte 594491297488052224  Ontem tentei ensinar um pouquinho de futebol pra uns pernas de pau ai ..... @ Esporte Clube Flamenguinho https://t.co/8f8QCYlw57    2015-05-02 13:19:05
esporte 594341523489202176  #futebol #paixao #esporte #amizades #Ciliooo @ Clube Nautico Marcilio Dias https://t.co/ITlNxwyTnA  2015-05-02 03:23:56
esporte 594333165281529856  RT @jbelmonte13: Parabéns ESPORTE CLUBE NOVO HAMBURGO! Tens tradição e muita história nos teus 104 anos! Tu me mostrou https://t.co/vZYb8p  2015-05-02 02:50:43
esporte 594256269277581312  "Esporte traz inspiração, adrenalina e diversão". @ Maracanã https://t.co/UjVLyOqIbq    2015-05-01 21:45:10
esporte 594242659050496001  Coletiva Hemerson Maria @ Arena Joinville Esporte Clube https://t.co/GcKz0iGi8N 2015-05-01 20:51:05
esporte 594240050294038529  "RedeTV! define estreias de "Super Faixa do Esporte" e "E-Games"; confira http://t.co/4adU5sNkEi"   2015-05-01 20:40:43
esporte 594218587105165312  Serra! #treking #serra #esporte @ Serra Da Matinada https://t.co/9NI0vgwOT3 2015-05-01 19:15:25
esporte 594211671754805248  Sexta atarde com os parceros arrancada ECPA !! @ ECPA - Esporte Clube Piracicabano De Automobilismo https://t.co/bCTalekpKk 2015-05-01 18:47:57
esporte 594210263349469184  #skateboard #bikecross em indaiatuba mto esporte top @ Parque Ecológico de Indaiatuba https://t.co/Xnn8ZTFTDg   2015-05-01 18:42:21
esporte 594206191955386368  Haaaaa hj é dia de esporte hahahahha #wake !!! #wakeboard enquanto o @zanetao treina na agua eu https://t.co/QO1ui9fYlK 2015-05-01 18:26:10
esporte 594202732673802241  Pior noticia do ano pra mim:esporte interativo tera exclusividade nas transmissões da champions,que merda!! 2015-05-01 18:12:25
esporte 594192095692386307  Três coisas que eu queria ter visto no esporte, Pelé jogando no Santos, Ayrton Senna correndo e Maycon Jordan dando seus saltos.    2015-05-01 17:30:09
esporte 594176524334534656  Veloz,mas nada furiosa  @ Kart Center Esporte e Lazer https://t.co/RS6TV76HcE   2015-05-01 16:28:17
esporte 594172931724414978  @gdesa14 Muito importante essa integração, bom p esporte, bom p crianças, já q p futuro está nas mãos delas...show! 2015-05-01 16:14:00
esporte 594166646169837568  #instacollage No início da primavera no Libano, você pratica esporte na neve  e na praia  no https://t.co/eQkcqYhf49    2015-05-01 15:49:02
esporte 594133778571894784  Parabéns ESPORTE CLUBE NOVO HAMBURGO! Tens tradição e muita história nos teus 104 anos! Tu me mostrou https://t.co/vZYb8peCT4   2015-05-01 13:38:25
esporte 594097880614490113  Ministério do Esporte e CBC beneficia clubes de Porto Alegre  Os clubes gaúchos Grêmio Náutico https://t.co/DP1aGdQY9E  2015-05-01 11:15:47
esporte 594013303443185664  Finalistas dominam seleção do Paulista; SP é ignorado e Oliveira é o craque via @UOLEsporte @UOL  http://t.co/q43JRNu8zR    2015-05-01 05:39:42
politica    595050498799104000  RT @freire_roberto: Não entendeu @NetoMadneto1 que apesar da corrupção da Dilma impeachment só existe com voto majoritário do Congresso. Ai 2015-05-04 02:21:09
politica    595046940376702976  Não entendeu @NetoMadneto1 que apesar da corrupção da Dilma impeachment só existe com voto majoritário do Congresso. Ainda não temos    2015-05-04 02:07:00
politica    595021327238586369  RT @letraslimitadas: Dilma anuncia que baixou o litro da gasolina para 550 ml.  2015-05-04 00:25:14
politica    595008321595248640  RT @as_sousa: "@MariaLCAb: Dilma vai vetar abrir a caixa preta do BNDES. Vamos exigir a abertura." #CPIdoBNDES  2015-05-03 23:33:33
politica    595006435840413697  RT @letraslimitadas: Dilma anuncia que baixou o litro da gasolina para 550 ml.  2015-05-03 23:26:03
politica    594980532687081473  @vaniaborba agora vamos falar sobre o impeachment da dilma  2015-05-03 21:43:07
politica    594978003324657664  RT @andreoertel: Contas da reeleição de Dilma podem ter irregularidade grave, diz ministro do STF http://t.co/Snn1Eyq6LN http://t.co/5gqZ6f 2015-05-03 21:33:04
politica    594974110247157760  @joao_pedrolg @Cruzeiro_News SE TIVEMOS O MENSALÃO LIGADO AO LULA; SE TEMOS O PETROLÃO LIGADO A DILMA E AO PT, O EURICO ATÉ QUE COMBINA!!!  2015-05-03 21:17:36
politica    594972381464174592  RT @milosalcalay: FOLHA informa:Policía Brasil investiga irregularidades de Joao Santana publicista de campañas de Lula, Dilma, Chávez, Mad 2015-05-03 21:10:44
politica    594929684250497025  Pronunciamento da Precidenta Dilma Rousseff: https://t.co/2VmewKdOlO    2015-05-03 18:21:04
politica    594889946437156865  RT @milosalcalay: FOLHA informa:Policía Brasil investiga irregularidades de Joao Santana publicista de campañas de Lula, Dilma, Chávez, Mad 2015-05-03 15:43:10
politica    594839418197934080  ADOREI! RT@zerohora: Grupo protesta diante do apartamento de Dilma Rousseff em Porto Alegre: http://t.co/rN264qyjTK http://t.co/RuIU7SFh6F  2015-05-03 12:22:23
politica    594706924370862080  RT @ECantanhede: Tudo o que Dilma não precisava era de mais uma crise. Pois é...    2015-05-03 03:35:54
politica    594676583597797377  O Facebook está protegendo a Dilma/PT? É isso mesmo, minha gente? Isso está confirmado, realmente???    2015-05-03 01:35:20
politica    594671490257309696  O Facebook está censurando críticas à Dilma? Que diabos é isso? 2015-05-03 01:15:06
politica    594669310624342016  RT @TVBBnews: Seria o mesmo que a Dilma obrigar o povo assistir pronunciamento @AecioNeveszuero: @FabioPorchat querendo obrigar o povo assi 2015-05-03 01:06:26
politica    594647555453091840  Essa economia da Dilma/PT é decepção, telejornais só mostra o povo roendo osso.. #JN    2015-05-02 23:39:59
politica    594628558712090626  Fim de tarde na casa da Dilma #turistando @ Palacio do Alvorada https://t.co/qOEB4mGoQ5 2015-05-02 22:24:30
politica    594573886240460800  RT @BolsonaroSP: Se Dilma fosse ouvir as vozes da rua teria saído da presidência ontem. Fonte: O Globo online. http://t.co/lC1mwbx5MM   2015-05-02 18:47:15
politica    594924575466639360  O PT não tem plano para 2018. Seu principal líder esta sendo investigado e pode ser preso. Como assim? Plano p/ 2018?!  2015-05-03 18:00:46
politica    594879404091809793  O PT é um erro enquanto partido e um sucesso estrondoso como organização criminosa. 2015-05-03 15:01:16
politica    594854717496393728  @aleiarodrigues é foda. Justiça e prisão é para os pobres. 8 dos 11 juízes do STF são do PT.    2015-05-03 13:23:11
politica    594311501814636544  Dilma é recebida com protesto em visita a ex-marido no RS http://t.co/Lf2d5FOSZs via @veja bom. Bom 2015-05-02 01:24:38
politica    594258217305268224  RT @alexaguiarpoa: O fato da semana - Um dos mais brutais assaltos policiais a um protesto no período democrático do Brasil. http://t.co/0l 2015-05-01 21:52:54
politica    594252500540235776  O fato da semana - Um dos mais brutais assaltos policiais a um protesto no período democrático do Brasil. http://t.co/0l4u1GxJWk    2015-05-01 21:30:11
politica    593862765783207936  Protesto do SINTET na praça dos girassóis http://t.co/kNs9ZhVGei    2015-04-30 19:41:31
politica    593839268948246528  Protesto no centro civico? Ta tendo http://t.co/Gq1VUUkzou  2015-04-30 18:08:09
politica    593824942124302336  RT @alexaguiarpoa: "Protesto" de "professores" no começo da semana em SP ataca prédio histórico. Professor? Vídeo http://t.co/QRDBJhKQVo ht 2015-04-30 17:11:13
politica    593767244922015744  RT @alexaguiarpoa: "Protesto" de "professores" no começo da semana em SP ataca prédio histórico. Professor? Vídeo http://t.co/QRDBJhKQVo ht 2015-04-30 13:21:57
politica    593766761952104448  "Protesto" de "professores" no começo da semana em SP ataca prédio histórico. Professor? Vídeo http://t.co/QRDBJhKQVo http://t.co/a2FbNNC4hk    2015-04-30 13:20:02
politica    593747206529757184  CRIMINOSA ação da policia do PR, mas ali não tinha só professor com propósito único de protestar em paz. Tinha "profissional" de protesto.  2015-04-30 12:02:19
politica    593736334994354176  RT @pedrorichter: @portalR7: Cinegrafista é mordido por pit bul da PM durante protesto de professores no Paraná http://t.co/FNJ8MI3Equ htt  2015-04-30 11:19:08
politica    593734838978519040  @portalR7: Cinegrafista é mordido por pit bul da PM durante protesto de professores no Paraná http://t.co/FNJ8MI3Equ http://t.co/6ELmq700ZC 2015-04-30 11:13:11
politica    593690949693382656  Protesto que pede Intervenção Militar é tratado com Educação. Protesto que pede Educação é tratado com Intervenção Militar. Confere ?   2015-04-30 08:18:47
politica    593616555122020352  Repórter cinematográfico é atacado por cão da PM durante protesto de professores no PR http://t.co/kWUR7c5O43 #G1 http://t.co/ld6Vv82jRY    2015-04-30 03:23:10
politica    593557846823981056  PSDBOSTA NUM EXISTE PROTESTO NÃO EXISTE DEMOCRACIA @ Centro Cívico Curitiba - PR https://t.co/3dhWPNNHbp    2015-04-29 23:29:53
politica    593531923143593985  De quem foi a idéia de mandar os PM cobrir o protesto dos professores com Pit bull? Meu Deus    2015-04-29 21:46:52
politica    593527955118166017  Até pq com certeza os governadores vão se sensibilizar com o protesto pacífico do professor herói que mata um leão por dia. 2015-04-29 21:31:06
politica    592823345621692417  A cidade de Baltimore está passando por protesto civis. Li hoje cedo uma notícia sobre gangues rivais combinando de atirar em policiais.    2015-04-27 22:51:14
politica    592798356675698688  Protesto dos estados unidos ta igual do brasil  2015-04-27 21:11:56
politica    592797481269862402  Em meio a protesto, Temer deixa evento em SP sem discursar http://t.co/hfV5hBMXmG   2015-04-27 21:08:27
politica    592792363480838145  Mais um negro morto pela polícia nos e.u.a,ta tendo protesto o povo saquiando tudo  2015-04-27 20:48:07
politica    592751855601623040  Sob protesto, Temer deixa feira agrícola sem discursar no interior de São Paulo.   Não é hora de impeachment,mas sim de renuncia    2015-04-27 18:07:09
politica    592454062349619200  "@alexchina_0_: Protesto dos professores contra Alckmin e Rede Globo reúne 60 mil pessoas no centro de SP: http://t.co/p9J8cXhVYo"  2015-04-26 22:23:50
politica    592453164336607233  Povo quer exigir que a Globo cubra o protesto contra a Globo sendo que, se a Globo chega num protesto anti-Globo, eles tacam pedra na Globo.    2015-04-26 22:20:16
politica    594190901087449089  Impeachment, impeachment, impeachment é sim a palavra do momento e é sim uma ferramenta da https://t.co/UK4P19tx88  2015-05-01 17:25:25
politica    593937862564958208  Já vamos ter passeata pro impeachment do Lula, semana que vem? Me avisem pra colocar minha camiseta da CBF pra protestar contra corrupção   2015-05-01 00:39:55
politica    593929498653020161  @jornal_cultura o PMDB estaria timidamente reduzindo a credibilidade da presidente p forçar um impeachment e assumir o "trono"? 2015-05-01 00:06:41
politica    593471505843015680  @MichelTemer #FORA #FACÇAOCRIMINOSA #CIROOLIVEIRA #MARIACELIARAIMUNDO #RODRIGOZOGAIB #PROCURAÇOES #DESAPARECERAM43DP @dilmabr #IMPEACHMENT  2015-04-29 17:46:47
politica    593160877400051714  RT @LelexDutra: @folha: Aécio convence tucanos da Câmara a adiar pedido de impeachment. http://t.co/EkJFl4M56e banana.  2015-04-28 21:12:28
politica    593160243586199552  @folha: Aécio convence tucanos da Câmara a adiar pedido de impeachment. http://t.co/EkJFl4M56e banana.  2015-04-28 21:09:57
politica    592795418360184833  RT @elianadeolive14: Não é hora de impeachment, dizem juristas - Política - Geral - Estadão Mobile http://t.co/tlcrPgp4tu O povo vai contin 2015-04-27 21:00:16
politica    592794948195459072  #Impeachment #já    2015-04-27 20:58:23
politica    592794781304102913  RT @elianadeolive14: Não é hora de impeachment, dizem juristas - Política - Geral - Estadão Mobile http://t.co/tlcrPgp4tu O povo vai contin 2015-04-27 20:57:44
politica    592794719987564544  Não é hora de impeachment, dizem juristas - Política - Geral - Estadão Mobile http://t.co/tlcrPgp4tu O povo vai continuar sangrando ?   2015-04-27 20:57:29
politica    592745705413943296  RT @letraslimitadas: "PSDB não está dividido sobre impeachment, diz Alckmin" http://t.co/qxHzPaFMLH 2015-04-27 17:42:43
politica    592744931980091392  RT @letraslimitadas: "PSDB não está dividido sobre impeachment, diz Alckmin" http://t.co/qxHzPaFMLH 2015-04-27 17:39:39
politica    592744194017521664  "PSDB não está dividido sobre impeachment, diz Alckmin" http://t.co/qxHzPaFMLH  2015-04-27 17:36:43
politica    592736821374808064  Com as taxas de desemprego nas nuvens, será difícil o PT escapar do impeachment via povo nas ruas   2015-04-27 17:07:25
politica    592662653232914432  PSDB põe o bloco do Impeachment na rua. O projeto é pedir impeachment ... DOS OUTROS ... Assim como corrupção ...  https://t.co/jSyZ38hMBJ  2015-04-27 12:12:42
politica    592636719125651456  @g1 PSDB já está contatando a oposição para indicar seus advogados que protocolarão alguns pedidos de impeachment.  2015-04-27 10:29:39
politica    592633160124497920  "@JornalOGlobo: Há 16 anos, Lula pedia impeachment e governo acusava golpe. http://t.co/b6zfh9NLZ6 http://t.co/VlPteysfHg" AGORA INVERTEU!  2015-04-27 10:15:30
politica    592615502729580544  RT @pablo_grilo: Há 16 anos Lula pedia impeachment e PSDB acusava "golpe" ¯\_()_/¯ http://t.co/WdUv0CApLa   2015-04-27 09:05:20
politica    592539719357091841  Na próxima semana o PSDB vai protocolar na câmara o pedido de impeachment da petralha. Até que enfim!   2015-04-27 04:04:12
politica    592464255296888832  RT @Zoccoli16: Sociól.Cardoso,UERJ:"Quem defende o impeachment hoje quer que essa limpeza acabe!São os corruptos." http://t.co/S6G5vPN8QK # 2015-04-26 23:04:20
politica    592455925237178369  RT @paulacfortes: "@emirsader: E sem a possibilidade do impeachment, o que a oposição vai fazer até perder as eleições de 2018?"    2015-04-26 22:31:14
politica    592454288225476609  "@emirsader: E sem a possibilidade do impeachment, o que a oposição vai fazer até perder as eleições de 2018?"  2015-04-26 22:24:44
politica    592442354616897536  RT @Zoccoli16: Sociól.Cardoso,UERJ:"Quem defende o impeachment hoje quer que essa limpeza acabe!São os corruptos." http://t.co/S6G5vPN8QK # 2015-04-26 21:37:19
politica    592434031372980226  RT @Zoccoli16: Sociól.Adalberto Cardoso,UERJ,fala à Folha sobre corrupção, LavaJato, terceirização e quem quer Impeachment #Globo50  http:/ 2015-04-26 21:04:14
politica    592433549665554433  RT @Zoccoli16: Sociól.Cardoso,UERJ:"Quem defende o impeachment hj quer que essa limpeza acabe!São os corruptos." #GloboGolpista50  http://t 2015-04-26 21:02:19
politica    592430591838150657  #GloboGolpista50   Impeachment... http://t.co/0k1avLucUI    2015-04-26 20:50:34
politica    592424272188014592  RT @letraslimitadas: Léo Pinheiro, da OAS, começou a explodir no colo de Lula. O impeachment de Dilma parece iminente. http://t.co/hFGdi8r  2015-04-26 20:25:27
politica    592423133581312000  RT @Zoccoli16: Sociólogo Adalberto Cardoso, 53,UERJ: "Quem defende o impeachment hoje quer que essa limpeza acabe!São os corruptos." http:/ 2015-04-26 20:20:56
politica    592420706618597376  Sociól.Cardoso,UERJ:"Quem quer impeachment, quer q essa limpeza acabe!São os corruptos." @stanleyburburin  @turquim5  http://t.co/S6G5vPN8QK    2015-04-26 20:11:17
politica    592417081460715520  Sociólogo Adalberto Cardoso, 53,UERJ: "Quem defende o impeachment hoje quer que essa limpeza acabe!São os corruptos." http://t.co/S6G5vPN8QK    2015-04-26 19:56:53
politica    592300982446460929  RT @galaxyranger81: Jurista nega a Aécio parecer pró-impeachment | Brasil 24/7 http://t.co/k3MNCbTIE4   2015-04-26 12:15:33
politica    592298321416425475  RT @galaxyranger81: "Impeachment interessa às grandes companhias de petróleo" | Brasil 24/7 http://t.co/tFRnSqs8lt  2015-04-26 12:04:58
politica    592288238078951427  RT @galaxyranger81: Jurista nega a Aécio parecer pró-impeachment | Brasil 24/7 http://t.co/k3MNCbTIE4   2015-04-26 11:24:54
politica    592287315474669568  "Impeachment interessa às grandes companhias de petróleo" | Brasil 24/7 http://t.co/tFRnSqs8lt  2015-04-26 11:21:14
politica    592287079964528640  RT @galaxyranger81: Jurista nega a Aécio parecer pró-impeachment | Brasil 24/7 http://t.co/k3MNCbTIE4   2015-04-26 11:20:18
politica    592286615961239553  Jurista nega a Aécio parecer pró-impeachment | Brasil 24/7 http://t.co/k3MNCbTIE4   2015-04-26 11:18:28
politica    592220529358143489  "@folha: Painel: PSDB consulta outros juristas sobre viabilidade de impeachment de Dilma. http://t.co/5RkffTodIV" NÃO SABE PERDER!  2015-04-26 06:55:51
politica    592220415663185922  Como o PSDB é recalcado! Perderam as eleições presidenciais de 2002, 2006, 2010 e 2014, e ainda insiste no Impeachment! Dá licença mano!    2015-04-26 06:55:24
politica    592163775643578369  RT @galaxyranger81: PSDB é a favor da terceirização, contra o Mais Médicos, a favor da abertura do Pré Sal, a favor do impeachment! São con 2015-04-26 03:10:20
politica    593913946261839874  Prontos para mais uma! Dias 4 e 5, eleição de delegados para o Congresso da União Nacional dos https://t.co/uxYXhkcgFD  2015-04-30 23:04:53
politica    593903089935118336  Eleição da nova diretoria da #ACIC. Presidente eleito alcirottajr parabéns é bom trabalho. https://t.co/nu0Wd4czKN  2015-04-30 22:21:45
politica    592979831140265984  RT @villa13013: Enquanto fez um discurso p/ ganhar eleição e pratica bem diferente no governo, #seguranca gov #Sartori tá #Caotica . http:/ 2015-04-28 09:13:03
politica    592846655684227073  @rosalvobarsa eu tive que votar nesse bosta na eleição passada, pro Freixo não ganhar, só voto num candidato nele nesse caso extremo.   2015-04-28 00:23:51
politica    592821175425900544  @izzynobre acontece q hj tem mt petista brabo c o partidão e faz volume,+ na eleição os caras voltam que nem marido traído que perdoa mulher    2015-04-27 22:42:36
politica    592773924871655425  @adrianafialho6 ele afirmou no programa dele que a Dilma não mentiu na época da eleição 2015-04-27 19:34:51
politica    592732210807070721  RT @rpall57: Explicação p/facistas e TUCANATO vence eleição quem é mais votado tem q aceitar e não pode pregar o ÓDIO Q É CRIME. http://t.c 2015-04-27 16:49:06
politica    592732124630908928  Explicação p/facistas e TUCANATO vence eleição quem é mais votado tem q aceitar e não pode pregar o ÓDIO Q É CRIME. http://t.co/VWOL2akGtP  2015-04-27 16:48:45
politica    592722078274560000  Aqui na eleição deu 90% contra ela, @SenadorCaiado . Nois e caipira mais num e bobo não,  so! https://t.co/cvCGwgXhNq   2015-04-27 16:08:50
politica    592721867565355009  RT @fcdl_sc: Começou a contagem de votos eleição diretoria executiva @fcdl_sc http://t.co/STTOn7lsO4    2015-04-27 16:08:00
politica    592721697612103680  Começou a contagem de votos eleição diretoria executiva @fcdl_sc http://t.co/STTOn7lsO4 2015-04-27 16:07:19
politica    592650545548103680  Eleição para Recomposição do Sindicato das Empregadas Domésticas (@ Rua da Cidadania Matriz in Curitiba, PR) https://t.co/C3q3WEVq7z    2015-04-27 11:24:35
politica    592513912098189312  RT @danialvinegro: Povo de Boa Vista, Roraima.  Lembre bem desses vereadores que zombam da cara de vocês na próxima eleição. Corruptos safa 2015-04-27 02:21:39
politica    592137645930782720  A @RedeGlobo tentou manipular o resultado da Eleição Carioca em 1982. Brizola não permitiu. http://t.co/4OUpaO78gs  2015-04-26 01:26:30
politica    594855753762078720  RT @educacao_rio: @infraton: Corrupção no Brasil virou cultura http://t.co/aWfFFeHe7L É a mais pura verdade.  Isso acontece todo dia com    2015-05-03 13:27:18
politica    594632608077721600  Não sobra um no cordão da corrupção ! @Crescente_D: Polícia abre investigação sobre João Santana, marqueteiro do PT http://t.co/VQcEeJ3MgG  2015-05-02 22:40:36
religiao    595034244814131201  Na próxima vida quero ser das pessoas que brigam no Twitter por causa de religião e dizer "vai ler a Bíblia, porque lá está tudo"   2015-05-04 01:16:33
religiao    595031767788171264  Por alguem que não ame pela religião, peela minha cor de pele ou cabelo, mas ame pelo que SOU!      2015-05-04 01:06:43
religiao    595020651695603712  Vo começar com o "Anticristo." Que a maior discussão no momento é sobre religião e etc  2015-05-04 00:22:32
religiao    594912690486775809  RT @thamiris_carlos: Seja qual for o seu guia espiritual, sua religião,o que importa é a sua fé e quão grato vc é pelo seu acúmulo de apren 2015-05-03 17:13:33
religiao    594907214487355392  Meu único amor, é um sentimento pra mim uma religião e se chama intee essa paixão #CadaUmEOnze #ENoGigante  2015-05-03 16:51:47
religiao    594901719798173696  RT @lucaog9: E eu não paro... não paro não! A Cruz de Malta meu coraçãooo Vasco da Gama... minha paixão! Vasco da Gama... religião  2015-05-03 16:29:57
religiao    594893213770653696  E eu não paro... não paro não! A Cruz de Malta meu coraçãooo Vasco da Gama... minha paixão! Vasco da Gama... religião   2015-05-03 15:56:09
religiao    594050776101756928  @aquelehipster a mim também viu -'- ... Minha família usa a religião pra justificar absolutamente TUDO ... TUDO tem que pedir pra Deus .    2015-05-01 08:08:36
religiao    593583973793669122  A ciência sem a religião é  paralítica, a religião sem a ciência é  cega?  Palavras de Albert,  será mesmo? 2015-04-30 01:13:42
religiao    593581536106127360  "Deus é muito mais que religião! É amor, é vida, é salvação, é tudo."   2015-04-30 01:04:01
religiao    593580863021031424  RT @CarenteIdiota: Deus é muito mais que religião! É amor, é vida, é salvação, é tudo.  2015-04-30 01:01:20
religiao    593369192734294016  "A moralidade depende da religião?" Tema do debate. Tô vendo que de hoje não passa.. a sala vai pegar fogo e abrir as portas do inferno 2015-04-29 11:00:14
religiao    592850084276088833  Nao frequento a igreja nem sou fanatico por nenhuma religiao , mas tenho muito amor e muita muita fé em Deus    2015-04-28 00:37:29
religiao    592777642409099264  Religião e política são d longe as coisas mais propensas a ter gnt chata te "obrigando" a seguir a mesma ideia q elas pq todo o resto é ruim    2015-04-27 19:49:37
religiao    592777196806234112  Essa é a minha religião http://t.co/gWwGfNm9mx  2015-04-27 19:47:51
religiao    592774730018627585  RT @skullvanity: Eu nunca vou forçar ao meu filho ter minha religião. Na hora certa vou explicar as diferenças e aí ele poderá escolher ent 2015-04-27 19:38:03
religiao    592767053133697024  "Trakinas pra você é tipo religião né?" LEANDRO ME CONHECE COMO NGM...      2015-04-27 19:07:33
religiao    592750907131039745  RT @FalaahMorena: Quando os dois realmente querem, não tem puta, pais revoltados, religião, amigo paga pau, distância e o caralho a quatro  2015-04-27 18:03:23
religiao    592750005414404096  RT @FalaahMorena: Quando os dois realmente querem, não tem puta, pais revoltados, religião, amigo paga pau, distância e o caralho a quatro  2015-04-27 17:59:48
religiao    592749933473705985  RT @FalaahMorena: Quando os dois realmente querem, não tem puta, pais revoltados, religião, amigo paga pau, distância e o caralho a quatro  2015-04-27 17:59:31
religiao    592749751512256513  Quando os dois realmente querem, não tem puta, pais revoltados, religião, amigo paga pau, distância e o caralho a quatro que impeça.    2015-04-27 17:58:48
religiao    592748078525984768  Tem uma obreira da igreja evangélica me dando lição de moral por causa da minha religião --'    2015-04-27 17:52:09
religiao    592746344713986048  Outra coisa estranha é como as pessoas se irritam com as postagens dos outros em relação a: time, religião, gosto musical e etc... O.o  2015-04-27 17:45:15
religiao    592745416527093760  desabafar sobre a vida com o professor de religião, quem nunca? 2015-04-27 17:41:34
religiao    592737972891623424  Estou muito feliz por ter sido batizado na religião que escolhi seguir, mais ainda por ter sido https://t.co/XEVnjY2BFQ 2015-04-27 17:11:59
religiao    592733086430924800  Doutrinação marxista e escárnio à religião na UFF - http://t.co/huBqRraAOO ou Existem professores e existem militantes  2015-04-27 16:52:34
religiao    592729807626043392  @DaniloGentili pense num cara q eu admiro... A abominação a pretensa religião então nem se fala... Religião Placebo do povo, Jesus é nóis.  2015-04-27 16:39:33
religiao    592719650070364162  Não importa o que vc acredita ou não, qual seja sua religião, ou se vc não tem nenhuma. Esse lugar é https://t.co/HohnJZfRTT    2015-04-27 15:59:11
religiao    592714155884417024  Se pergunte, se encha de confusão, nunca q a religião vai explicar o q se passa no coração  2015-04-27 15:37:21
religiao    592700193440686080  "Me mantenho de pé, sem religião Mas o homem precisa da fé até pra crer na razão,Num sou ateu, morô? crente nem cristão." -Ret  2015-04-27 14:41:52
religiao    592694038760923136  A religião obedece fronteiras, enquanto a verdade não.  2015-04-27 14:17:25
religiao    594982476117909504   (@ Ministério Cristao Emanuel) https://t.co/F9RMr8KRD4 2015-05-03 21:50:51
religiao    594816069929410560  RT @xjesusteama: O cristão cai porque tem bíblia e não lê, porque vai a igreja mas fica conversando, porque fecha os olhos mas não ora.  @f 2015-05-03 10:49:36
religiao    594668335821889536  RT @tosta_r: obediência gera benção  @limaaline0 (@ Ministério Cristao Emanuel) https://t.co/cV70btpyfL 2015-05-03 01:02:34
religiao    594667976823021568  obediência gera benção  @limaaline0 (@ Ministério Cristao Emanuel) https://t.co/cV70btpyfL  2015-05-03 01:01:08
religiao    593606363533684736  RT @DionatanOlivera: Para cada ser humano, há um propósito de Deus. Para cada cristão, há um projeto.   2015-04-30 02:42:40
religiao    593605240429096960  RT @DionatanOlivera: Para cada ser humano, há um propósito de Deus. Para cada cristão, há um projeto.   2015-04-30 02:38:12
religiao    593491602234048512  RT @xjesusteama: O cristão cai porque tem bíblia e não lê, porque vai a igreja mas fica conversando, porque fecha os olhos mas não ora.  @f 2015-04-29 19:06:39
religiao    593491529391562753  O cristão cai porque tem bíblia e não lê, porque vai a igreja mas fica conversando, porque fecha os olhos mas não ora.  @flscer 2015-04-29 19:06:21
religiao    593207779042668544  Bíblia manual do cristão    2015-04-29 00:18:50
religiao    593199026939506688  "Viver pra mim é Cristo, morrer pra mim é ganho Não há outra questão, quando se é cristão Não se para de lutar.."   2015-04-28 23:44:03
religiao    593190781827047424  "Cristão também tem problemas, mas Cristo é o poder para superá-los."   2015-04-28 23:11:17
religiao    593174746491129857  8 Edição do Congresso Avivar de  Hip-Hop Cristão brasileiro, vai ser benção  Vamos adquirir https://t.co/2keQN4q9Nf 2015-04-28 22:07:34
religiao    593047262105829376  VERSOS BÍBLICOS EM REDES SOCIAIS TERNO E GRAVATA NAO DEFINE CARÁTER DE CRISTÃO SEUS ATOS SIM! "EU PRECISO CONHECER MAIS DE DEUS"    2015-04-28 13:41:00
religiao    592876530319122433  Participamos da Reunião mensal do PSC-PR em Curitiba. @ PSC - Partido Social Cristão https://t.co/EaB2InI27Q    2015-04-28 02:22:34
religiao    592875855384342528  Entre amigos do PSC-PR @ PSC - Partido Social Cristão https://t.co/DsrHBn50LN   2015-04-28 02:19:53
religiao    592855816333570048  Como cristão católico acredito profundamente na Misericórdia de Deus!  Se eu não pudesse me agarrar à https://t.co/3YT6Haixli   2015-04-28 01:00:15
religiao    592668607127101440  Esta chegando o maior evento Cristão  #marchaparajesus   Te espero lá @ Rede Gospel https://t.co/4G4pH3k4xh 2015-04-27 12:36:21
religiao    592667302698622979  04 de Junho @marchaparajesus nas ruas o maior evento Cristão, vcs estão convidados venham participar https://t.co/yYVG9ZbBdz    2015-04-27 12:31:10
religiao    592581643715633152  Como Edir Macedo pode ser "bispo", se fala "pouco me importa aqueles que não gostam de mim"; isto é amor cristão? @conexaoreporter  2015-04-27 06:50:48
religiao    592518877646585856  Ah se todo cristão defendesse Cristo como o Edir Macedo defende a teologia da prosperidade, que bênção seria.. assistindo #ConexãoRepórter  2015-04-27 02:41:23
religiao    592294992510636033  A maior responsabilidade do cristão é promover a glória de Deus.João 17:4;15:8  2015-04-26 11:51:45
religiao    594983174263955456  I'm at MIESF - Ministério Internacional Evangélico Santa Fé in São Paulo, Sp https://t.co/bi3x7DY9dv    2015-05-03 21:53:37
religiao    594950864617525250  I'm at Tabernaculo Evangelico A Voz do Sinal in Sapucaia do Sul, RS https://t.co/NcOSNdcPsp 2015-05-03 19:45:14
religiao    594887799876231168  I'm at Hospital Evangélico in Dourados, Mato Grosso do Sul https://t.co/tloB7SbndF  2015-05-03 15:34:38
religiao    594653386131283969  Festa de casamento evangélico, som ambiente também é com a http://t.co/R8EHffbVqc https://t.co/fvAhs5tVB0   2015-05-03 00:03:10
religiao    594622553257291777  Melhor que a Tomorrowland (@ Hospital Universitário Evangélico de Curitiba in Curitiba, PR) https://t.co/XdbvZOZa62 2015-05-02 22:00:38
religiao    594561776525647872  IV do afilhado  (@ Salão Evangélico Nova Florida w/ @anajuliabf) https://t.co/wCuyMEK0Dk    2015-05-02 17:59:08
religiao    594561289978028032  IV o afilhado  (@ Salão Evangélico Nova Florida w/ @anajuliabf) https://t.co/GZsaiUv7FN 2015-05-02 17:57:12
religiao    594557163550420992  #IV do irmão mais lindo do mundo! Te amo  (@ Salão Evangélico Nova Florida) https://t.co/Imlmt7p0bn http://t.co/tKpcQoSHAt  2015-05-02 17:40:48
religiao    593970848446455808   (@ Hospital Evangelico in Rio de Janeiro, RJ) https://t.co/4pw7KaIOmr  2015-05-01 02:51:00
religiao    593188939772604417  Reuniao de Planejamento (@ Ministério Evangélico Projeto Novo Tempo in Santos, SP) https://t.co/UydGllDsg7  2015-04-28 23:03:58
religiao    592499100676968449  Sobre um fim de semana incrível!  #EncontroComDeus @ Acampamento Evangélico Ie-Oa https://t.co/47sCATBjGt   2015-04-27 01:22:48
religiao    592416552542146561  Ditador Evangélico https://t.co/38ndK484kb  2015-04-26 19:54:47
religiao    592136669358350336  tenho um nojo de evangélico e me perguntam porque http://t.co/I9ggCbvlgj    2015-04-26 01:22:37
religiao    594931069700419585  @moradaoficial desenvolvendo amor no final da tarde #deontem #Dia2 #gospellivefestival @ Gospel Live https://t.co/XMrsxi23nr    2015-05-03 18:26:34
religiao    594929671902466048  Trazendo a Arca #deontem #Dia2 #gospellivefestival @ Gospel Live Festival https://t.co/ijisDSYHwZ   2015-05-03 18:21:01
religiao    594898482147766272  RT @Menduin_: Tocando um Gospel furioso hoje aqui na casa da Irmã Sheila.  #seouviraumnovosomdealeluia  2015-05-03 16:17:05
religiao    594897870672818176  A mais nova voz gospel do Brasil !! http://t.co/UYvP6Mgeu9  2015-05-03 16:14:39
religiao    594776198510735360  Passando nesta madrugada so para dizer  muito obrigado SENHOR JESUS POR TUDOOOO   AMEMMMM @ Gospel https://t.co/zpuELr6WXc  2015-05-03 08:11:10
religiao    594657258245599232  Acabou de publicar uma foto @ Point Gospel Livraria Evangélica https://t.co/k2nXvqyzTG  2015-05-03 00:18:33
religiao    594655417277493248  camilacaldasfreitas @ Point Gospel Livraria Evangélica https://t.co/IigTJQkIom  2015-05-03 00:11:14
religiao    594646275695448064  Acabei de publicar um vídeo @ Gospel Live Festival https://t.co/sw4kn6YCKs  2015-05-02 23:34:54
religiao    594643118990954498  Está fervendo o Gospel Live Festival. Foi forte demais essa tarde. @ Hotel Michelangelo https://t.co/J6MVJNnuSH 2015-05-02 23:22:22
religiao    594638626883031041  Acabou de publicar uma foto @ Point Gospel Livraria Evangélica https://t.co/WrdQKCyJ6h  2015-05-02 23:04:31
religiao    594584147684945922  AO VIVO AGORA!! Na Rede Gospel de TV com a banda no clipgospeloficial!!! Quem tá assistindo diga https://t.co/0mPmOTZ4hT    2015-05-02 19:28:02
religiao    594580548443594752  Bençao aqui no gospellive   Desejamos uma tarde de vitorias @ Gospel Live Festival https://t.co/Aw8mrh51pr  2015-05-02 19:13:44
religiao    594576079270064129  então, adore!  #GospelLiveFestival @gospellivebr @ Gospel Live Festival https://t.co/gNyCbCIEd2 2015-05-02 18:55:58
religiao    594566051263819777  Rede Gospel em breve canal 21 na Cidade de Olímpia com @renascerrevista @apostoloestevam https://t.co/laojx3SlaV    2015-05-02 18:16:07
religiao    594561757672255488  #RádioCidade1120 #NoAr #Gospel #Deus #God http://t.co/hUAH0GMte6 #BoaTarde @ Rádio Cidade 1120 https://t.co/RUCzsve18Z  2015-05-02 17:59:04
religiao    594551578310406145  Rede Gospel em breve canal 21 na Cidade de Olímpia com @renascerrevista @apostoloestevam https://t.co/lWLyTqCO22    2015-05-02 17:18:37
religiao    594452450431623168  Marchando pra São José do Rio Preto. Quero ver vc no Gospel Live Festival. @ Aeroporto Nacional De https://t.co/hQV03bHxPO  2015-05-02 10:44:43
religiao    594427854223441922  Programa especial #EncontroComDeusNaMadrugada com meu irmão Pr. Clébinho na @tvredegospel @ Rede Gospel https://t.co/b7c03lnsZT 2015-05-02 09:06:59
religiao    594420855075115009  Alguns Momentos | Rádio | TV | Divulgação... @ Gospel Brasil https://t.co/L3fhdw9wLh    2015-05-02 08:39:10
religiao    594373736305950720  #JesusCulture quebrando tudo aqui no #gospellivefestival @ Gospel Live Festival https://t.co/MXDgkFh4G2 2015-05-02 05:31:56
religiao    595013726861918209  Acabou de publicar uma foto @ igreja batista jardim monte cristo https://t.co/Lk3MKMCHIU    2015-05-03 23:55:01
religiao    595013631093379072  Ministração a Deus, um privilégio para todos nós. @ Igreja de Cristo MANT - Araguaína https://t.co/J4xDt26Pa1   2015-05-03 23:54:39
religiao    595009566322069504  Dai-me paciência Jesus Cristo #AssistaClipeTudoBemPollo 2015-05-03 23:38:30
religiao    595008850031411201  O cristo a abençoar o nosso Rj. #Cidademaravilhosa #narinadaglória #perfeição #felicidade #RJ https://t.co/1YCTkFmnvP   2015-05-03 23:35:39
religiao    595007270452334592  Cristo é a rocha em que firme está a minha fé! @ Comunidade das Nações - Brasília https://t.co/H3hmgjmGPt   2015-05-03 23:29:22
religiao    594995594780901378  Graças a Deus podemos contar com nosso amado Jorjão em nossas vidas... Paz de Cristo!  @ Paróquia https://t.co/UeICw3p8Ph   2015-05-03 22:42:58
religiao    594993001396576258   @ Cristo Redentor https://t.co/D6yHL7JbG6  2015-05-03 22:32:40
religiao    594974567023640576  5° domingo da ressurreição. Louvemos ao Senhor Jesus Cristo! (@ IPU Jundiai - Igreja Presbiteriana Unida de Jundiaí) https://t.co/FQ8etMgYNI    2015-05-03 21:19:25
religiao    594973696118390784  EM CRISTO SOU MAIS QUE VENCEDOR (@ Igreja Rio de Vida in Porto Alegre, 91360) https://t.co/G7rY1KroCI   2015-05-03 21:15:57
religiao    594969635574906881  Eu e minha familia serviremos ao Senhor. Partiu #cultonaimac @ Igreja Ministério Apascentar em Cristo https://t.co/hSNnNjBFxP   2015-05-03 20:59:49
religiao    594966112653189120   @ Santo Cristo, Rio de Janeiro https://t.co/Al3PWss3Nl 2015-05-03 20:45:49
religiao    594965854481215488  Hoje tem santa Ceia!  Uma oportunidade para renovarmos nossa aliança com cristo!    2015-05-03 20:44:48
religiao    594957124112900097  Vamos Adorar á Deus!!  #IBRGC @ Igreja Batista Renovada Guerreiros de Cristo https://t.co/JWdiozcvEY    2015-05-03 20:10:06
religiao    594948259375915008  Abençoada  @ Cristo Redentor https://t.co/OnFQN8569w    2015-05-03 19:34:53
religiao    593424305138094081  Comemorando o título do Rayo Vaticano no III Troféu Kátia Cilene. Tava pouco feliz!  @ Lapa https://t.co/MyqQxZY1nt 2015-04-29 14:39:14
