outros	595365682738430000	lei sec nov veicul bafometr reforc operaco detran rondon operaco lei sec ca httptcosapav0oavx 	2015-05-04 23:13:34
outros	595172320890790000	comec seman estagi ponto1 veicul chevrolet ponto1veicul in florianopolil sc httpstcompx7gvjnkq 	2015-05-04 10:25:13
outros	594635951646835000	amig confraternizaca tigra chevrolet tigra comerci veicul httpstcomplpxsjvzr 	2015-05-02 22:53:53
outros	594161203041182000	auxili part usb bat extern chupet carr httptcom5y88gtl6y httptcojgrmywa9bq 	2015-05-01 15:27:24
outros	593833684412801000	aqu assim tud burocra centr registr veicul automo zon nort in port alegr rs httpstcocaxsijxzuu 	2015-04-30 17:45:57
outros	592992158661095000	rt transitoagorasp rodizi operaca veicul plac final 3 4 0700 1000 transitosp 	2015-04-28 10:02:02
outros	592706935817949000	rt biadempe tod veicul imprens divulg petica amo httptcop2tir3rr5 	2015-04-27 15:08:40
outros	592684379731821000	rt biadempe tod veicul imprens divulg petica amo httptcop2tir3rr5 	2015-04-27 13:39:02
outros	592680070692626000	set veicul dad fee apont aument us 423 milho exportaco automo caminhonet utilitari 	2015-04-27 13:21:54
outros	592675909460722000	tod veicul imprens divulg petica amo httptcop2tir3rr5 	2015-04-27 13:05:22
outros	595433644191253000	cheg agor event federaca paul futebol ant grand event realiz und armour vend sao otim 	2015-05-05 03:43:38
outros	595318478850101000	comec vend garant ingress comig lot promoc 04 0905 what httpstcolnomb9bcwr 	2015-05-04 20:06:00
outros	595318052482359000	dia 1505 auditori ibirapu projet lind chei gent espec vend comec quint httpstcoypevmyqrpn 	2015-05-04 20:04:18
outros	595250650142908000	fic par coloc culp poli qu aument vend agor hor httpstcogjgd3njb3r 	2015-05-04 15:36:28
outros	595231032779022000	execu vend desenvolv negoci gsampmdgouve souz consult empresar sa httptcopbijluxakx vag 	2015-05-04 14:18:31
outros	595230757943140000	parec nao precis vend receb salari 	2015-05-04 14:17:26
outros	595218056013578000	convenca vend 2015 ftd educaca recepca maravilh paradis golf amp lak resort httpstcob9bowztapn 	2015-05-04 13:26:57
outros	594383516768535000	rt andersonpant92 mai cheg ansiedad aument vend tao mil vem vem put osdon 	2015-05-02 06:10:48
outros	594382050490249000	avis fas reform melhor atendel vend onlin contat 051 httpstco82q1cdc6ug 	2015-05-02 06:04:58
outros	594257081210905000	empreendedor motivaca vend altaperformanc busines oportun empreend httpstconebbmuppzz 	2015-05-01 21:48:23
outros	593915465661055000	alo gal hoj garot vip fortal esgot pont pe inic vend bloc httpstcol4vzs86qzk 	2015-04-30 23:10:56
outros	593912584966971000	vend abr ont tardej terc lot fuderrrrr 	2015-04-30 22:59:29
outros	593900109684957000	tecn pra vend institut posgraduaca ipog ipog in goian go httpstcopoppfjlluk 	2015-04-30 22:09:54
outros	593846268222382000	vitoriacsccp olh numer vend camis ult ano nao fal beste 	2015-04-30 18:35:58
outros	593829059865551000	promoca radi cidad realizaca mallupy 7 tom vend httptcoylve4ncebp loj multisom radi httpstcokqqlxmsxcx 	2015-04-30 17:27:35
outros	593792860425708000	concorr 5 mil ima gelad bomb vend sortei 150515 aument httpstcoweolcgafe1 	2015-04-30 15:03:44
outros	593791599815094000	hoj comec vend pg summ tour voc atualiz sobr vend import chat 	2015-04-30 14:58:44
outros	593546361561289000	gal dia 2 mai mud lot enta corr garant ingress descont vend httpstcowlvidk24lg 	2015-04-29 22:44:14
outros	593509837666783000	execut indones recus vend cant ant mort g1 httptcokl6j6rl4ut quant ajud vic 	2015-04-29 20:19:06
outros	593504745316225000	gerent vend marcopolil sao paul sp httptcoclafc3gjf vag 	2015-04-29 19:58:52
outros	593486467479052000	dire mamut strong rio grand sul fech parc vend desej httpstconwavym5y4n 	2015-04-29 18:46:14
outros	593050330914529000	aproveit incri atraco la veg 10x jur informaco vend httpstcofsenqvtof 	2015-04-28 13:53:11
outros	592896809149805000	produt fl esta otim vend dia mae g1 httptco0c9cklecnv bom dia mae 	2015-04-28 03:43:09
outros	592889587023872000	sab fest farr aqu vic garant comb antecip pont vend vict hau httpstcow9yspbplul 	2015-04-28 03:14:27
outros	592807699403932000	cap tecn pra vend institut posgraduaca ipog ipog in goian go httpstcocbqsx4c8px 	2015-04-27 21:49:04
outros	595025415951032000	doenc dess gur coment cas comig fot hom 	2015-05-04 00:41:28
outros	595022591963898000	amizad assim cas saud doenc alegr trist mort httpstcoimk3zmlrw 	2015-05-04 00:30:15
outros	594943019771650000	hoj fiz jov alopec doenc rar bom ver fio send implant httpstcornjbln7pcf 	2015-05-03 19:14:04
outros	594686804265144000	algu doenc term pesso prox busc conviv nao sei bom 	2015-05-03 02:15:57
outros	595335499579023000	reunia gt odont promov saud bucal infanc odontolog odont ufrg pet faculdad httpstcolh26rgloqd 	2015-05-04 21:13:38
outros	595334378592576000	reunia ca casc unbfc centr academ saud cole httpstcomd2o8llcd1 	2015-05-04 21:09:11
outros	595332525360284000	sacan ter plan saud assim demor me consult raiv 	2015-05-04 21:01:49
outros	595314757776843000	academ espac saud in camp nov rs httpstcobgvfqhjhrw 	2015-05-04 19:51:13
outros	595306085759746000	estaca saud estacaosauderj in nov iguacu rj httpstcol7rwvprtbc 	2015-05-04 19:16:45
outros	595283686838432000	3 hor ser atend vergonh saud publ post saud jardim brasil httpstcoxr5lavwjsz 	2015-05-04 17:47:45
outros	595277519613534000	post saud httpstcobgkl6oiyo 	2015-05-04 17:23:15
outros	595276825485513000	poss ir emb ministeri saud ms minsaud in brasil df httpstcob5wrvotr4k 	2015-05-04 17:20:29
outros	595259979545899000	futur universit saud enferm eucurt minhamelh escol jos quadr httpstco2icqjva2ic 	2015-05-04 16:13:33
outros	595254469409043000	unidad saud 24 imb httpstcosy41o3wzfk 	2015-05-04 15:51:39
outros	595392708455326000	estada deng chior admit epidem neg mudanc estrateg sp record httptcopttai9y4wq lamenta 	2015-05-05 01:00:58
outros	595388006556664000	noticiari deng tom contag vam faz part evit agu par etc 	2015-05-05 00:42:17
outros	595379151265227000	estada deng anvis dev decid sobr vacin fim me httptco0kyv4oxof6 	2015-05-05 00:07:05
outros	595367649208566000	nov numer deng brasil meg aument cas sp sao prov descas govern falt educaca pov 	2015-05-04 23:21:23
outros	595331131320508000	deng repous repous remedi sor guig hous httpstcoawfcnay5c9 	2015-05-04 20:56:17
outros	595304934649770000	deng fdp hospit alvor httpstco45kdor2jnw 	2015-05-04 19:12:11
outros	595202818346263000	rt gnatalin deng bat tod record ajud combat tel 33964405 email natalininatalinicombr httptcoj4c1lxtdlz 	2015-05-04 12:26:24
outros	595199549628514000	rt gnatalin deng bat tod record ajud combat tel 33964405 email natalininatalinicombr httptcoj4c1lxtdlz 	2015-05-04 12:13:25
outros	594573877386342000	rt gnatalin comit deng distribu 400000 folhet convers pesso conscientizacaoprestaca serv http 	2015-05-02 18:47:13
outros	594573199100240000	85 criadour deng esta dentr domicili portant mao obr httptcofom8vzj5r 	2015-05-02 18:44:31
outros	594572798267421000	rt gnatalin comit deng distribu 400000 folhet convers pesso conscientizacaoprestaca serv http 	2015-05-02 18:42:56
outros	594571764308541000	rt gnatalin comit civil contr deng prest grand serv combat doenc vam httptcouhbxj6vbe 	2015-05-02 18:38:49
outros	594571634327069000	comit civil contr deng prest grand serv combat doenc vam httptcouhbxj6vbe 	2015-05-02 18:38:18
outros	594450896920150000	hospit mae ach deng af mosquit maldit fdp 	2015-05-02 10:38:32
outros	594267314176004000	gordogeek exat pesquis mostr deng hemorrag acontec 1 infecca 1 deng nao mat 2 pod 	2015-05-01 22:29:03
outros	594266033445327000	gordogeek nao assim teor diz 2 deng vir grav vacin 1 pod ser grav 	2015-05-01 22:23:57
outros	594253817039987000	gordogeek vacin dev imuniz 4 tip pod aument cas fhd httptcoztwtbo3uv0 	2015-05-01 21:35:25
outros	594249803267219000	intimid nad deu dor fod doi bem junt med deng 	2015-05-01 21:19:28
outros	594191383440847000	cred gent tod mund peg deng sai 	2015-05-01 17:27:20
outros	594131113603408000	cuid gent alem deng chikunguny zik solt 	2015-05-01 13:27:50
outros	593965091869094000	fod medic enferm quer peg deng ning merec trabalh vesp feri 	2015-05-01 02:28:07
outros	593961741127680000	mosquit deng mat tant gent daqu pouc ser entrevist gugu 	2015-05-01 02:14:49
outros	593845737013805000	sao paul chei deng ngm faz bost nenhum 	2015-04-30 18:33:51
outros	593871842772972000	culp globalizaca esta entr extinca 	2015-04-30 20:17:35
outros	593595887106052000	2019 ano extinca aparent film interess vampir 	2015-04-30 02:01:02
outros	592844439820870000	astronom httptcoz09ocjafp6 	2015-04-28 00:15:03
outros	595429731799007000	rt juupinzon grip mat 40deg febr nao facil aguent 	2015-05-05 03:28:05
outros	595428210185282000	grip mat 40deg febr nao facil aguent 	2015-05-05 03:22:02
outros	595407006607004000	prim comprim grip nao fez efeit enta pod serv dua dos 	2015-05-05 01:57:47
outros	595380340920820000	ach grip cheg alv hous httpstcoezuepvrpgf 	2015-05-05 00:11:49
outros	595354582265504000	final sar grip gargant inflam lev doi banh chuv mass 	2015-05-04 22:29:28
outros	595352231890805000	grip chat volt 	2015-05-04 22:20:07
outros	592758746427871000	fiz vacin grip segur mao 	2015-04-27 18:34:32
outros	594911708629606000	nao ha limit tecnolog httptcoyjisyouovj 	2015-05-03 17:09:38
outros	593995150361240000	imag faz ft unb faculad tecnolog unb httpstconlstguglk 	2015-05-01 04:27:34
outros	593889333129675000	centr tecnolog ufrj httpstcoccyrmxb314 	2015-04-30 21:27:05
outros	595413711537492000	fot par mund internet twitt vid terr univers patr am idolatr salv salv httptcoktn981mmg0 	2015-05-05 02:24:25
outros	595409222034190000	wif bost n nad irrit internet lent pqp 	2015-05-05 02:06:35
outros	595408600836747000	fic tao car consig ser soc internet tao ant pessoal 	2015-05-05 02:04:07
outros	595396024774042000	rt fenelaomath hj dia nao pod opin nad internet exempl fal mal cebol vem defen cebol ench 	2015-05-05 01:14:08
outros	595377437510410000	wif credit acontec milagr internet grac 	2015-05-05 00:00:17
outros	593518757688922000	rt sgdadepressa pesquis realiz sgdd revel descart bandej local propri pca alimentaca shop nao faz 	2015-04-29 20:54:33
outros	593518558644056000	rt sgdadepressa pesquis realiz sgdd revel descart bandej local propri pca alimentaca shop nao faz 	2015-04-29 20:53:46
outros	593518055746998000	pesquis realiz sgdd revel descart bandej local propri pca alimentaca shop nao faz mao cair 	2015-04-29 20:51:46
outros	593123286575391000	rt arquitroux pesquis apont apaixon 100 fud 	2015-04-28 18:43:05
outros	592802292220490000	look ofic fana pesquisasbipolarhippi mov httptcodgapbz70c 	2015-04-27 21:27:34
outros	592739186773520000	pesquis apont mulh desapeg bem rap hom 	2015-04-27 17:16:49
outros	592689915957248000	rum centr pesquis ge marthagabriel batepap futur trabalh httpstcoamf8iso9zn 	2015-04-27 14:01:02
outros	592673900317823000	acord pesquis apen 5 residenc brasil possu segur pens confort httpstcolpua0u2ru9 	2015-04-27 12:57:23
outros	592669176424182000	vam convers sobr pesquis cienc aplic educaca prof robert lent ii reunia httpstcodli9brzuff 	2015-04-27 12:38:37
outros  	595255436401598000	abr concurs prov cartori aqu rs val inscrica r 45000 defin razoabilidadeconfisc 	2015-05-04 15:55:30
religiao	595034244814131000	pra3x vid quer ser pesso brig twitt caus religiaps diz ler babl porqu tud 	2015-05-04 01:16:33
religiao	595031767788171000	algu naps ame religiaps peel cor pel cabel ame 	2015-05-04 01:06:43
religiao	595020651695604000	vo comeass anticrist mai discussaps moment ac sobr religiaps etc 	2015-05-04 00:22:32
religiao	594912690486776000	rt thamiriscarl gui espirit religiapso import ac fac quaps grat ac acaomul apren 	2015-05-03 17:13:33
religiao	594907214487355000	aonic am ac sent religiaps cham inte paixaps cadaumeonz enogig 	2015-05-03 16:51:47
religiao	594901719798174000	rt lucaog9 naps par naps par naps cruz malt coraassapsoo vasc gam paixaps vasc gam religiaps 	2015-05-03 16:29:57
religiao	594893213770654000	naps par naps par naps cruz malt coraassapsoo vasc gam paixaps vasc gam religiaps 	2015-05-03 15:56:09
religiao	594050776101757000	aquelehipst tambacm viu famal usa religiaps justific absolut tud tud ped deu 	2015-05-01 08:08:36
religiao	593583973793669000	ciaanc religiaps ac parala religiaps ciaanc ac ceg palavr albert ser 	2015-04-30 01:13:42
religiao	593581536106127000	deu ac religiaps am ac vid ac salvaassaps ac tud 	2015-04-30 01:04:01
religiao	593580863021031000	rt carenteidiot deu ac religiaps am ac vid ac salvaassaps ac tud 	2015-04-30 01:01:20
religiao	593369192734294000	moral depend religiaps tem debat vend hoj naps pass sal peg fog abr port infern 	2015-04-29 11:00:14
religiao	592850084276089000	nao frequent igrej fana nenhum religia am fac deu 	2015-04-28 00:37:29
religiao	592777642409099000	religiaps pola saps long cois propens ter gnt chat obrig segu mesm ide tod rest ac ruim 	2015-04-27 19:49:37
religiao	592777196806234000	ac religiaps httptcogwwgfnm9mx 	2015-04-27 19:47:51
religiao	592774730018628000	rt skullvanity nunc vou forass filh ter religiaps hor cert vou explic diferenass aa pod escolh ent 	2015-04-27 19:38:03
religiao	592767053133697000	trakin voca ac tip religiaps nac leandr conhec ngm 	2015-04-27 19:07:33
religiao	592750907131040000	rt falaahmoren doi real quer naps put pal revolt religiaps amig pag pau distacnc caralh quatr 	2015-04-27 18:03:23
religiao	592750005414404000	rt falaahmoren doi real quer naps put pal revolt religiaps amig pag pau distacnc caralh quatr 	2015-04-27 17:59:48
religiao	592749933473706000	rt falaahmoren doi real quer naps put pal revolt religiaps amig pag pau distacnc caralh quatr 	2015-04-27 17:59:31
religiao	592749751512257000	doi real quer naps put pal revolt religiaps amig pag pau distacnc caralh quatr impeass 	2015-04-27 17:58:48
religiao	592748078525985000	obr igrej evangacl dand liassaps moral caus religiaps 	2015-04-27 17:52:09
religiao	592746344713986000	outr cois estranh ac pesso irrit post outr relaassaps tim religiaps gost music etc oo 	2015-04-27 17:45:15
religiao	592745416527094000	desabaf sobr vid profes religiaps nunc 	2015-04-27 17:41:34
religiao	592737972891623000	feliz ter sid batiz religiaps escolh segu aind ter sid httpstcoxevnjy2bfq 	2015-04-27 17:11:59
religiao	592733086430925000	doutrinaassaps marx escarni religiaps uff httptcohubqrraao exist profes exist milit 	2015-04-27 16:52:34
religiao	592729807626043000	danilogentil pens car admir abominaassaps pretens religiaps entaps fal religiaps placeb pov jesu ac na3il 	2015-04-27 16:39:33
religiao	592719650070364000	naps import acredit naps religiaps naps nenhum lug ac httpstcohohnjzfrtt 	2015-04-27 15:59:11
religiao	592714155884417000	pergunt ench confusaps nunc religiaps explic pass coraassaps 	2015-04-27 15:37:21
religiao	592700193440686000	mantenh pac religiaps hom precis fac atac cr razapsonum ateu mor crent cristaps ret 	2015-04-27 14:41:52
religiao	592694038760923000	religiaps obedec fronteir enquant verdad naps 	2015-04-27 14:17:25
religiao	594982476117910000	ministacri crista emanuel httpstcof9rmr8krd4 	2015-05-03 21:50:51
religiao	594816069929411000	rt xjesusteam cristaps cai porqu babl naps laa porqu igrej convers porqu fech olh naps ora f 	2015-05-03 10:49:36
religiao	594668335821890000	rt tost obediaanc ger benassaps limaaline0 ministacri crista emanuel httpstcocv70btpyfl 	2015-05-03 01:02:34
religiao	594667976823022000	obediaanc ger benassaps limaaline0 ministacri crista emanuel httpstcocv70btpyfl 	2015-05-03 01:01:08
religiao	593606363533685000	rt dionatanoliv cad ser human ha propa3sit deu cad cristaps ha projet 	2015-04-30 02:42:40
religiao	593605240429097000	rt dionatanoliv cad ser human ha propa3sit deu cad cristaps ha projet 	2015-04-30 02:38:12
religiao	593491602234049000	rt xjesusteam cristaps cai porqu babl naps laa porqu igrej convers porqu fech olh naps ora f 	2015-04-29 19:06:39
religiao	593491529391563000	cristaps cai porqu babl naps laa porqu igrej convers porqu fech olh naps ora flsc 	2015-04-29 19:06:21
religiao	593207779042669000	babl man cristaps 	2015-04-29 00:18:50
religiao	593199026939507000	viv ac crist morr ac ganh naps ha outr questaps ac cristaps naps lut 	2015-04-28 23:44:03
religiao	593190781827047000	cristaps tambacm problem crist ac pod superal 	2015-04-28 23:11:17
religiao	593174746491130000	8 ediassaps congress aviv hiphop cristaps brasil ser benassaps vam adquir httpstco2keqn4q9nf 	2015-04-28 22:07:34
religiao	593047262105829000	vers babl red soc tern gravat nao defin carat crista ato sim precis conhec deu 	2015-04-28 13:41:00
religiao	592876530319122000	particip reuniaps mens pscpr curitib psc part soc cristaps httpstcoeab2ini27q 	2015-04-28 02:22:34
religiao	592875855384343000	amig pscpr psc part soc cristaps httpstcodsrhbn50ln 	2015-04-28 02:19:53
religiao	592855816333570000	cristaps cata3l acredit profund miserica3rd deu naps pud agarr httpstco3yt6haixl 	2015-04-28 01:00:15
religiao	592668607127101000	cheg mai event cristaps marchaparajesu esper red gospel httpstco4g4ph3k4xh 	2015-04-27 12:36:21
religiao	592667302698623000	04 junh marchaparajesu rua mai event cristaps vc estaps convid venh particip httpstcoyyvg9zbbdz 	2015-04-27 12:31:10
religiao	592581643715633000	edir maced pod ser bisp fal pouc import naps gost ac am cristaps conexaoreport 	2015-04-27 06:50:48
religiao	592518877646586000	ah tod cristaps defend crist edir maced defend teolog prosper baanassaps assist conexapsorepa3rt 	2015-04-27 02:41:23
religiao	592294992510636000	mai respons cristaps ac promov gla3r deusjoaps 174158 	2015-04-26 11:51:45
religiao	594983174263956000	im at miesf ministacri internac evangacl sant fac in saps paul sp httpstcobi3x7dy9dv 	2015-05-03 21:53:37
religiao	594950864617525000	im at tabernacul evangel voz sinal in sapuca sul rs httpstconcosndcpsp 	2015-05-03 19:45:14
religiao	594887799876231000	im at hospit evangacl in dour mat gross sul httpstcotlob7sbndf 	2015-05-03 15:34:38
religiao	594653386131284000	fest cas evangacl som ambi tambacm ac httptcor8ehffbvqc httpstcofvahs5tvb0 	2015-05-03 00:03:10
religiao	594622553257292000	melhor tomorrowland hospit universitari evangacl curitib in curitib pr httpstcoxdbvzoza62 	2015-05-02 22:00:38
religiao	594561776525648000	iv afilh salaps evangacl nov flor w anajuliabf httpstcowcuymek0dk 	2015-05-02 17:59:08
religiao	594561289978028000	iv afilh salaps evangacl nov flor w anajuliabf httpstcogzsaiuv7fn 	2015-05-02 17:57:12
religiao	594557163550421000	iv irmaps lind mund amo salaps evangacl nov flor httpstcoimlmt7p0bn httptcotkpcqoshat 	2015-05-02 17:40:48
religiao	593970848446456000	hospit evangel in rio jan rj httpstco4pw7kaiomr 	2015-05-01 02:51:00
religiao	593188939772604000	reunia planej ministacri evangacl projet nov temp in sant sp httpstcouydglldsg7 	2015-04-28 23:03:58
religiao	592499100676969000	sobr fim seman incra encontrocomd acamp evangacl ieo httpstco47scatbjgt 	2015-04-27 01:22:48
religiao	592416552542147000	dit evangacl httpstco38ndk484kb 	2015-04-26 19:54:47
religiao	592136669358350000	noj evangacl pergunt porqu httptcoi9ggcbvlgj 	2015-04-26 01:22:37
religiao	594931069700420000	moradaofic desenvolv am final tard deont dia2 gospellivefestiv gospel liv httpstcoxmrsxi23nr 	2015-05-03 18:26:34
religiao	594929671902466000	traz arc deont dia2 gospellivefestiv gospel liv festiv httpstcoijisdsyhwz 	2015-05-03 18:21:01
religiao	594898482147766000	rt menduin toc gospel furi hoj aqu cas irmap sheil seouviraumnovosomdealelu 	2015-05-03 16:17:05
religiao	594897870672818000	nov voz gospel brasil httptcouyvp6mgeu9 	2015-05-03 16:14:39
religiao	594776198510735000	pass nest madrug diz obrig senh jesu tudooo amemmmm gospel httpstcozpuelr6wxc 	2015-05-03 08:11:10
religiao	594657258245599000	acab public fot point gospel livr evangacl httpstcok2nxvqyztg 	2015-05-03 00:18:33
religiao	594655417277493000	camilacaldasfreit point gospel livr evangacl httpstcoiigtjqkiom 	2015-05-03 00:11:14
religiao	594646275695448000	acab public vade gospel liv festiv httpstcosw4kn6yck 	2015-05-02 23:34:54
religiao	594643118990954000	ferv gospel liv festiv fort demal tard hotel michelangel httpstcoj6mvjnnush 	2015-05-02 23:22:22
religiao	594638626883031000	acab public fot point gospel livr evangacl httpstcowrdqkcyj6h 	2015-05-02 23:04:31
religiao	594584147684946000	viv agor red gospel tv band clipgospelofic assist dig httpstco0mpmotz4ht 	2015-05-02 19:28:02
religiao	594580548443595000	benassa aqu gospelliv desej tard vitor gospel liv festiv httpstcoaw8mrh51pr 	2015-05-02 19:13:44
religiao	594576079270064000	entaps ador gospellivefestiv gospellivebr gospel liv festiv httpstcognycbcied2 	2015-05-02 18:55:58
religiao	594566051263820000	red gospel brev canal 21 cidad olamp renascerrev apostoloestev httpstcolaojx3slav 	2015-05-02 18:16:07
religiao	594561757672255000	radiocidade1120 no gospel deu god httptcohuah0gmte6 boat radi cidad 1120 httpstcoruczsve18z 	2015-05-02 17:59:04
religiao	594551578310406000	red gospel brev canal 21 cidad olamp renascerrev apostoloestev httpstcolwlytqco22 	2015-05-02 17:18:37
religiao	594452450431623000	march saps josac rio pret quer ver gospel liv festiv aeroport nacion httpstcohqv03bhxp 	2015-05-02 10:44:43
religiao	594427854223442000	program espec encontrocomdeusnamadrug irmaps pr clacb tvredegospel red gospel httpstcob7c03lnszt 	2015-05-02 09:06:59
religiao	594420855075115000	algum moment radi tv divulgaassaps gospel brasil httpstcol3fhdw9wlh 	2015-05-02 08:39:10
religiao	594373736305951000	jesuscultur quebr tud aqu gospellivefestiv gospel liv festiv httpstcomxdgkfh4g2 	2015-05-02 05:31:56
religiao	595013726861918000	acab public fot igrej batist jardim mont crist httpstcolk3mkmch 	2015-05-03 23:55:01
religiao	595013631093379000	ministraassaps deu privilacgi tod na3 igrej crist mant aragua httpstcoj4xdt26pa1 	2015-05-03 23:54:39
religiao	595009566322070000	daim paciaanc jesu crist assistaclipetudobempoll 	2015-05-03 23:38:30
religiao	595008850031411000	crist abenasso rj cidademaravilh narinadagla3r perfeiassaps felic rj httpstco1yctkfmnvp 	2015-05-03 23:35:39
religiao	595007270452335000	crist ac roch firm fac comunidad naassau brasal httpstcoh3hmgjmgpt 	2015-05-03 23:29:22
religiao	594995594780901000	graass deu pod cont am jorjaps vid paz crist para3qu httpstcoueicw3p8ph 	2015-05-03 22:42:58
religiao	594993001396576000	crist reden httpstcod6yhl7jbg6 	2015-05-03 22:32:40
religiao	594974567023641000	5adeg doming ressurreiassaps louv senh jesu crist ipu jundi igrej presbiteri unid jundia httpstcofq8etmgyn 	2015-05-03 21:19:25
religiao	594973696118391000	crist venc igrej rio vid in port alegr 91360 httpstcog7ry1kroc 	2015-05-03 21:15:57
religiao	594969635574907000	famil serv senh part cultonaimac igrej ministacri apascent crist httpstcohsnnnjbfxp 	2015-05-03 20:59:49
religiao	594966112653189000	sant crist rio jan httpstcoal3pwss3nl 	2015-05-03 20:45:49
religiao	594965854481216000	hoj sant cei oportun renov alianass crist 	2015-05-03 20:44:48
religiao	594957124112900000	vam ador deu ibrgc igrej batist renov guerr crist httpstcojwdiozcvey 	2015-05-03 20:10:06
religiao	594948259375915000	abenasso crist reden httpstcoonfqn8569w 	2015-05-03 19:34:53
religiao	593424305138094000	comemor tatul ray vatic iii trofacu kat cilen tav pouc feliz lap httpstcomyqqxzy1nt 	2015-04-29 14:39:14
economia	593887415422583000	brasil saopaul stockmarket campin valutainvest invest fech ibovesp 163 httpstcog3mxlylidz 	2015-04-30 21:19:28
economia	593512741165404000	brasil saopaul stockmarket campin valutainvest invest fech ibovesp 087 httpstcocbu7mxaz4k 	2015-04-29 20:30:39
economia	593410986935190000	brasil saopaul stockmarket campin valutainvest invest fech ibovesp 050 httpstcoaclzuhxut 	2015-04-29 13:46:18
economia	592791635831960000	brasil saopaul stockmarket campin valutainvest invest fech ibovesp 187 httpstcohttbk0rjfg 	2015-04-27 20:45:14
economia	592470741335020000	uai gent dol caiu jn nao notici ibovesp fech mai alt desd dez2014 jn nao notici mid 	2015-04-26 23:30:06
economia	595061905875718000	viv cicl vid impost mund nasc compr cresc compr reproduz compr morr vid ras car 	2015-05-04 03:06:28
economia	594176595880976000	parab trabalh pag impost rend governoptdilm nao atualiz tabel ir apes inflaca 	2015-05-01 16:28:34
economia	593939063918432000	tint robust comemor declaraca impost rend agradec lea abocanh httpstcomi9crj9qtj 	2015-05-01 00:44:42
economia	593923590967419000	rdgauch impost sobr beb sob 10 part mai saib httptco1molnnwobx httptcoxv0w9zjt7m 	2015-04-30 23:43:13
economia	593907015489081000	hoj fiz destinaca impost rend dev fund estad direit crianc httpstcoqdpnuygqqq 	2015-04-30 22:37:21
economia	593850889644958000	impost rend agu luz ga beeeee fic vei sep 	2015-04-30 18:54:19
economia	593846106565513000	mae deix declar impost rend ult dia parab mta palm 	2015-04-30 18:35:19
economia	593808052333195000	declaraca impost rend transmit sucess 	2015-04-30 16:04:06
economia	593790566887981000	declaraca impost rend pes ano kkkk motohomegarag loadrid scania112 full httpstcoif8yurerod 	2015-04-30 14:54:37
economia	593744816023937000	ult dia entreg impost rend pesso fisic 2015 aind temp cf contavel cfcontavel httpstcojwwv5kiebw 	2015-04-30 11:52:50
economia	593742828112630000	grand tuliomilman direit pergunt blasfem contr govern hor declar impost rend pec sensac 	2015-04-30 11:44:56
economia	593727267861373000	rt nelsonfsilva1 geraldodemor combusti govern corrupt impost pag contribuint 	2015-04-30 10:43:06
economia	593726802557796000	rt abc900 aoviv receb deleg luil f lorenz receit feder esclarec duvid sobr impost rend httpt 	2015-04-30 10:41:15
economia	593725626256859000	bem confus impost rend 	2015-04-30 10:36:34
economia	593725588113891000	aoviv receb deleg luil f lorenz receit feder esclarec duvid sobr impost rend httptcoipwbfqmhf 	2015-04-30 10:36:25
economia	593725384073597000	praz entreg impost rend termin nest quintaf httptcogn0blmoc72 	2015-04-30 10:35:37
economia	593662524819644000	geraldodemor combusti govern corrupt impost pag contribuint 	2015-04-30 06:25:50
economia	593611610301825000	def tes seguint tud impost contr democrac base conclu impost rend ileg 	2015-04-30 03:03:31
economia	593595045456020000	denisfpalme fim cerimon encar pe enquant vend novel ral ger impost pag salari merd 	2015-04-30 01:57:41
economia	593558569338991000	eit impost rend exist tip benefici tra lea ir receitafeder naoaguentoiss 	2015-04-29 23:32:45
economia	593525963670983000	impost rend finaliz ahhh brasil deix tud ult hor nanfehous httpstco4hrmjdzeng 	2015-04-29 21:23:11
economia	593495848882930000	ah deput pessoal superi nao dinh mant estrut cade gent pag pouc impost 	2015-04-29 19:23:31
economia	593457285831270000	gost aument impost nao pod fal 1 mai culp nao incompetenc econom devastada protest 	2015-04-29 16:50:17
economia	593455828209926000	martax saiu pens pod ganh eleica nao pod pov nao esquec enfi 1 nab dig aument impost radad id viu 	2015-04-29 16:44:29
economia	593454166728700000	brasil unic serv publ 1 mund declaraca ir control cobr impost extors pov est func 	2015-04-29 16:37:53
economia	593432137891721000	cesartrall parec nao adiant economizarqd vid comec melhor gnt pg p receitas pg impost p tudopq pg trallina 	2015-04-29 15:10:21
economia	593169711489229000	presid diogochamun instant tv bandeir fal sobr impost rend canal 10 port alegr httptcoeorqipyvut 	2015-04-28 21:47:34
economia	593136056565891000	valoreconom jornaldacbn vez aument carg tribut vej qto icm impost dilm pt 	2015-04-28 19:33:50
economia	593070437275410000	vid bost cont pag 20 ganh impost rend farmac 	2015-04-28 15:13:05
economia	592889186874692000	neymarnocqc dilm rousseff impost n compr camis dilm rousseff 	2015-04-28 03:12:52
economia	592798752785756000	celsorussomann pessoal goian pag impost post upa ub atend medic 	2015-04-27 21:13:30
economia	592789012068315000	nao sei odei relaca impost rend assalt burocrac 	2015-04-27 20:34:48
economia	592777185758437000	ador cha cade lev faz declaraca impost rend nao 	2015-04-27 19:47:49
economia	592757329197715000	aind bem impost rend simplific assim nao justif procrastinaca 	2015-04-27 18:28:54
economia	592741639963189000	real sent brasil deix ult seman declaraca impost rend 	2015-04-27 17:26:34
economia	592713477631943000	acord enxaquec cao mens cont sobr impost rend agor enxaquec dor cabec 	2015-04-27 15:34:39
economia	592674130949968000	rt marcelogamb brunischultz inflaca melhor send saque depend transport publ impost rend 	2015-04-27 12:58:18
economia	592674055532216000	brunischultz inflaca melhor send saque depend transport publ impost rend 275 	2015-04-27 12:58:00
economia	592502325861823000	josesima impost rend declaraca 2015 httptcoj3wgvynylm pront decl tbm 	2015-04-27 01:35:37
economia	592359441401520000	precis declar impost rend 	2015-04-26 16:07:50
economia	592351701102961000	acord bem ced peg not fiz declaraca impost rend dev ter err restituica rs fez 	2015-04-26 15:37:05
economia	592324875961954000	zeigeist n quer sustent padra impost ach valh sufici fic algu fucking padra 	2015-04-26 13:50:29
economia	592181008243503000	aqu pag impost globogolpista50 pag 	2015-04-26 04:18:49
economia	592180048389628000	mauhor cuid impost rend httptcot1yl7aczwb 	2015-04-26 04:15:00
economia	592158894157365000	aquirobertocarl espec vish cust bilho dinh impost globo50 soneg 	2015-04-26 02:50:56
economia	592139478690570000	fimdepap ia peg ali extrat rend anual envi cont hist impost ren cois tal broki ali 	2015-04-26 01:33:47
economia	592132690691944000	globogolpista50 impost glob soneg httpstco3nl04hzqfm 	2015-04-26 01:06:49
economia	593411316724924000	ach car invest educaca experim cust ignoranc derek bok rei httpstcoiphbua6ko 	2015-04-29 13:47:37
economia	593346891070452000	cao perd metr venezuel bnd invest metr sufocometr linhavermelh metrosp 	2015-04-29 09:31:37
economia	593239306124263000	brookfield negoc invest r33 bi brasil diz font httptcousqzoupmqw 	2015-04-29 02:24:07
economia	593200773426717000	rt claudiolamach falt recurs invest saudeseguranc educaca sobr recurs triplic receit part p 	2015-04-28 23:51:00
economia	592710265394831000	prefeit jaragu sul diet janssen reconhec barat efici invest httpstcocyeoctrgd2 	2015-04-27 15:21:53
economia	592547007115452000	rt claudiolamach falt recurs invest saudeseguranc educaca sobr recurs triplic receit part p 	2015-04-27 04:33:10
economia	595066333030650000	quer aument carg hor nao quer aument salari funcionari demit vagabund 	2015-05-04 03:24:04
economia	594931041300783000	cris econom dila7803 gent shond mat p nao pag salari httpstco8rnid7odd 	2015-05-03 18:26:28
economia	594301461057688000	comdilmaapanelaeche terceirizaca 25 men trabalh contrat direit 13degsalari fer fgt 	2015-05-02 00:44:44
economia	595032169917116000	rt ladradping profes tao grev aind gal 	2015-05-04 01:08:19
economia	594984945732444000	acab grev car lamenta 	2015-05-03 22:00:40
economia	594980619257573000	rt zeilabheck arbitr formaca faculdad grev ser sempr vergonh 	2015-05-03 21:43:28
economia	594980301866201000	arbitr formaca faculdad grev ser sempr vergonh 	2015-05-03 21:42:12
economia	594966613448892000	tao fal amanh ter grev denov alphavill 	2015-05-03 20:47:49
economia	593485218041987000	serv publ jauens saind rua melhor salari grev cris rua maj pr httpstco1sgh7zwfd9 	2015-04-29 18:41:17
economia	593485092120621000	profes guerr paran merec tod respeit grev 	2015-04-29 18:40:47
economia	593472609423077000	grev educaca amig profes eutonalut mestr nossabas vamosguerr eutonagrev httpstco3ikxsuynqf 	2015-04-29 17:51:10
economia	593445782847672000	grev tribun jus est sant catarin tjscnotic httpstco0g1om88px httptco93byqptkb 	2015-04-29 16:04:34
economia	594904825558610000	rt vagaspublicidad assist planej agenc vm2 baruer sp httptcogdazqer0p vag 	2015-05-03 16:42:17
economia	594904818482860000	rt vagaspublicidad atend publicitari agenc vm2 baruer sp httptcoawtpfvqpjn vag 	2015-05-03 16:42:16
economia	594772407665041000	anal link patrocin agenc vm2 baruer sp httptcoqnvmxowgk3 vag 	2015-05-03 07:56:06
economia	594772406775910000	atend publicitari agenc vm2 baruer sp httptcoawtpfvqpjn vag 	2015-05-03 07:56:06
economia	594772405920375000	assist planej agenc vm2 baruer sp httptcogdazqer0p vag 	2015-05-03 07:56:06
economia	594747530878931000	reda publicitari seni foc conteud soc med agenc vm2 baruer sp httptcomnqzbdu5vt vag 	2015-05-03 06:17:15
economia	594747528211403000	mid off agenc vm2 baruer sp httptco0c3tid70ll vag 	2015-05-03 06:17:15
economia	594690161172087000	seni administrativ assistant cien sao paul sp httptcoc1apomofcx vag 	2015-05-03 02:29:17
economia	594591337304891000	art final design graf mast print impress sa curitib pr httptcocwsjlux4z 	2015-05-02 19:56:36
economia	594563798415122000	rt allanlac arrum empreg algu nom jesu 	2015-05-02 18:07:10
economia	594561478520402000	rt allanlac arrum empreg algu nom jesu 	2015-05-02 17:57:57
economia	594336747820954000	gerent atend cit sao paul sp httptcombbv18opjr vag 	2015-05-02 03:04:57
economia	594080470003909000	dire art plen issu comunicaca sao paul sp httptcofqfz1p1n75 	2015-05-01 10:06:36
economia	594080468955345000	dire art plenoseni tram comunicaca sao paul sp httptcosiokpy1iev 	2015-05-01 10:06:35
economia	594025392316424000	espec i marketing hsbc sao paul sp httptcoi9nabgm0tv vag 	2015-05-01 06:27:44
economia	593974455031870000	assist marketing praz determin 8 mes sao paul janssen johnson amp johnson sao paul sp httptcodo3pbjm8uv vag 	2015-05-01 03:05:20
economia	593892708520894000	estagi design graf sao paul sp httptcovt02t8mvmu 	2015-04-30 21:40:30
economia	593892707342242000	produt graf formatoib campin sp httptcoli5lwmwet 	2015-04-30 21:40:30
economia	593892447844897000	gerent marc inovaca diage sao paul sp httptcoo03palu3zh vag 	2015-04-30 21:39:28
economia	593877376121070000	cheg agor ha pouc centr col cie futur consegu 2 encaminh empreg entrev agor 	2015-04-30 20:39:34
economia	593871600761459000	assist desenvolv propagand loby ecommerc sao paul sp httptcogjzrxyxlwj vag 	2015-04-30 20:16:37
economia	593461613526708000	boa tard g3 negoci httpstcocic3sbvtac 	2015-04-29 17:07:29
economia	593401387628831000	pret basic mafr gesta negoci consult httpstcovzuyjrq0hu 	2015-04-29 13:08:10
economia	593219123426906000	econom negoci fenatran ocorr 9 13 novembr sao paul mai event transport rodov httptcoht5uinbvkc 	2015-04-29 01:03:55
economia	593114444982579000	velh almoc negoci lig chin delivery httpstcojwzkwvya18 	2015-04-28 18:07:57
economia	593098762576355000	rt choiyounja abenco sej rt jornaloglob dol ating min r 288 httptcofku6xztwot httptcom26y0eh3bl 	2015-04-28 17:05:38
economia	593098628903862000	abenco sej rt jornaloglob dol ating min r 288 httptcofku6xztwot httptcom26y0eh3bl 	2015-04-28 17:05:07
economia	593067785695146000	henriqueejuli fenac centr event negoci httpstcoal7lzkekbl 	2015-04-28 15:02:33
economia	593065431574913000	rod negoci fest uva vinhed httpstcopfrmljy3fz 	2015-04-28 14:53:12
economia	593054147966034000	rod negoci ciesp vinhed prefvinhed in vinhed sp httpstcofoj2kbitdx 	2015-04-28 14:08:21
esporte	595029938648023000	mai torc sc mai club sc joinvill esport club httptcodojkgzztmv 	2015-05-04 00:59:27
esporte	595026788075631000	amanh dia histor p esport brasil und armour entr brasil atrav spfc 120314 receb kevin plank 	2015-05-04 00:46:55
esporte	595024825715921000	aren joinvill esport club httpstcot0ktvlytzz 	2015-05-04 00:39:08
esporte	595019910088106000	final gaucha princip produt esport empr bat bol showroom edifici cano ridicul httptcowucjqjctav 	2015-05-04 00:19:36
esporte	595012882628227000	arlenet10 gost outr esport menos torc ganh ngm tir sarr 	2015-05-03 23:51:40
esporte	595012303570997000	jec nasc campeaonasceucom tac mao aren joinvill esport club httpstcoczb3pra3t 	2015-05-03 23:49:22
esporte	595010674792759000	nao forc derrub glori joinvill esport club aren joinvill httpstco3a6woxx3a0 	2015-05-03 23:42:54
esporte	595010597219078000	jec nasceucampea aren joinvill esport club httpstcojzbunqxx2j 	2015-05-03 23:42:35
esporte	595008976519062000	nao venh diz futebol alem esport qualqu mex httpstcoylsviv1akn 	2015-05-03 23:36:09
esporte	594999294274449000	gost paraben joinvill esport club conqu campeonat catarin httpstcoau32firqk0 	2015-05-03 22:57:40
esporte	594996978649535000	sant praticas esport dign ferv sort venc httpstcovgosasvga7 	2015-05-03 22:48:28
esporte	594994468031484000	rt bielminsk campeaaa porraaaa aren joinvill esport club httpstcotvgj46wrxl 	2015-05-03 22:38:30
esporte	594993642088964000	campeaaa porraaaa aren joinvill esport club httpstcotvgj46wrxl 	2015-05-03 22:35:13
esporte	594988165955457000	fe madur esport club httpstco3ohsgj602 	2015-05-03 22:13:27
esporte	594987489397502000	parab joinvill esport club aren joinvill httpstcopx7lbp9x4 	2015-05-03 22:10:46
esporte	594985110660903000	futebol nao esport espetacul acab aqu brasil acontec quatr linh 	2015-05-03 22:01:19
esporte	594984786206294000	aren joinvill esport club httpstcolj2mrykpst 	2015-05-03 22:00:01
esporte	594982228016366000	resum fim seman patinaca esport prefer assim corr and httpstcoc29cwwuihd 	2015-05-03 21:49:52
esporte	594978315057898000	moniqueduard nao sao torc mid tamb esper glob esport amanh trist real 	2015-05-03 21:34:19
esporte	594976459455865000	rt celabeatriz0 futebol esport depend sort tamb moral 	2015-05-03 21:26:56
esporte	594976004063494000	arrepi tod trajet merec titul joinvill esport club campea catarin httpstcolz0klhf7gl 	2015-05-03 21:25:08
esporte	594971359379399000	am esport mai qualqu rival ridicul 	2015-05-03 21:06:40
esporte	594969599638163000	rt blowssoph am fot aren joinvill esport club httpstco28dvhbxxch 	2015-05-03 20:59:41
esporte	594969436177748000	etern sere gooooiiiaa ecampeao goi esport club httpstconqv7z0wrc 	2015-05-03 20:59:02
esporte	594958069089591000	esport import fim sao result kit terc lug cdi 3 httpstcotqtaz0nwwc 	2015-05-03 20:13:52
esporte	594957195814564000	joinvill x fig aren joinvill esport club httpstcobcwnqm8xu3 	2015-05-03 20:10:23
esporte	594952868320403000	final cop mund ginas our brasil caixaginas ginas esport httpstcocn5e7sfbmh 	2015-05-03 19:53:12
esporte	594934006841483000	gaaborg biellplac gost esport geral futebol am demal 	2015-05-03 18:38:15
esporte	594933612711141000	mai torc sant catarin incontesta aren joinvill esport club httpstcocrvfuvjkd3 	2015-05-03 18:36:41
esporte	594927791960957000	am fot aren joinvill esport club httpstco28dvhbxxch 	2015-05-03 18:13:33
esporte	594924303512171000	hojee meeu verda vam ergu tac campea goi goi esport club httpstcovyfwfdczu8 	2015-05-03 17:59:41
esporte	594916491155345000	doming feliz tv chei esport ginas nba final paul carioc 	2015-05-03 17:28:39
esporte	594912268925669000	milha torc tradica goi esport club 1943 httptcosnl6nztyvz 	2015-05-03 17:11:52
esporte	594907509783159000	futebol socc brasil brazil juventu errejot rj amo esport saud educacaofis amig httpstcok7spy8jl4v 	2015-05-03 16:52:57
esporte	594901878800044000	boat hoj otim dia pratic ativ fisic lca apo esport doming httpstcov5ueswawvc 	2015-05-03 16:30:35
esporte	594900394305786000	bat saudad est pert pai agor ver esport espetacul almoc ver sant ganh 	2015-05-03 16:24:41
esporte	594893711043142000	fic fri cois tod qualqu hist lig esport derrub man 	2015-05-03 15:58:07
esporte	594893540179714000	lagr het min pass glob esport 	2015-05-03 15:57:27
esporte	594893506222674000	lind hist glob esport 	2015-05-03 15:57:19
esporte	594893110045446000	rt galisteuofic bat bol tenil amorquenaosemed play lov esport club pinh httpstcofdtc16rwob 	2015-05-03 15:55:44
esporte	594888703371248000	rt morettobrun esport espetacul fal sobr palm 	2015-05-03 15:38:14
esporte	594888616473711000	rt morettobrun esport espetacul fal sobr palm 	2015-05-03 15:37:53
esporte	594888579375100000	esport espetacul fal sobr palm 	2015-05-03 15:37:44
esporte	594882523123036000	kak agor esport espetacul ning saiiiii 	2015-05-03 15:13:40
esporte	594881734925283000	gren test clim cop mund final reforc exempl posi httptcol1fog8q0u0 uol 	2015-05-03 15:10:32
esporte	594880785133502000	cheg mus futebol tod am esport breta brasil mund kkk show bol 	2015-05-03 15:06:46
esporte	594880204654391000	cois famil nao perd esport ginas artis olimpi invern 	2015-05-03 15:04:27
esporte	594879517744828000	quart final lig vemsempress tocaes almeidadig mtalme 18 hr esport club cocot httpstcoyeegi8ko0q 	2015-05-03 15:01:44
esporte	594874496634466000	trein mms doming conclu sucess esport carreg vei httpstcoplsdmav9q 	2015-05-03 14:41:46
esporte	594871041027133000	outr vid poss ter sid ginast porqu nao norm am esport 	2015-05-03 14:28:03
esporte	594857223945335000	nov esport cicl caminh plan encontr amig vam feir gu httpstcoykn2zptuxy 	2015-05-03 13:33:08
esporte	594856322857869000	aren aren joinvill esport club httpstcorhfsumbap7 	2015-05-03 13:29:33
esporte	594849214812791000	hoj poss diz dia superaca esport vlw cad km vlw apoi erik httpstcovg1gnv2dz 	2015-05-03 13:01:19
esporte	594849214045233000	hoj poss diz dia superaca esport vlw cad km vlw apoi erik httpstcomvkb6jbtnj 	2015-05-03 13:01:19
esporte	594839733957730000	palm campea ser otim nao pacienc lembrems derrot faz part esport 	2015-05-03 12:23:38
esporte	594833926159499000	rt georgehilton10 ministr esport entreg tac campea min futebol varg mg ministr httpstco5g9miain 	2015-05-03 12:00:34
esporte	594833709909594000	ministr esport entreg tac campea min futebol varg mg ministr httpstco5g9miainuq 	2015-05-03 11:59:42
esporte	594821754184401000	menos bem menos vc curt box pod fal menos dign fic quiet sobr esport nao conhec 	2015-05-03 11:12:12
esporte	594821432435171000	ach engrac nunc vi put coment box fal nec esport ont tod mund pod afirm categoric roub 	2015-05-03 11:10:55
esporte	594727626582917000	nunc vou entend outr esport nao ser futebol hahahahahah 	2015-05-03 04:58:10
esporte	594697601007616000	igorsaien ah man nao alem gost esport sei rival nao consig gost 	2015-05-03 02:58:51
esporte	594691228366692000	pen nao gost basquet esport incri 	2015-05-03 02:33:32
esporte	594691009436643000	rt pedrorhorm nao nad cham lut secul mayweath 470 pacquia 5652 dua lend esport canalcombat ma 	2015-05-03 02:32:40
esporte	594688998708249000	nao nad cham lut secul mayweath 470 pacquia 5652 dua lend esport canalcombat maypacnocombat 	2015-05-03 02:24:40
esporte	594683191954416000	conhec sab exginast qto amoo esport fd torc send httpstcoj16xzigum5 	2015-05-03 02:01:36
esporte	594665245299352000	ministeri esport fe aca projet esport aca aul ministr muay th httpstcouovbkc2bcd 	2015-05-03 00:50:17
esporte	594651498606404000	rt cuiabanol depo dupl jadsejadson jadsejason jadspaul sobr esport rodei rodeioemtour httpstcov6fwqz54pc 	2015-05-02 23:55:40
esporte	594633463497626000	obr entreg populaca brasil recurs ministeri esport entreg httpstco2pos7gpoqn 	2015-05-02 22:44:00
esporte	594630700806054000	tozzafl hernanecrf gent esport inter ach err inclu tim regia 	2015-05-02 22:33:01
esporte	594628087637217000	depo dupl jadsejadson jadsejason jadspaul sobr esport rodei rodeioemtour httpstcov6fwqz54pc 	2015-05-02 22:22:38
esporte	594607582070907000	parab coleg esport samp campeo juvenil brasil seleco sub20 	2015-05-02 21:01:09
esporte	594581598022050000	tao faz vend cop nord esport inter 	2015-05-02 19:17:54
esporte	594568943727202000	lig aqu lig ei esport inter melhor canal esport mund entrandonasf 	2015-05-02 18:27:37
esporte	594559853714092000	ginas copadomund duplotwistestic carp esport httpstconq4ghgxyx 	2015-05-02 17:51:30
esporte	594540703151235000	ministr esport particip log alfen sul min cerimon reinauguraca httpstcoohmvxlffsr 	2015-05-02 16:35:24
esporte	594531004091650000	cop mund ginas artis ga esport sport ginasiodoibirapu httpstcouw8ujzioft 	2015-05-02 15:56:51
esporte	594529533488923000	glob esport comec program mostr torc palm comemor gol sant kk 	2015-05-02 15:51:01
esporte	594526876372234000	hoj rol esport sol ir dorm sol tard feri picnic hipic folowm esport httpstcoih9obbswfn 	2015-05-02 15:40:27
esporte	594510795301593000	assim acord ced nataliacasemir villalob patim roll fun esport httpstcozqnx1mpgey 	2015-05-02 14:36:33
esporte	594502195946619000	trein irma 1hnrk esport bom vem gent te nogu recrei httpstcol0np6mr1vf 	2015-05-02 14:02:23
esporte	594500438289940000	duvid melhor tim melhor esport basquet melhortim melhoresd httpstco4okfvrskxz 	2015-05-02 13:55:24
esporte	594494330821354000	manh futebol futebol fut socc gol artilh esport sport resid zer alphavill httpstcoawg4oxherk 	2015-05-02 13:31:08
esporte	594491297488052000	ont tent ensin pouq futebol um pern pau esport club flameng httpstco8f8qcylw57 	2015-05-02 13:19:05
esporte	594341523489202000	futebol paixa esport amizad cilioo club nau marcili dia httpstcoitlnxwytn 	2015-05-02 03:23:56
esporte	594333165281530000	rt jbelmonte13 parab esport club nov hamburg tem tradica hist 104 ano mostr httpstcovzyb8p 	2015-05-02 02:50:43
esporte	594256269277581000	esport traz inspiraca adrenalin diversa marac httpstcoujvlyoqibq 	2015-05-01 21:45:10
esporte	594242659050496000	cole hemerson mar aren joinvill esport club httpstcogckz0igi8n 	2015-05-01 20:51:05
esporte	594240050294039000	redetv defin estre sup faix esport egam conf httptco4adu5snk 	2015-05-01 20:40:43
esporte	594218587105165000	serr treking serr esport serr matin httpstco9ni0vgwot3 	2015-05-01 19:15:25
esporte	594211671754805000	sext at parcer arranc ecp ecp esport club piracicab automobil httpstcobctalekpkk 	2015-05-01 18:47:57
esporte	594210263349469000	skateboard bikecros indaiatub mto esport top parqu ecolog indaiatub httpstcoxnn8ztftdg 	2015-05-01 18:42:21
esporte	594206191955386000	haaaa hj dia esport hahahahh wak wakeboard enquant zaneta trein agu httpstcoqo1ui9fylk 	2015-05-01 18:26:10
esporte	594202732673802000	pi notic ano mimesport inter ter exclus transmisso championsqu merd 	2015-05-01 18:12:25
esporte	594192095692386000	tre cois quer ter vist esport pel jog sant ayrton senn corr maycon jordan dand salt 	2015-05-01 17:30:09
esporte	594176524334535000	velozm nad furi kart cent esport laz httpstcors6tv76hc 	2015-05-01 16:28:17
esporte	594172931724415000	gdesa14 import integraca bom p esport bom p crianc p futur mao delasshow 	2015-05-01 16:14:00
esporte	594166646169838000	instacollag inici primav liban pra esport nev prai httpstcoeqkcqyhf49 	2015-05-01 15:49:02
esporte	594133778571895000	parab esport club nov hamburg tem tradica hist 104 ano mostr httpstcovzyb8pect4 	2015-05-01 13:38:25
esporte	594097880614490000	ministeri esport cbc benefic club port alegr club gauch gremi nau httpstcodp1agdqy9 	2015-05-01 11:15:47
esporte	594013303443186000	final domin seleca paul sp ignor oliv craqu via uolesport uol httptcoq43jrnu8zr 	2015-05-01 05:39:42
politica	595050498799104000	rt freirerobert nao entend netomadneto1 apes corrupca dilm impeachment exist vot majoritari congress 	2015-05-04 02:21:09
politica	595046940376703000	nao entend netomadneto1 apes corrupca dilm impeachment exist vot majoritari congress aind nao 	2015-05-04 02:07:00
politica	595021327238586000	rt letraslimit dilm anunc baix litr gasolin 550 ml 	2015-05-04 00:25:14
politica	595008321595249000	rt assous marialcab dilm vet abr caix pret bnd vam exig abert cpidobnd 	2015-05-03 23:33:33
politica	595006435840414000	rt letraslimit dilm anunc baix litr gasolin 550 ml 	2015-05-03 23:26:03
politica	594980532687081000	vaniaborb agor vam fal sobr impeachment dilm 	2015-05-03 21:43:07
politica	594978003324658000	rt andreoertel cont reeleica dilm pod ter irregular grav diz ministr stf httptcosnn1eyq6ln httptco5gqz6f 	2015-05-03 21:33:04
politica	594974110247158000	joaopedrolg cruzeironew mensala lig lul petrola lig dilm pt euric combin 	2015-05-03 21:17:36
politica	594972381464175000	rt milosalcalay folh informapolic brasil investig irregular joa sant public campan lul dilm chav mad 	2015-05-03 21:10:44
politica	594929684250497000	pronunc precident dilm rousseff httpstco2vmewkdol 	2015-05-03 18:21:04
politica	594889946437157000	rt milosalcalay folh informapolic brasil investig irregular joa sant public campan lul dilm chav mad 	2015-05-03 15:43:10
politica	594839418197934000	ador rtzeroh grup protest di apart dilm rousseff port alegr httptcorn264qyjtk httptcoruiu7sfh6f 	2015-05-03 12:22:23
politica	594706924370862000	rt ecantanhed tud dilm nao precis cris 	2015-05-03 03:35:54
politica	594676583597797000	facebook proteg dilmapt gent confirm real 	2015-05-03 01:35:20
politica	594671490257310000	facebook censur crit dilm diab 	2015-05-03 01:15:06
politica	594669310624342000	rt tvbbnew dilm obrig pov assist pronunc aecioneveszuer fabioporchat quer obrig pov ass 	2015-05-03 01:06:26
politica	594647555453092000	econom dilmapt decepca telejorn mostr pov roend oss jn 	2015-05-02 23:39:59
politica	594628558712091000	fim tard cas dilm turist palaci alvor httpstcoqoeb4mgoq5 	2015-05-02 22:24:30
politica	594573886240461000	rt bolsonarosp dilm ouv voz rua said presidenc ont font glob onlin httptcolc1mwbx5mm 	2015-05-02 18:47:15
politica	594924575466639000	pt nao plan 2018 princip lid send investig pod ser pres assim plan p 2018 	2015-05-03 18:00:46
politica	594879404091810000	pt err enquant part sucess estrond organizaca crimin 	2015-05-03 15:01:16
politica	594854717496394000	aleiarodrig fod jus prisa pobr 8 11 juiz stf sao pt 	2015-05-03 13:23:11
politica	594311501814637000	dilm receb protest visit exmar rs httptcolf2d5fosz via vej bom bom 	2015-05-02 01:24:38
politica	594258217305268000	rt alexaguiarpo fat seman brut assalt polic protest period democra brasil httptco0l 	2015-05-01 21:52:54
politica	594252500540236000	fat seman brut assalt polic protest period democra brasil httptco0l4u1gxjwk 	2015-05-01 21:30:11
politica	593862765783208000	protest sintet prac girassoil httptcokns9zhvg 	2015-04-30 19:41:31
politica	593839268948247000	protest centr civic tend httptcogq1vuukz 	2015-04-30 18:08:09
politica	593824942124302000	rt alexaguiarpo protest profes comec seman sp atac predi histor profes vide httptcoqrdbjhkqv ht 	2015-04-30 17:11:13
politica	593767244922016000	rt alexaguiarpo protest profes comec seman sp atac predi histor profes vide httptcoqrdbjhkqv ht 	2015-04-30 13:21:57
politica	593766761952104000	protest profes comec seman sp atac predi histor profes vide httptcoqrdbjhkqv httptcoa2fbnnc4hk 	2015-04-30 13:20:02
politica	593747206529757000	crimin aca polic pr ali nao profes proposit unic protest paz profiss protest 	2015-04-30 12:02:19
politica	593736334994354000	rt pedroricht portalr7 cinegraf mord pit bul pm dur protest profes paran httptcofnj8mi3equ htt 	2015-04-30 11:19:08
politica	593734838978519000	portalr7 cinegraf mord pit bul pm dur protest profes paran httptcofnj8mi3equ httptco6elmq700zc 	2015-04-30 11:13:11
politica	593690949693383000	protest ped intervenca milit trat educaca protest ped educaca trat intervenca milit conf 	2015-04-30 08:18:47
politica	593616555122020000	report cinematograf atac cao pm dur protest profes pr httptcokwur7c5o43 g1 httptcold6vv82jry 	2015-04-30 03:23:10
politica	593557846823981000	psdbost exist protest nao exist democrac centr civic curitib pr httpstco3dhwpnnhbp 	2015-04-29 23:29:53
politica	593531923143594000	ide mand pm cobr protest profes pit bull deu 	2015-04-29 21:46:52
politica	593527955118166000	cert govern vao sensibil protest pacif profes hero mat lea dia 	2015-04-29 21:31:06
politica	592823345621692000	cidad baltimor pass protest civil li hoj ced notic sobr gangu rival combin atir polic 	2015-04-27 22:51:14
politica	592798356675699000	protest est unid igual brasil 	2015-04-27 21:11:56
politica	592797481269862000	mei protest tem deix event sp discurs httptcohfv5hbmxmg 	2015-04-27 21:08:27
politica	592792363480838000	negr mort polic euat tend protest pov saqui tud 	2015-04-27 20:48:07
politica	592751855601623000	sob protest tem deix feir agricol discurs interi sao paul nao hor impeachmentm sim renunc 	2015-04-27 18:07:09
politica	592454062349619000	alexchina0 protest profes contr alckmin red glob reun 60 mil pesso centr sp httptcop9j8cxhvy 	2015-04-26 22:23:50
politica	592453164336607000	pov qu exig glob cubr protest contr glob send glob cheg protest antiglob tac pedr glob 	2015-04-26 22:20:16
politica	594190901087449000	impeachment impeachment impeachment sim palavr moment sim ferrament httpstcouk4p19tx88 	2015-05-01 17:25:25
politica	593937862564958000	vam ter passeat pro impeachment lul seman vem avis coloc camiset cbf protest contr corrupca 	2015-05-01 00:39:55
politica	593929498653020000	jornalcult pmdb est timid reduz credibil presid p forc impeachment assum tron 	2015-05-01 00:06:41
politica	593471505843016000	micheltem faccaocrimin cirooliv mariaceliaraimund rodrigozogaib procuraco desapareceram43dp dilmabr impeachment 	2015-04-29 17:46:47
politica	593160877400052000	rt lelexdutr folh aeci convenc tucan cam adi ped impeachment httptcoekjfl4m56 banan 	2015-04-28 21:12:28
politica	593160243586200000	folh aeci convenc tucan cam adi ped impeachment httptcoekjfl4m56 banan 	2015-04-28 21:09:57
politica	592795418360185000	rt elianadeolive14 nao hor impeachment diz jurist poli geral estada mobil httptcotlcrpgp4tu pov contin 	2015-04-27 21:00:16
politica	592794948195459000	impeachment 	2015-04-27 20:58:23
politica	592794781304103000	rt elianadeolive14 nao hor impeachment diz jurist poli geral estada mobil httptcotlcrpgp4tu pov contin 	2015-04-27 20:57:44
politica	592794719987565000	nao hor impeachment diz jurist poli geral estada mobil httptcotlcrpgp4tu pov continu sangr 	2015-04-27 20:57:29
politica	592745705413943000	rt letraslimit psdb nao divid sobr impeachment diz alckmin httptcoqxhzpafmlh 	2015-04-27 17:42:43
politica	592744931980091000	rt letraslimit psdb nao divid sobr impeachment diz alckmin httptcoqxhzpafmlh 	2015-04-27 17:39:39
politica	592744194017522000	psdb nao divid sobr impeachment diz alckmin httptcoqxhzpafmlh 	2015-04-27 17:36:43
politica	592736821374808000	tax desempreg nuv ser dificil pt escap impeachment via pov rua 	2015-04-27 17:07:25
politica	592662653232914000	psdb poe bloc impeachment rua projet ped impeachment outr assim corrupca httpstcojsyz38hmbj 	2015-04-27 12:12:42
politica	592636719125651000	g1 psdb contat oposica indic advog protocolara algum ped impeachment 	2015-04-27 10:29:39
politica	592633160124498000	jornaloglob ha 16 ano lul ped impeachment govern acus golp httptcob6zfh9nlz6 httptcovlpteysfhg agor invert 	2015-04-27 10:15:30
politica	592615502729581000	rt pablogril ha 16 ano lul ped impeachment psdb acus golp httptcowduv0capl 	2015-04-27 09:05:20
politica	592539719357092000	prox seman psdb protocol cam ped impeachment petralh enfim 	2015-04-27 04:04:12
politica	592464255296889000	rt zoccoli16 sociolcardosouerjqu defend impeachment hoj qu limp acabesa corrupt httptcos6g5vpn8qk 	2015-04-26 23:04:20
politica	592455925237178000	rt paulacfort emirsad possibil impeachment oposica faz perd eleico 2018 	2015-04-26 22:31:14
politica	592454288225477000	emirsad possibil impeachment oposica faz perd eleico 2018 	2015-04-26 22:24:44
politica	592442354616898000	rt zoccoli16 sociolcardosouerjqu defend impeachment hoj qu limp acabesa corrupt httptcos6g5vpn8qk 	2015-04-26 21:37:19
politica	592434031372980000	rt zoccoli16 socioladalbert cardosouerjfal folh sobr corrupca lavajat terceirizaca qu impeachment globo50 http 	2015-04-26 21:04:14
politica	592433549665554000	rt zoccoli16 sociolcardosouerjqu defend impeachment hj qu limp acabesa corrupt globogolpista50 httpt 	2015-04-26 21:02:19
politica	592430591838151000	globogolpista50 impeachment httptco0k1avlucu 	2015-04-26 20:50:34
politica	592424272188015000	rt letraslimit leo pinh oa comec explod col lul impeachment dilm parec imin httptcohfgdi8r 	2015-04-26 20:25:27
politica	592423133581312000	rt zoccoli16 sociolog adalbert card 53uerj defend impeachment hoj qu limp acabesa corrupt http 	2015-04-26 20:20:56
politica	592420706618597000	sociolcardosouerjqu qu impeachment qu limp acabesa corrupt stanleyburburin turquim5 httptcos6g5vpn8qk 	2015-04-26 20:11:17
politica	592417081460716000	sociolog adalbert card 53uerj defend impeachment hoj qu limp acabesa corrupt httptcos6g5vpn8qk 	2015-04-26 19:56:53
politica	592300982446461000	rt galaxyranger81 jurist neg aeci parec proimpeachment brasil 247 httptcok3mncbtie4 	2015-04-26 12:15:33
politica	592298321416425000	rt galaxyranger81 impeachment interess grand companh petrole brasil 247 httptcotfrnsqs8lt 	2015-04-26 12:04:58
politica	592288238078951000	rt galaxyranger81 jurist neg aeci parec proimpeachment brasil 247 httptcok3mncbtie4 	2015-04-26 11:24:54
politica	592287315474670000	impeachment interess grand companh petrole brasil 247 httptcotfrnsqs8lt 	2015-04-26 11:21:14
politica	592287079964529000	rt galaxyranger81 jurist neg aeci parec proimpeachment brasil 247 httptcok3mncbtie4 	2015-04-26 11:20:18
politica	592286615961240000	jurist neg aeci parec proimpeachment brasil 247 httptcok3mncbtie4 	2015-04-26 11:18:28
politica	592220529358143000	folh painel psdb consult outr jurist sobr viabil impeachment dilm httptco5rkfftodiv nao sab perd 	2015-04-26 06:55:51
politica	592220415663186000	psdb recalc perd eleico presid 2002 2006 2010 2014 aind insist impeachment licenc man 	2015-04-26 06:55:24
politica	592163775643578000	rt galaxyranger81 psdb favor terceirizaca contr medic favor abert pre sal favor impeachment sao con 	2015-04-26 03:10:20
politica	593913946261840000	pront dia 4 5 eleica deleg congress unia nacion httpstcouxyxhkcgfd 	2015-04-30 23:04:53
politica	593903089935118000	eleica nov diret acic presid eleit alcirottajr parab bom trabalh httpstconu0wd4czkn 	2015-04-30 22:21:45
politica	592979831140266000	rt villa13013 enquant fez discurs p ganh eleica pra bem difer govern seguranc gov sartor cao http 	2015-04-28 09:13:03
politica	592846655684227000	rosalvobars vot bost eleica pass pro freix nao ganh vot candidat nel cas extr 	2015-04-28 00:23:51
politica	592821175425901000	izzynobr acontec hj petist brab c partida faz volum eleica car volt marid tra perdo mulh 	2015-04-27 22:42:36
politica	592773924871655000	adrianafialho6 afirm program dilm nao ment epoc eleica 	2015-04-27 19:34:51
politica	592732210807071000	rt rpall57 explicaca pfac tucanat venc eleica vot aceit nao pod preg odi crim httptc 	2015-04-27 16:49:06
politica	592732124630909000	explicaca pfac tucanat venc eleica vot aceit nao pod preg odi crim httptcovwol2akgtp 	2015-04-27 16:48:45
politica	592722078274560000	aqu eleica deu 90 contr senadorcai noil caip bob nao httpstcocvcgwgxhnq 	2015-04-27 16:08:50
politica	592721867565355000	rt fcdlsc comec cont vot eleica diret execu fcdlsc httptcostton7lso4 	2015-04-27 16:08:00
politica	592721697612104000	comec cont vot eleica diret execu fcdlsc httptcostton7lso4 	2015-04-27 16:07:19
politica	592650545548104000	eleica recomposica sindicat empreg domes rua cidadan matriz in curitib pr httpstcoc3q3wevq7z 	2015-04-27 11:24:35
politica	592513912098189000	rt danialvinegr pov boa vist rora lembr bem dess vere zomb car voc prox eleica corrupt saf 	2015-04-27 02:21:39
politica	592137645930783000	redeglob tent manipul result eleica carioc 1982 brizol nao permit httptco4oupao78g 	2015-04-26 01:26:30
politica	594855753762079000	rt educacaori infraton corrupca brasil vir cult httptcoawfffehe7l pur verdad acontec tod dia 	2015-05-03 13:27:18
politica	594632608077722000	nao sobr corda corrupca crescented polic abr investigaca sobr joa sant marquet pt httptcovqceej3mgg 	2015-05-02 22:40:36
