outros	lei sec nov veicul bafometr reforc operaco detran rondon operaco lei sec ca httptcosapav0oavx 
outros	comec seman estagi ponto1 veicul chevrolet ponto1veicul in florianopolil sc httpstcompx7gvjnkq 
outros	rt transitoagorasp rodizi operaca veicul plac final 3 4 0700 1000 transitosp 
outros	set veicul dad fee apont aument us 423 milho exportaco automo caminhonet utilitari 
outros	cheg agor event federaca paul futebol ant grand event realiz und armour vend sao otim 
outros	comec vend garant ingress comig lot promoc 04 0905 what httpstcolnomb9bcwr 
outros	dia 1505 auditori ibirapu projet lind chei gent espec vend comec quint httpstcoypevmyqrpn 
outros	fic par coloc culp poli qu aument vend agor hor httpstcogjgd3njb3r 
outros	parec nao precis vend receb salari 
outros	convenca vend 2015 ftd educaca recepca maravilh paradis golf amp lak resort httpstcob9bowztapn 
outros	rt andersonpant92 mai cheg ansiedad aument vend tao mil vem vem put osdon 
outros	avis fas reform melhor atendel vend onlin contat 051 httpstco82q1cdc6ug 
outros	alo gal hoj garot vip fortal esgot pont pe inic vend bloc httpstcol4vzs86qzk 
outros	vend abr ont tardej terc lot fuderrrrr 
outros	vitoriacsccp olh numer vend camis ult ano nao fal beste 
outros	promoca radi cidad realizaca mallupy 7 tom vend httptcoylve4ncebp loj multisom radi httpstcokqqlxmsxcx 
outros	concorr 5 mil ima gelad bomb vend sortei 150515 aument httpstcoweolcgafe1 
outros	hoj comec vend pg summ tour voc atualiz sobr vend import chat 
outros	gal dia 2 mai mud lot enta corr garant ingress descont vend httpstcowlvidk24lg 
outros	execut indones recus vend cant ant mort g1 httptcokl6j6rl4ut quant ajud vic 
outros	gerent vend marcopolil sao paul sp httptcoclafc3gjf vag 
outros	dire mamut strong rio grand sul fech parc vend desej httpstconwavym5y4n 
outros	aproveit incri atraco la veg 10x jur informaco vend httpstcofsenqvtof 
outros	produt fl esta otim vend dia mae g1 httptco0c9cklecnv bom dia mae 
outros	sab fest farr aqu vic garant comb antecip pont vend vict hau httpstcow9yspbplul 
outros	doenc dess gur coment cas comig fot hom 
outros	amizad assim cas saud doenc alegr trist mort httpstcoimk3zmlrw 
outros	hoj fiz jov alopec doenc rar bom ver fio send implant httpstcornjbln7pcf 
outros	algu doenc term pesso prox busc conviv nao sei bom 
outros	reunia gt odont promov saud bucal infanc odontolog odont ufrg pet faculdad httpstcolh26rgloqd 
outros	reunia ca casc unbfc centr academ saud cole httpstcomd2o8llcd1 
outros	sacan ter plan saud assim demor me consult raiv 
outros	3 hor ser atend vergonh saud publ post saud jardim brasil httpstcoxr5lavwjsz 
outros	poss ir emb ministeri saud ms minsaud in brasil df httpstcob5wrvotr4k 
outros	estada deng chior admit epidem neg mudanc estrateg sp record httptcopttai9y4wq lamenta 
outros	noticiari deng tom contag vam faz part evit agu par etc 
outros	estada deng anvis dev decid sobr vacin fim me httptco0kyv4oxof6 
outros	nov numer deng brasil meg aument cas sp sao prov descas govern falt educaca pov 
outros	rt gnatalin deng bat tod record ajud combat tel 33964405 email natalininatalinicombr httptcoj4c1lxtdlz 
outros	rt gnatalin comit deng distribu 400000 folhet convers pesso conscientizacaoprestaca serv http 
outros	85 criadour deng esta dentr domicili portant mao obr httptcofom8vzj5r 
outros	rt gnatalin comit civil contr deng prest grand serv combat doenc vam httptcouhbxj6vbe 
outros	comit civil contr deng prest grand serv combat doenc vam httptcouhbxj6vbe 
outros	hospit mae ach deng af mosquit maldit fdp 
outros	gordogeek exat pesquis mostr deng hemorrag acontec 1 infecca 1 deng nao mat 2 pod 
outros	gordogeek nao assim teor diz 2 deng vir grav vacin 1 pod ser grav 
outros	gordogeek vacin dev imuniz 4 tip pod aument cas fhd httptcoztwtbo3uv0 
outros	intimid nad deu dor fod doi bem junt med deng 
outros	cuid gent alem deng chikunguny zik solt 
outros	fod medic enferm quer peg deng ning merec trabalh vesp feri 
outros	mosquit deng mat tant gent daqu pouc ser entrevist gugu 
outros	sao paul chei deng ngm faz bost nenhum 
outros	culp globalizaca esta entr extinca 
outros	2019 ano extinca aparent film interess vampir 
outros	rt juupinzon grip mat 40deg febr nao facil aguent 
outros	grip mat 40deg febr nao facil aguent 
outros	prim comprim grip nao fez efeit enta pod serv dua dos 
outros	final sar grip gargant inflam lev doi banh chuv mass 
outros	grip chat volt 
outros	fiz vacin grip segur mao 
outros	nao ha limit tecnolog httptcoyjisyouovj 
outros	imag faz ft unb faculad tecnolog unb httpstconlstguglk 
outros	fot par mund internet twitt vid terr univers patr am idolatr salv salv httptcoktn981mmg0 
outros	wif bost n nad irrit internet lent pqp 
outros	fic tao car consig ser soc internet tao ant pessoal 
outros	rt fenelaomath hj dia nao pod opin nad internet exempl fal mal cebol vem defen cebol ench 
outros	wif credit acontec milagr internet grac 
outros	rt sgdadepressa pesquis realiz sgdd revel descart bandej local propri pca alimentaca shop nao faz 
outros	pesquis realiz sgdd revel descart bandej local propri pca alimentaca shop nao faz mao cair 
outros	rt arquitroux pesquis apont apaixon 100 fud 
outros	look ofic fana pesquisasbipolarhippi mov httptcodgapbz70c 
outros	pesquis apont mulh desapeg bem rap hom 
outros	rum centr pesquis ge marthagabriel batepap futur trabalh httpstcoamf8iso9zn 
outros	acord pesquis apen 5 residenc brasil possu segur pens confort httpstcolpua0u2ru9 
outros	vam convers sobr pesquis cienc aplic educaca prof robert lent ii reunia httpstcodli9brzuff 
outros	abr concurs prov cartori aqu rs val inscrica r 45000 defin razoabilidadeconfisc 
outros	repost redbullbr with repostapppilot amad comand vol veicul constru httpstcop8seimjyf5 
outros	carronew gm planej par produz veicul venezuel julh httptcovuuvccugrm uolcarr 
outros	sed gmri veicul par retorn rua norm vergonh gm nao faz nad cert band babac 
outros	silvanaramir aqu sant cruz cao transit veicul contrama faix brt car pm gmri ning faz nad 
outros	httptcoukjpwsksvr acess amp conf ofert viperveicul httpstcohtaxphifnc 
outros	artist volt ser mai benefici vez grav distribu veicul valor music music 
outros	min girassoil presilh var opco cor paixa pont vend httpstcoxlotlgtctr 
outros	fic par coloc culp poli qu aument vend agor hor httpstcoi5xvwhmoqz 
outros	kittensperry cont vend onlin allianz tav estim um 1000 ingress prova 400 mei 
outros	perfum ferrar black 125ml campea vend giovann import sant levantaeand httpstcoa0hm52ncg 
outros	hrv hond top 15 vend pal vc tao fal cris boa desculp met fac produt serv 
outros	garant comb antecip pont vend vict hau saan 61 95522891 httptcogfqolzgqjy 307 httpstcorrleagvob 
outros	trabalh vend resid capr ilh greg 2 siti val bris sen httpstcoygj9gvizs6 
outros	acessori lind glamoursjc glamour asthay phot vend whatsapp onlin httpstcols4uijnsyz 
outros	florfabeiro98 hac falt vend igual jajajajajj 
outros	corr garant comb antecip hoj pont vend vict hau saan 61 95522891 httpstcoejhpi9usy3 
outros	morning job ont consult imag empresar incen vend atrav aut httpstcoeam2rllq 
outros	vem fest lanc inici vend bail charm esper brasil httpstcosqynvohfky 
outros	usufru melhor salv 10x jur informaco vend httpstcozgpr6ca3n0 
outros	dia conqu bomd chamaquev conqu vitor vend work httpstcon4e4uwcspm 
outros	cas propr anal ve frei vend reduca prec httptco71enaloas 
outros	mei entr vascain esgot menos 50 minut vend mod tao dan fest vasc ser top kkkmm 
outros	garant comb antecip pont vend vict hau saan 61 95522891 httptcogfqolzgqjy 307 httpstconpj0kdsnd 
outros	calc relev cropped moletom spotfit vend atac varej httptcoam3legejty httpstconozqxzrvdm 
outros	garant comb antecip pont vend vict hau saan 61 95522891 httptcogfqolzgqjy 307 httpstcounl6cs3uey 
outros	caminho man latin amer qu increment vend caminho consorci aca ser realiz per httptco1iddfm6azd 
outros	ach ingress dev ser vend allianz pont por lembr ult vez club tent organiz vend quebr td 
outros	col chav pen r3000 troqu cor ping vend atac varej what httpstcosglhi51joh 
outros	repost villamixcj sort aind ter sext sab vill mix camp jorda vend httpstcolpkm4ukhek 
outros	pn tao imbecil responsabil vend ingress sp pouc fud torc 
outros	vend abert loj south festagenesil marcel d2 amp onze20 quart 03 junh httpstcohyxb4siyet 
outros	apo sucess vend prim lot comec vend segund lot enta corr httpstcotmiwvaaksh 
outros	comec tempor vend dlxfashiondesign gabrii logist venh conhec coleca httpstcoxecsrac8t0 
outros	scinternac comec vend ingress nao soci 
outros	doi lind col cad r2500 vend atac varejomont gost what httpstcowsmk53lupz 
outros	prox aco si rac mach homofob etc nenhum dess bizarr doenc exempl sao apen pur 
outros	oficin nacion avaliaca program educaca popul saud su cen centr httpstcoihosyengvh 
outros	tucanat sp 400000 deng desd inici ano saud educaca seguranc corrupca rol solt vam paul 
outros	hoj dia consegu atest medic post saud cas amputaca 
outros	agor pes sequel sobr saud sanidad autoest atr emagrec form cert 
outros	4 ach ning dev faz diet cuid alimentaca saud ok gord fodas tud porr 
outros	jur tal deng quer prejud pesso geral algum sintom 
outros	pai fod gent nao pod deit pouc porqu dor corp deng 
outros	peg deng dua vez ce nao noca med peg nov 
outros	15 dia par cont est deng hj oportun volt faz httpstcowlct4xhxvj 
outros	deng bat tod record ajud combat tel 33964405 email natalininatalinicombr httptcoj4c1lxtdlz 
outros	rt milalop gent sintom deng sao tort fim agor mao pe der coc morr 
outros	rt gnatalin 85 criadour deng esta dentr domicili portant mao obr httptcofom8vzj5r 
outros	sao soment 2800 agent ant deng 35 milho imovel mosquit ganh 10 zer 
outros	comit deng distribu 400000 folhet convers pesso conscientizacaoprestaca serv httptcova175ts6dk 
outros	vocenaosabiaq exist aproximad 5000000000000000000000000000000 bact viv planet terr culp deng 
outros	rt lopodinil assim tent nacional problem falt agu sp agor tent deng cois fei tvbandnew cobr 
outros	zik viru rt jornaloglob zik viru descobert pesquis brasil provoc doenc semelh deng httptcopvk6lju6vy 
outros	trein dia combat deng medimed meduff medupf faculdad medicin fm httpstcoyxb57hlmb4 
outros	med negoci mosquit deng genetic modific 
outros	amanhec pessoal deng febr grip fri saudad pergunt nao hor part 
outros	aqu vem tre exempl cobr extinca httptcoppvxfuortl 
outros	balanc balanc escut vou diz fest rac extinca voc vir httpstcozvnbjv8sep 
outros	vocenaosabiaq explic risc extinca 
outros	artist estellefl copi selv pres vest camiset estoj estoqu extinca httpstcobi1fponyw 
outros	esta cad vez extinca vil madalen httpstcohnca9ufcwj 
outros	tom cervej pai debat um pap sobr fisic astronom amo pai 
outros	passei univers astronom planetari gave httpstcodz3a8y3lrq 
outros	estud uma lei kepl olimpi astronom 
outros	grip mat 40deg febr nao facil aguent 
outros	nao melhor grip log raiv 
outros	tav reclam dorm so agor dorm grip noit tod grud 
outros	baa faz vacin grip hoj hor doeu nad agor parec lev soc brac 
outros	segund dia mund agorav tent espant grip mto su cardioday httpstcokw0gnskjvm 
outros	tom vacin grip pov ignor saud centr saud 05 in brasil df httpstcob6wdj3krx5 
outros	fiq tant fri agor grip derrub 
outros	aaaaah grip nao 
outros	merd final seman grip pior voz fod 
outros	vou faz list estud grip n deix dorm msm enta vou faz alg util 
outros	grip dnv nao 
outros	jornalnac quer vacin 
outros	rt azealiobank maryanama tao bom oq receb troc mens diz quer cu bem n vou ving 
outros	maryanama tao bom oq receb troc mens diz quer cu bem n vou ving tom vacin cu 
outros	eit vam ter tom vacin ah nao 
outros	nerv amig tom vacin hoj deu nao nasc ant corp vontad desist vid 
outros	bom jeit n poss tom vacin 
outros	aqu cretin contr cachorr vacin 
outros	gordogeek enta vacin ser diret 4 tip pod aument letal 
outros	gordogeek enta vacin imuniz soment sorotip contra outr pod desenvolv form grav doenc 
outros	escandal vomit famili faz vacin post saud gloriabairr gloriat una plac port escrit 
outros	vacin ouch nucle medicin viaj in sao paul sao paul httpstcoxmq7xgcc3f 
outros	dia vacin hoj 3 mes contr meningit pic sufici mama httpstco0hwx0lcpy 
outros	ah pres direit vacin grip profes nao govern mrd rdgauch 
outros	ktch esteticaecosme centr educaca tecnolog upf httpstcorlnbk5srnz 
outros	rt andreljunq samsung marvel us real virtual campanh httptco7qxpzipy9 marvel httptcoehxwjjn6qj 
outros	wesleicurtinaz wp g1 emojil window 10 inclu ded mei nov tom pel httptcolqnfdstsm g1 httptcoiizmxw8bqp 
outros	fresh pot doccent tecnolog document httpstcoqbudgu0cqn 
outros	realiz sonh mus fech mus cienc tecnolog mct in port alegr rs httpstcoahibvo9l8p 
outros	mus cienc tecnolog puc mus pucr httpstcoxlidng4uby 
outros	mus cienc tecnolog pucr httpstco9dw9kssrjm 
outros	louc jornaloglob hack implant chip mao invad celul android httptcosw6qbbcyqw httptcobpmdwx0tp9 
outros	itsmarinun tant err medic prescrica ajud paci ader trat tecnolog nao serv nad 
outros	abr pouc mao tecnolog curt natur exist bem volt rotin dia httpstco41agjwcb57 
outros	lif telecom revolucion lanc ont maril tv assinat tecnolog fibr httpstcojzbtnnmyrw 
outros	apenaxxxxx 18 hr nao cheg hahah kinagu tecnolog serv ltd httpstcotwsn9feddu 
outros	rt stjnotic consum compr internet assegur direit arrepend httptcoyheg4mhgyx 
outros	esper empr ter nov oportun negoci internet solicit httpstcoucygyxmcj 
outros	internet maravilh amplific td ha bom td ha ruim ser human princip ruim 
outros	hj dia nao pod opin nad internet exempl fal mal cebol vem defen cebol ench sac cag regr 
outros	dic ten internet dio cas muer 
outros	amo internet httptcovj6gskmpsb 
outros	car dev est faz par nao vez internet prend jeit ser 
outros	rt luizassouz abattikak nao pag internet p ler 
outros	internet nao perdo metgala2015 metball rir httptcosx7szizi6x httpstcoihzsr0b8c8 
outros	adolesc hoj com alcool grav 13 fumardrog internet com dorm estud mae dev ter orgulh 
outros	atual evit faz comentari internet nao mec club vam httpstcol8keucywgy 
outros	fern alin assum namor red soc httptcoxobf6n9uy via diariop 
outros	lig tv gent chor olh red soc gent chor vid trist vam tod mat 
outros	vez casal nao nenhum red soc viv feliz sempr 
outros	nao sei grac post tud vid red soc tod mund ver vid 
outros	conquist segu facebook sig algum dic ter sucess red httptcojhdoovnejw 
outros	hoj vou mistur resfenol cervej nov aguard tard chap red soc 
outros	tir 50 fot exclu 40 edit 10 usa 1 tud quant red soc praz 
outros	segund estud dorm ocul red soc permit ter melhor pont vist respeit httpstco0uv4cfyf 
outros	pont vist onir melhor red soc palaci huan ti nei su imper amarel httpstcocxvoviyjr 
outros	red soc import rein tram red sonh httpstcocrogbnv72c httptcookfoh7ty8r 
outros	sab justin timberlak film red soc 
outros	red soc prefeit curitib ir falt ensin bom mod pm 
outros	rt sgdadepressa pesquis realiz sgdd revel descart bandej local propri pca alimentaca shop nao faz 
outros	faz pesquis sobr tant cois inutel nunc vi respond pegunt twitt vic tant 
outros	pedrodefelici prof ter particip agrotalent comec pesquis coach desenv pessoal ness pesquis ach 
outros	4ev arrepend ter troc viag sc pasco p alic vir p ca agor c mundar pesquis n vou tao ced 
outros	pesquis realiz revel precis fic milionari log nao facil vid pobr 
outros	rt robstatarin nao bast ter reeleit bet rich 1deg turn agor rat jr lid pesquis prefeit curitib 
outros	rt acomplicad pesquis apont mulh desapeg bem rap hom 
outros	vam convers sobr pesquis cienc aplic educaca prof robert lent ii reunia httpstcooewzu9o70l 
outros	tir 84 cienc recup vou faz bail comemor vm combin chanc zer tir 
outros	nao devolu cienc poli hoj jur vou par filh mei sal dar pres pro dean 
outros	quer tem cientif filosof reflet dominga oferec aqu httptcomsa9pwqvh 
outros	porqu trabalh cienc pur comprov ter alg comand porr tod 
outros	fic viaj vend negoci cienc 
outros	cienc exploraca tud desconhec 
outros	rt choiyounja sent nao comig sempr procur respost cois logic aka cienc 
outros	divulg cienc receb dire marketinglab marc oliv bat pap sobr httpstcofhpt62c4vw 
outros	sip mal prov cienc 
outros	deu institut feder educaca cienc tecnolog goi ifg ifggoian in goian go httpstcoklxsyaiog7 
outros	sabi nao cienc felic 
outros	sempr assim amig ifg somosifg institut feder educaca cienc httpstco33bmhivbk4 
outros	nao import vam import ir mus cienc sao carl httpstcotz5ewcpl27 
outros	dedicaca excelenc art cienc odontolog este acord alt httpstco7uycasv0xq 
outros	cienc computaca nao limit invenco equip swis divert muitoswissnexbrazil httptcobbhaiwjlf3 
outros	venh particip encontr sobr robo cas cienc ufrj hoj part 1430 hor ufrj httptco3v4sbxn67l 
outros	lis meitn simbol lut igualdad oportun p mulh cienc lei hist perfil victorcapar 
outros	dia pod comec bem acab mal cienc 
outros	audienc publ reunia profr parlament defês cienc posgraduaca inci httpstcopfkqxx2olb 
outros	hoj noit menin clim desped feriasnorj despedidajacomec httpstco0b3efaccf0 
outros	clim olimpiadasag torc ser sorte boa noit hom sweet hom httpstcon9xhrudtqm 
outros	clim par all in cardi amp fitnes in asuncion httpstcotuukinxszd 
outros	hoj clim desped ano mei sai coraca part outr lad httpstcom0im4gdofr 
outros	clim conspir contr vid fitna pod chov tard 
outros	sao gotard pod ser ruim tant clim ceu cidad divin 
outros	acredit clim sum sum httpstcooxejcwx5yt 
outros	clim hoj convocaca mckoring rodrigoarrast ar dia 16 from httpstcoadguvvumwf 
outros	atual fashion clim dia mae tud lind opco pres alem httpstcoj72rregsj9 
outros	mc joy clim cim funk feat dj detonn contat show 21 974676885 httpstcotnahkwj51v 
outros	sempr vou curt clim zu vacil volt pis cusp cim 
outros	chuv final dia gal clim previsaodotemp praiadab prai barr post 5 httpstcovcmz0pbb4u 
outros	aind sobr sab clim nemgost coisalind amovc eotchay famil httpstcoybdmm9xabf 
outros	brig intrig segred doi nao clim cheg fim culp nao cert doi 
outros	la brasil clim dia mae la brasil httpstco02oc2ygmap 
outros	sig afirm clim estranh dia estranh tamb 
outros	ind cas show clim regul boa music otim divert excel companh httpstcoyfqjhzvscb 
outros	ih mein estuf plant mama jardim botan curitib pr httpstco22lv3nairh 
outros	estada aquec glob pod extingu cad seil especi tom especi human 
outros	acredit aquec glob cicl terr pass aquec resfr aquec dnv 
outros	tud culp aquec glob 
outros	alo casal apaixon brasillll rol concurs perfil doleblon sent httpstcog5lwdojllf 
outros	deu abenco nest concurs vou precis 
outros	algu pod resum edit concurs prefeit p pqp 
outros	pai qu qu pass concurs publ 
outros	hoj vou comec estud p outr concurs precis pass 
outros	tav so hj pov sao gabriel gord concurs 
outros	vam concurs prov sema let rock univers paul unip in sao jos rio pret sp httpstcohrizyo07 
outros	nao bast estud escol en agor vou ter estud concurs algu tud quer descee 
outros	vou ser jur concurs val sempr lembr resting event 
outros	visit unia vitor amanh concurs deu quis oper hotel httpstcoktvstjf8vt 
outros	concurs mallal dia mae selfi mama mama ser httpstcoshsgglewkk 
outros	pres hoj concurs sober piscin rio grand sul parab marceloso httpstcoimx9hopr6k 
outros	comec fot venc concurs fot viag eunoizapelomund abril ser httpstcopi9wkbeimb 
outros	cobert 2015 comidadibutec continu firm fort cert concurs httpstconrvjvjorkq 
outros	pesso faz concurs val receb pass faz protest ganh si ach pouc nao faz concurs 
outros	menin organiz concurs maqui ant cadastr bast httpstcolzdltzvhtq 
outros	prof soc jurid pass concurs defens nao dar penal prox sem lt3 
outros	gent atenca palmasshopping faz concurs escolh companh cinem kkkkkkk 
outros	concurs profes faculdad 14000 obvi vou dar aul faculdad 
outros	ser pressa dev termin monograf concurs estagi 
outros	quart ult final concurs fot viag eunoizapelomund httpstcoqxxrns3xbn 
outros	escolh amizad dev funcion concurs publ process sele ardu httpstcofnl6wnszj 
outros	rt eliana emilykouketsu am vou faz direit entr concurs nao pass tatu lei porc 
outros	esper 300 pesso faz concurs hoj 70 
outros	gost prov concurs 100 questo grama nad mat delic lt3 
outros	amig chor mal concurs tjspofic tbm pod est bad nao fiz concurs 
outros	decert hor estud pouc concurs daqu me ahahah ferrous 
outros	amanh vou inscrev pro concurs sold pm 
outros	nov livr hj lanc congress brasil ges membr comissa concurs publ httptco3uijhojmsm 
outros	vei dess 10 menos 7 quer medicin aind outr escol sao 10 vag medicin pa 
outros	imperdi rest apen 5 vag port segur val promoc tribosjov httpstcocr7qgjrp1v 
outros	comec trabalh nad brasil mund comec lig cas fal vag 
outros	rt chatead4 procur vag empreg are dorm 
outros	jorn fal empreg brasil ostent vag facil consegu 
outros	oficin encadernaca nest sab dia 09 mai fac inscrica vag sao limit httpstcoqtq7jxlmrz 
outros	ult vag curs pilat gestaca silv gom camp grand ms camp grand httpstco6geqfxlrw3 
outros	cert melhor mater melhor curs produz aproveit vag esta httpstco3l5rbfn46 
outros	ont big mulh ocup 2 vag estacion cerq carr carr deix bilhet escrit ot jus smp 
outros	rt xhoranfac imag exclus trabalh li payn hor vag gayband one direction liamisthepoolclean httptcop 
outros	sab estacion cobranc aven jk vag disponi divers bolso 
outros	prim semestr dest ano oferec 400 mil vag ensin superi mei httpstcop1hattqhdl 
outros	hoj sext feir h2 club ribeira pret satelit open 100k freeroll 5 vag httpstcozkz8ba5jyb 
outros	baby palavr esta mud convers tao vaz explicaco sao vag 
outros	hoj sext feir h2 club ribeira pret satelit open 100k freeroll 5 vag httpstcovj2bcwkczj 
outros	nao ha vag nao aproveit oportun 
outros	ult vag vam gal curt httptcojbgx26plvp inscrevas httpstcookcotoerbk 
outros	tip pesso procur profisso hor vag 
outros	channel operatiom proc analyst ge healthc sao paul sp httptcofwsgw2bzy4 vag 
outros	estagi are comerc alph secur sao paul sp httptcoemvzl4ircq vag 
outros	inici bacan engrac estacion vag defici sant httpstcokqnhpzri4u 
outros	region sal manag nov nordisk sao paul sp httptcove8grahix vag 
outros	product managerstrategy 5proddev oracl sao paul sp httptcouffoy1if31 vag 
outros	tomlinsombri esquec lig sen abr turm pens abert vag vari curs 
outros	prime vez vid dua aul vag vou emboe 
outros	aind vag entr grup algu afims deix numer cham what 19982310905 httptcoebywt7hxtq 
outros	boa noit skat girl inscrico categor feminin esta rol corr vag sao httpstcotujutkkxnh 
outros	represent comerc mamathek creativ solutiom sao paul sp httptcoj1gn9id3k2 vag 
outros	hoj terc sup satelit high roll 10k 15 vag garant inici 20h buyin httpstcov3evbwdfwm 
outros	olh quant vag consig pens nel nao consig estud 
outros	vend extern autonom ianunci emarketing sao paul sp httptcozaurkuhlml vag 
outros	clust sal direc brazil maersk lin sao paul sp httptcou8qxckd4sw vag 
outros	indiq 3 pesso vag empreg ano tre contrat 
outros	fac aul bat geraldoabd informaco email geraldoabdogmailcom vag httpstcomjtk9lnhf0 
outros	bailarin motocicl hor vag httptco73cjohysnc 
outros	7 pesso 3 vag empr ach bem prov n sei vam ver heheheheh 
outros	estagiari companh sane basic sao paul sabesp interi sao paul sp httptcok8zzukgzd vag 
outros	rap curt radiothehit web radi sucess vag abert 
outros	oportun segund sempr interess vag pjuiz feder trf1 cair 155 alo g1 httpstcotcogy7z5qn 
outros	gal envi email inscrica vag equip t4 favor coloc assunt cheg notificaca twitt tamb 
outros	rt aanaliv voc esta esper corr adquir ingress vag limit httptco7oy1do16gb 
outros	gal volt aul tecn vocal via skyp presenc vag limit httpstcow56yyfbnkb 
outros	alem 6 aul vag receb notic vou ter reposica aul fer 
outros	entrev empreg amanh aqu aind 
outros	escrev text sup explic marc entrev agor or pesso aceit 
outros	cham entrev empreg amanh dia dia trist cert 
outros	blognej aguard ansi entrev comentari sobr cole luan sant 
outros	boanoit entrev mestr renatoateix momentosfeliz cliqueevent cliquef5 httpstcoy4kdp95mmj 
outros	entrev sobr traumat crani harianefonsec ngtv neurosurgeryblog hospit httpstcoquuqaigbp 
outros	entrev empreg amanh bem pod ser contrat 
outros	korov cham entrev empreg ach vou ser contrat 
outros	prim entrev sorris marot toc terr palc abr show pagod httpstco22ypcxducm 
outros	acompanh hoj 18h45 opinia cidad entrev refer audienc publ httpstcojcedrihuyq 
outros	dand entrev jorn odi riodejan riodejaneiroeute erijot caf bar vic httpstcogu2svloajw 
outros	amanh segund entrev flameng pqp 
outros	samalvesnosemcens genteentrev doc touc samalvesmusic 
outros	lig faz entrev tom boa 
outros	seman maluc lesapuc entrev xandedepil viv acus fm dia httpstcovaqx2q7sfx 
outros	john cley selecaolind entrev 
outros	teamnandobbb marg fal mal nao entend entrev 
outros	amanh minj entrev criarr scrrrr 
outros	acord 6 manh entrev empreg cheg dao test pergunt random en aind oferec 
outros	acab entrev kkkkkkk buyprettygilsonitun 
outros	imagin durm entrev perc empreg ant comec 
outros	thiag entrev apo jog cans agradec oportun profes 3 pont conquist part 
outros	ach quas cert vou aparec ric amanh tant quant alter aconselh nao assist pai deu entrev hahah 
outros	nao quer entrev quer music mtvbrasil tomorrowlandnamtv 
outros	entrev hom bomb senh ach morr der cert tod lad 
outros	doming nao pod termin melhor entrev dad fal legia 
outros	apo derrot jornal brun martin entrev jog alessandr httpstcodgvsc5vivr 
outros	sobr lanc cd perserveranc barramusic xandedepil entrev gal httpstcorc91lolcmn 
outros	entrev ricard oliv ce loc deit palavr 
outros	ont assist entrev dan program kib cheg bem hor masturb vend mineyprinc nao faz boquet 
outros	salv rapazi daqu pouc entrev raizvit program piraocatarin radi unival httpstcorvvskanxck 
outros	entrev cristi arauj elian nao larg prat segund cl vid 
outros	fiq ult vint minut bol pedac text entrev 
outros	entrev incri gnew louc hom 73 ano 
outros	entrev sobr crossfit rptv afili red glob sao carl marcelleknittel kleincarl httpstcoao5d83lahv 
outros	amostr entrev kak log eespetacul 
outros	ont cham dar entrev sobr zon mist favor gent nao 
outros	parab faridgerm entrev muricy ramalh 
outros	ca nov rs hoj curt entrev legal phous bor conhec httpstcom5xs4tocqr 
outros	tav vend entrev luan sant fiq vontad com bol chocolat 
outros	pequen prev entrev fabi jr donan grand estrel fabiojrre httpstcongpkhpsqv 
outros	gur famil forsin pront entrev 010515 sober piscin rs httpstcomal894bwgx 
outros	band end are entrev toptv piraju phot of the day photooftheday phot httpstcolgvzqeykl1 
outros	pront entrev pro inici desfil 010515 sober piscin rs httpstcotubtfrc4s 
outros	candidat juvenil adult pront entrev 010515 sober piscin rs httpstcoubyec9bfjz 
outros	tav vend entrev aq oliv deu irma kkk 
outros	seri afe espnag ronald gauch ped salari r 14 milha fech cruz vej httptcort7yipzsmr 
outros	ronaldoesteves2 fimdaglob cert nao receb salari dilmadotrabalh 
outros	dilmabr destac aument salari min esquec inflaca corro salari calabocadilm 
outros	quant protest ped intervenca milit paz selfi polic agor ajust salari porr 
outros	inter tatu faz orc telefon contat 997106989 tatu lov httpstcooc1c6fqbe3 
outros	nov pacot cas venh faz orc compromiss conhec tod eleganc httpstcorwrwgeq09z 
outros	and inter tatu faz orc telefon contat 997106989 tatu httpstcojk1tp7zkm7 
outros	secret cult ter orc r 13 milho 
outros	revisa text prec cust solicit orc revisa text tes dissertaca c httptcovspmr9bfs7 
outros	duducarec cont total club nao rubr individ soment exced 10 orc gastoalienaca unic pass cd 
outros	duducarec val nao irrisori pert 100 mil real es sab orc nao gast pass conivenc cd 
outros	bom dia amig client trabalh and inter tatu faz orc httpstcoi4fsmnanry 
outros	ach uma tatu top jeit curt amanh vou faz orc doc 
outros	univers est rio jan quas 40 orc cort patriaeduc httpstcopy9nsclrik 
outros	trag equip solicit orc gratuit compromiss uti celul httpstcogyza2zlj2 
outros	aloh famil encomend carr nov orc compromiss what 991269682 httpstco8vdcejjcpl 
outros	pec orc compromiss instalaca manutenca ar condicion instalaca httpstcotd2u4fgcpb 
outros	chor pro cunh abaix pouc orc obr brab pedr car rs 
outros	daqu pouc vou col estudi faz orc gent grav prim music tud bom goliberttar 
outros	assistenc tecn especi tod linh appl solicit orc iphon httpstcodwrxxj1xpc 
outros	vontad faz tatu prim lev faz orc 
outros	esper amanh amand lev model moletom agent escolh cor segund pass pro sor faz orc 
outros	participaca orc pmsp cpop padilh cam municip sao paul httpstcopc2qyk1dgx 
outros	bom dia fac orc sit link bio engenh sane foss torr httpstcoy2diuwkaa9 
outros	ali gast fortun orc marketing govern cri marc petrobrax agenc amig httpstcoj8ssyssbet 
outros	heynck perd dua bundeslig pro boruss klopp goz orc mai elenc pomp tod mund esquec tb 
outros	aqu cwb lug faz plush person ped orc exo vam ver quant sai 
outros	port esperanc secret jus defês cidadan est sao paul httpstco00h4m3tcs3 
outros	estada sp jus volt proib profes divulg grev escol httptcoiqjxakpbvw 
outros	jus daqu humilhaca dal bras continu ind val 
outros	sigil jus qu sab quebr sigil sigil 
outros	jus gratuit pesso jurid nov tem pesquis pront httptco884xun3yzp 
outros	tribun jus distrit feder territori tjdft tjdftnotic in brasil df httpstcorqwzbvzjqr 
outros	observ pais photogrid tribun jus est rondon httpstcofdnrieripc 
outros	boa tard tribun jus est rondon httpstcovyglgdkrw 
outros	paz jus liberdad encontr tranc 
outros	10474462 pesso pod ter olh jus eleitor 1a menca moment tornous tendenc trndnl 
outros	738 usuari 826 tweet 499 rt 1 seman fez jus eleitor trending topic brasil trndnl 
outros	novoeleitor prim menca jus eleitor aparec tl agor trending topic brasil trndnl 
outros	jus eleitor encontras nest moment assunt moment 8 tendenc httptcomffvmqh2oj httptcoazvwhbr7gm 
outros	freileonardoboff tvbrasil program espacopubl solt cachorr juiz mor jus brasil lavajat 
outros	enfim jus feit ser ser agor volt florip amanh comec tud nov 
outros	surfista7878 realcrissilv direca conselh nao sao polic jus sequ ha fiscalizaca pen judiciari 
outros	parab color jus merec int pent campea gauch gigant httpstcoiv8zsogyk 
outros	excel artig cels ming hoj estada sobr decisa jus brig inovaca ban ub sao paul 
outros	reunia penitenci estad aruan dr adri dire unidad dra nub secret est jus pvr 
outros	aleiarodrig fod jus prisa pobr 8 11 juiz stf sao pt 
outros	livram crim sang deu deu salvaca lingu louv alt jus salm 5114 
outros	precis combat politizaca jus brasil absurd minister publ faz 
outros	ogloboeconom jus rio mand oper telefon par bloqu internet pcel apo fim franqu httptcolev1fl96vc 
outros	decid pun jon jon aca jus albuquerqu nao nad ver lut acontec nev sonnen 
outros	comissa atle nev jus diz jon pod lut deix lut 
outros	lug paz am jus nad tre pont mg cidad httpstcomwoe0oxk9p 
outros	siniav praz chip automo bem prox rastre barr jus httptcozeyb2j60u3 
outros	palaci jus sp inexplica sensaca conhec lug incri maravilh httpstcowilareshl0 
outros	okok jus ser prov logic tbm alm coraca human babilon 
outros	okok imag jus olh vend esp balanc dur inflexi babilon 
outros	defend pt cont defend gov precis intervenca jus garant direit estudantil calabocadilm 
outros	jetwitt turquim5 sempr sens jus peculi aplicas pt medigamoroporquesopt 
outros	camilalin tend julg ora ver ter guard loba mostr fot gael c desrespeit jus 
outros	refrig alm guiam caminh jus salm 23 cap 3 tatto racionaismc httpstcopjhuyhx5kq 
outros	seminari 3004 feminicidi brasil diagnost desafi perspec palaci jus httpstcoomhxczwpwq 
outros	visit ofic jus boa viu vou fal kkk 
outros	pergunt quant cust maquin judici brasil inv faz jus met faz poli 
outros	sacanetvasc jus bloque cot tv premiaco vasc caus div marci carec httptcoacceuzfxyw 
outros	cri bagulh sempr ped humildad tod irma paz jus liberdad 
outros	oglobopoli jus sao paul mand pt deix us coraca valent dilm httptcoj5pujsqwiv valent cov 
outros	requiaopmdb sen sinjusp serv jus feder aguard horari senh curitib grat felic nin 
outros	estagi remuner design graf matutin sesc sant catarin florianopolil sc httptcoamloglkolj 
outros	vej pessoal faz estagi clin fisi trabalh vontad dess cinc ano pass log 
outros	dificil trist temp ped dispens estagi escritori aqu segur nao chor 
outros	comec planta estagi esper facull baby hospit sant angel in sant angel rs httpstcofmldzvdokm 
outros	saudad 1deg dia estagi hospit pass rap format cad httpstcoyhhwk6n46y 
outros	estagi geriatr gerontolog divert hahah anacantamuit dinam fisioterap httpstcopgkwklzhyr 
outros	sobr estagi papel papel separ analis ins estagi httpstcogqoajuqau 
outros	tes relatori estagi p desenvolv aq n nd p faz 
outros	nunc pens gost tant estagi bloc cirurg 
outros	rt robdcruz sugir pens faz estagi are agr aprend empreend tard negoci cae car 
outros	desped estagi delegac bol muuuuit chocolateat fic bonit httpstcocnmcovd3mh 
outros	conclu estagi fisi traumat ortoped fisioterapiacomam lovefisi instafisi httpstcolzhwaoowl9 
outros	sugir pens faz estagi are agr aprend empreend tard negoci cae caracci mpnovib 
outros	hoj ult dia estagi aul art prof becanabo cej estagi iii httpstco59jtaukush 
outros	estagi gloritch riobranc coletivai institut estad rio branc httpstcoeezszzeamb 
outros	bbbitol nao cheg estagi nao consig conviv ambi 
outros	oficin nacion projet educaca popul agent comunitari endem su httpstco9gn9io4rdj 
outros	pret segundaf educaca brasil solidariedad profes paran httpstcomm6zkchx01 
outros	atlet morr atropel assassin diz corr carr nao prest socorr aind sai impun brasil cesarfilh 
outros	gustavohenriq nao mud nad enta tud p en assim vestibul ass chat viu 
outros	tir 820 redaca en descobr 3 ano nunc usou not sim 
outros	nao intelig pass faculdad en agor ind trabalh doming lind facul p pag msm 
outros	carolcoutinho9 hayshsu estud tod dia fd n kkkkk ano vou faz en 3 
outros	rt kallekc enem2015 12m flux avist nov angul 45 grau qu galh b var c rip b 
outros	quer sair mae aqu respond questionari tal en enta vou dorm feri 
outros	rt pollyldant en 2015 13 metr flux avist nov grau angul 45 respond agor qu 
outros	fiz en consegu inscrev fie nao vou consegu simples nao vag curs verdad 
outros	quer faz curs pre en jur nao pass mat 
outros	faz 3 redaco difer nivel en amanh enrol adiv madrug hoj 
outros	deadnwalking tir uma fer pro en 
outros	zerrieighteen sim hj vao faz aul viv sobr conteud en grac 
outros	rt falatukamikaz porrabielll faz en nao esquec daquel canet dei prai man 
outros	porrabielll faz en nao esquec daquel canet dei prai man 
outros	rt guiadoestud agend espmri abr inscrico vestibul 20152 httptco17giiureef 
outros	qualqu entr usp ader en ah clar qualqu faz 790 med en 
outros	rt niqsan 500 mil zer en aparec mar 
outros	rt neeetualv voc nao vao aul dig frent voc en 
outros	500 mil zer en aparec mar 
outros	enem2015 12 metr flux avist nov angul 45deg grau acord lei newton qu 
outros	sobr prov simul en quas mat amanh 
outros	ctz n pass agr mei ano kkkkkk dand ide ser en vou vir medic 
outros	vo faz tud p tir pont en ano nao prim ano nao poss faz faculdad kkkkk 
outros	tip nao bast faz curs trabalh estud estud pro en aind estud pra prov daqu seman 
outros	agor sit fal sit en indisponi nao pod ver not conclu cadastr 
outros	pressa consegu not nov en cad vez aument vou pir juiz filh put 
outros	redaca en sobr mem tir not max 
outros	1o lug cicl en qu ri agr vc pergunt vou compet c bich 
outros	quer pass en vou consegu medicin bal 
outros	lsmyput dev estud p en n temp estud faculdad uahah tent termin um trabalh 
outros	anci pro result en 
outros	mund apo guerr fri hist sup aul en curs posi youtub httpstcofjbmj4rulq 
outros	dic en regr tre compost youtub httpstcon3kovemuxh 
outros	inscrico en me vem 
outros	ser contrari harry top qu fod louil top qu faz am duvid pi questa en 
outros	comec compr apostil en 
outros	boat tem redaca en rol vc nao vao pass nao sab fal sobr assunt 
outros	deu n quer sab en ano mat ano pass consegu crl nenhum vtnc askbelieb 
outros	palavr en lembr pressa nervos dor cabec cansac outr askbelieb 
outros	ver lug log p comec pre enemmen juni 
outros	simul en dia 16 incri quas tao incri quant ser crucific nao 
outros	assim faz fie ter feit en ach boat 
outros	en pov pass imagin entr harvard kkkk 
outros	frasttt sim preocup vestibul en fod 
outros	fer julh quer estud max p en 
outros	en pod ser amanh faz acab expect 
outros	harvard dev ter brasil pov pass en chor imagin entr harvard nao pass porta kkkkkkkkkk 
outros	enem2015 12m flux avist 1 nvnh 1angul 45degg acrd lei newtonoq qr sal b pao c pau mingau 
