outros	LEI SECA - Novos veiculos bafometros reforcam operacoes Detran Rondonia: As operacoes Lei Seca Ca... http://t.co/SapAV0OAvx
outros	Comecando semana estagio (@ Ponto1 Veiculos (Chevrolet) - @ponto1veiculos in Florianopolis, SC) https://t.co/MPx7gVJNKQ
outros	RT @transitoagoraSP: Rodizio operacao veiculos placa final 3 4, 07:00 10:00. #TransitoSP
outros	No setor veiculos, dados FEE apontam aumento US$ 42,3 milhoes exportacoes automoveis, caminhonetas utilitarios.
outros	Chegando agora Evento Federacao Paulista Futebol. Antes, grande evento realizado Under Armour. Vendas sao otimas.
outros	Comecou vendas!! Garanta ingresso comigo!! LOTE PROMOCIONAL 04 09/05 Whats: https://t.co/lnOMb9bcWR
outros	Dia 15/05 Auditorio Ibirapuera! Projeto lindo cheio gente especial! Vendas comecam quinta https://t.co/YPeVmyQRPN
outros	Vai ficar parado? Vai colocar culpa politica? Quer aumentar vendas agora? A hora esta! Sem https://t.co/gJGd3NJB3R
outros	Ate parece nao precisam vendas receber salario.
outros	Convencao Vendas 2015 FTD Educacao ! Recepcao maravilhosa Paradise Golf &amp; Lake Resort ! Este https://t.co/b9bowZtaPn
outros	RT @andersonpant92: Maio chegando, ansiedade aumentando vendas tao mil, vem vem putaria #Osdonos
outros	AVISO Estamos fase reformas, melhor atende-los, Vendas online contatos 051 https://t.co/82Q1CdC6uG
outros	Alo galera hoje garota VIP fortaleza (esgotado ) ponta pe inicial vendas bloco https://t.co/L4Vzs86qZk
outros	As vendas abriram ontem tarde,ja terceiro lote. Vai fuderrrrr!
outros	@VitoriaC_sccp olhar numero vendas camisa ultimos anos.. Nao fala besteira..
outros	Promocao Radio Cidade! Realizacao Mallupy 7 Tons! Vendas http://t.co/ylVe4nceBp Lojas Multisom @ Radio https://t.co/KQQlXmsXcX
outros	Concorra 5 mil imas geladeira BOMBAR vendas! SORTEIO 15/05/15 AUMENTE AS SUAS https://t.co/wEoLCgafE1
outros	Hoje comeca venda PG Summer Tour, voces atualizando sobre vendas? E importante chatos
outros	Galera dia 2 maio muda lote entao corra garanta ingresso desconto! Vendas https://t.co/wlvidK24lG
outros	Executados Indonesia recusaram vendas cantaram antes morte #G1 http://t.co/Kl6J6Rl4UT Quantos ajudou vicia.
outros	Gerente Vendas - Marcopolis - Sao Paulo, SP http://t.co/clAfC3gjfo #vagas
outros	O Diretor Mamut Strong Rio Grande Sul fechar parceira vendas. Voce deseja https://t.co/nwavYM5Y4n
outros	Aproveite incriveis atracoes Las Vegas!!! Em 10x juros!! Informacoes vendas: https://t.co/fSenqvtOFO
outros	Produtores flores estao otimistas vendas Dia Maes #G1 http://t.co/0c9cKLEcNV bom dia mae.
outros	Sabado festa #Farra aqui Vic! Garanta combo antecipado! Pontos vendas: Victoria Haus https://t.co/w9YspbplUL
outros	"Qual doenca dessas gurias comentam "" CASA COMIGO"" fotos homens"
outros	Amizade assim casamento, saude doenca, alegria tristeza morte https://t.co/iMK3zmlRWa
outros	Hoje fiz jovem. Ela alopecia doenca rara. E bom ver fios sendo implantado, https://t.co/rnJBln7pcf
outros	alguem doenca terminal pessoas proximas buscam conviver mais. nao sei bom.
outros	Reuniao GT Odonto - Promovendo saude bucal infancia #odontologia #odonto #UFRGS #PET @ Faculdade https://t.co/LH26RgloQd
outros	REUNIAO DO CA (@ CASCO UnB/FCE (Centro Academico Saude Coletiva)) https://t.co/mD2O8lLCD1
outros	Sacanagem ter plano saude assim demorar mes consulta, raiva
outros	Mais 3 horas ser atendido vergonha saude publica (@ Posto De Saude Jardim Brasil) https://t.co/XR5LAVWJsZ
outros	posso ir embora? (@ Ministerio Saude (MS) - @minsaude in Brasilia, DF) https://t.co/B5WRvOTR4k
outros	@Estadao: DENGUE: Chioro admite epidemia, nega mudanca estrategia; SP recorde http://t.co/PttAi9Y4WQ, lamentavel!!!!
outros	Noticiario.. Dengue tomando conta...gente vamos fazer parte, evitar agua parada, etc....
outros	@Estadao: DENGUE: Anvisa deve decidir sobre vacina fim mes http://t.co/0KYv4OxOf6
outros	Esses novos numeros #dengue #brasil mega aumento casos #sp, sao provas descaso governo falta educacao povo.
outros	RT @gnatalini: Dengue bate todos recordes. Nos ajude combate. Tel 33964405 email natalini@natalini.com.br http://t.co/J4c1lxtdlz
outros	RT @gnatalini: Nosso Comite Dengue distribuiu 400000 folheto, conversando pessoas. Conscientizacao.Prestacao servico http:/
outros	85% criadouros Dengue estao dentro domicilios. Portanto, maos obra: http://t.co/FOm8vZj5re
outros	RT @gnatalini: Nosso Comite Civil Contra Dengue prestando grande servico combate doenca. Vamos nessa! http://t.co/UHbXj6VBEa
outros	Nosso Comite Civil Contra Dengue prestando grande servico combate doenca. Vamos nessa! http://t.co/UHbXj6VBEa
outros	No hospital mae, acho dengue afs mosquito maldito fdp
outros	@GordoGeek exato. As pesquisas mostram dengue hemorragica acontece 1 infeccao. Ou seja, 1 dengue nao mata. A 2 pode
outros	@GordoGeek nao assim. A teoria diz que: 2 dengue vira grave. Se vacinar 1 pode ser grave
outros	@GordoGeek vacina deve imunizar 4 tipos, pode aumentar casos FHD. http://t.co/ztWtBO3uV0
outros	@intimidarei nada deu dor :( foda, doi bem juntas.. To medo dengue
outros	Cuidado gente! Alem dengue chikungunya, zika solta...
outros	"Foda medico enfermeira"" queria pegar dengue, ninguem merece trabalhar vespera feriado"""
outros	O mosquito dengue mato tanta gente daqui pouco ser entrevistado gugu .
outros	Sao Paulo cheio dengue ngm faze bosta nenhuma
outros	Culpa globalizacao, estao entrando extincao
outros	2019-O ano extincao Aparentemente filme interessante, vampiros,
outros	RT @JuuPinzon: Essa gripe mata, 40deg febre nao facil aguentar
outros	Essa gripe mata, 40deg febre nao facil aguentar
outros	O primeiro comprimido gripe nao fez efeito, entao pode servir duas doses.
outros	Finalmente sara gripe garganta inflama, levar dois banhos chuva. Massa!
outros	Essa gripe chatinha volta
outros	Fiz vacina gripe, segurar mao
outros	Nao ha limites tecnologia http://t.co/YJIsYOUOVj
outros	O imagens fazendo FT UNB??? @ Faculade Tecnologia - UNB https://t.co/NLStguGLki
outros	ESSA FOTO PAROU O MUNDO A INTERNET O TWITTER A VIDA A TERRA O UNIVERSO A PATRIA AMADA IDOLATRADA SALVE SALVE http://t.co/ktn981MMg0
outros	Meu wifi bosta!!!! N nada irrite internet lenta. Pqp
outros	Fico tao cara consigo ser social internet tao anti pessoalmente
outros	RT @Fenelaomatheus: hj dia nao pode opinar nada internet exemplo fala mal cebola vem defensores cebola encher
outros	To wifi, credito aconteceu milagre internet graca
outros	RT @SGdadepressao: Pesquisas realizadas SGDD revelam descartar bandeja local proprio, pca alimentacao shop, nao faz
outros	Pesquisas realizadas SGDD revelam descartar bandeja local proprio, pca alimentacao shop, nao faz mao cair.
outros	RT @Arquitrouxa: Pesquisas apontam apaixonar, 100% fuder.
outros	LOOK OFICIAL DA FANATICA POR PESQUISAS/BIPOLAR/HIPPIE #movers http://t.co/DGApbZ70Ci
outros	Pesquisas apontam mulheres desapegam bem rapido homens
outros	Rumo Centro Pesquisas GE @marthagabriel bate-papo O FUTURO DO TRABALHO https://t.co/AmF8isO9zn
outros	De acordo pesquisas, apenas 5% residencias Brasil possui seguro. Pensando conforto https://t.co/lpua0u2ru9
outros	Vamos conversar sobre pesquisas Ciencias aplicadas educacao?! Prof. Roberto Lent II Reuniao https://t.co/DLi9brzufF
outros	Abriu concurso provimento cartorios aqui RS. Valor inscricao: R$ 450,00. Defina razoabilidade/confisco.
outros	#Repost @redbullbr with repostapp.Pilotos amadores comandam volante veiculos construidos https://t.co/P8SeimJYf5
outros	@carronews: GM planeja parar produzir veiculos Venezuela julho http://t.co/vUuvcCUGrm #uolcarros
outros	Sede @gmrio : veiculos parados retorno, rua normal... Vergonha GM nao faz nada certo. Bando babacas...
outros	@silvanaramiro Aqui Santa Cruz caos transito. Veiculos contramao faixa BRT cara PM @gmrio . Ninguem faz nada...
outros	http://t.co/ukjpwsKsvr acesse &amp; confira ofertas !!!!!!!! @ viperveiculos https://t.co/hTAxphIFnC
outros	O artista voltar ser maior beneficiado, vez gravadoras, distribuidoras veiculos. Valorizar musica musica.
outros	Mini girassois presilhas. Em varias opcoes cores. Uma paixao so!! Em pontos vendas https://t.co/xLOtlgtcTR
outros	Vai ficar parado? Vai colocar culpa politica? Quer aumentar vendas agora? A hora esta! Sem https://t.co/i5XVwHmOQZ
outros	@kittensperry contando vendas online, allianz tava estimando uns 1000 ingressos, provavelmente 400 meias
outros	Perfume Ferrari black 125ml CAMPEAO vendas Giovanna Imports! #santos #levantaeanda https://t.co/A0hm52nCGo
outros	HR-V Honda top 15 vendas pais, vcs tao falando crise? Na boa, desculpa meter faca produtos servicos
outros	Garanta combo antecipado! Pontos vendas: Victoria Haus (Saan - 61 9552-2891) http://t.co/gfQOLzGQJy (307 https://t.co/RrLEagvOBS
outros	Trabalhando vendas Residencial Capri- Ilhas Gregas 2 Sitio Vale Brisas Senador https://t.co/ygj9GVIZS6
outros	Acessorios lindos @glamour_sjc #glamour #asthays #photo Vendas WhatsApp online!!! https://t.co/ls4uijNsyZ
outros	@FlorFabeiro98 hacia falta vendas igual, jajajajajj
outros	Corre garanta combo antecipado HOJE! Pontos vendas: Victoria Haus (Saan - 61 9552-2891) https://t.co/EJhpI9USy3
outros	Morning - job ontem - consultoria imagem empresarial - incentivo vendas atraves auto https://t.co/EAM2RllqOR
outros	Vem Festa Lancamento INICIO DAS VENDAS Baile charmoso esperado Brasil! https://t.co/SqyNVOhFKy
outros	Usufrua melhor Salvador!!! Em 10x juros!! Informacoes vendas: https://t.co/Zgpr6cA3N0
outros	Que dia conquistas! #bomdia #chamaQueVem #conquistas #vitoria #vendas #work https://t.co/N4E4UwcSpm
outros	Casa propria: analistas veem freio vendas reducao precos http://t.co/71EnaLOAse
outros	Meia entrada vascainos esgotou menos 50 minutos vendas! Os modinhas tao danados! A festa Vasco sera top! Kkkmm
outros	Garanta combo antecipado! Pontos vendas: Victoria Haus (Saan - 61 9552-2891) http://t.co/gfQOLzGQJy (307 https://t.co/NpJ0kDsnDE
outros	Calca relevo Cropped moletom spot_fit vendas atacado varejo http://t.co/am3LegeJTY @ https://t.co/nOzqxZrVDM
outros	Garanta combo antecipado! Pontos vendas: Victoria Haus (Saan - 61 9552-2891) http://t.co/gfQOLzGQJy (307 https://t.co/unL6cS3uEy
outros	Caminhoes - MAN Latin America quer incrementar vendas caminhoes consorcio: A acao sera realizada per... http://t.co/1iDdfM6AzD
outros	Acho ingresso deveria ser vendido Allianz. Ponto. Porem lembro ultima vez clube tentou organizar vendas, quebraram TD!
outros	Colar chave + pena R$30,00 (troque cores pingentes, vendas atacado varejo) @ Whats: https://t.co/SglHi51jOH
outros	#Repost villamixcj Mais sorte ainda ter sexta sabado Villa Mix Campos Jordao!! Vendas https://t.co/LpKm4uKHeK
outros	$PN$ tao imbecil responsabilizar vendas ingresso SP. Ele pouco fudendo torcida..
outros	#VENDAS #ABERTAS lojas #South Para #FestaGenesis MARCELO D2 &amp; ONZE:20 - Quarta 03 Junho https://t.co/hyXb4SIyeT
outros	Apos sucesso vendas primeiro lote, comecando venda segundo lote, entao corra https://t.co/tMIwvaAksh
outros	Comecou temporada vendas dlxfashiondesign @gabriii, logistas venham conhecer colecao https://t.co/xeCSraC8t0
outros	@SCInternacional comecara vendas ingressos nao socios?
outros	Dois lindos colares, cada R$25,00 (vendas atacado varejo/monte gosto) @ Whats: https://t.co/WSMk53lUPZ
outros	proximo acoes si. Racismo, machismo, homofobia, etc. Nenhuma dessas bizarrices doenca, exemplo. Sao apenas pura
outros	Oficina Nacional Avaliacao Programa Educacao Popular Saude SUS! @ CENAM - Centro https://t.co/iHosYEnGVh
outros	No TUCANATO SP 400.000 dengue desde inicio ano. Sem saude educacao, seguranca corrupcao rola solta. VAMOS PARA PAULISTA?
outros	Hoje dia conseguir atestado medico posto saude caso amputacao,
outros	Agora, peso sequelas sobre saude, sanidade, auto-estima, atras emagrece forma certa.
outros	(4) Acho ninguem deveria fazer dieta. Se cuida alimentacao, saude ok, gordinha, foda-se tudo porra.
outros	JURO QUE ESSA TAL DE DENGUE ESTA QUERENDO PREJUDICA MUITA PESSOA! GERAL COM ALGUM SINTOMA
outros	Meu pai foda, gente nao pode deita pouco porque dor corpo dengue
outros	Ja peguei dengue duas vezes ces nao nocao medo pegar novo
outros	Depois 15 dias parado conta estar dengue hj oportunidade voltar fazer https://t.co/WLCT4xhXvj
outros	Dengue bate todos recordes. Nos ajude combate. Tel 33964405 email natalini@natalini.com.br http://t.co/J4c1lxtdlz
outros	RT @milalopes_: gente, sintomas dengue sao tortura SEM FIM. agora maos pes deram cocar TO PRA MORRER DE TA
outros	RT @gnatalini: 85% criadouros Dengue estao dentro domicilios. Portanto, maos obra: http://t.co/FOm8vZj5re
outros	Sao somente 2800 agentes anti dengue 3,5 milhoes imoveis. Mosquito ganhando 10 zero!
outros	Nosso Comite Dengue distribuiu 400000 folheto, conversando pessoas. Conscientizacao.Prestacao servico http://t.co/Va175TS6dk
outros	@VoceNaoSabiaQ: Existem aproximadamente 5.000.000.000.000.000.000.000.000.000.000 bacterias vivendo planeta terra. Culpa dengue
outros	RT @LopoDinis: Assim tentaram nacionalizar problema falta agua SP, agora tentam dengue. Coisa feia @TvBandnews, cobre
outros	ZIKA VIRUS RT @JornalOGlobo: Zika Virus descoberta pesquisadores brasileiros provoca doenca semelhante dengue. http://t.co/PvK6ljU6VY
outros	"Treinamento dia ""D"" combate dengue! #medimed #meduffs #medupf (@ Faculdade Medicina - FM) https://t.co/yxb57hlmB4"
outros	. medo negocio mosquitos dengue geneticamente modificados..
outros	Amanheci pessoal dengue febre, gripe, frio saudades. Me pergunto nao hora partir.
outros	Aqui vemos tres exemplares cobras extincao http://t.co/ppvxFUorTL
outros	E balance balance escute vou dizer festa raca extincao voces viram https://t.co/zvNbjV8SEP
outros	@VoceNaoSabiaQ explicado risco extincao
outros	A artista estelleflores copiadora Selva Press veste camiseta Estojo, estoque extincao. A https://t.co/bi1FPOnyWi
outros	Elas estao cada vez extincao. @ Vila Madalena https://t.co/Hnca9uFcWJ
outros	Tomando cerveja pai debatendo uns papos sobre fisica astronomia, amo pai
outros	Um passeio Universo ... #Astronomia @ Planetario Gavea https://t.co/DZ3a8Y3LRq
outros	estudar umas leis kepler olimpiadas astronomia
outros	Essa gripe mata, 40deg febre nao facil aguentar
outros	nao melhoro gripe logo meu, raiva
outros	Tava reclamando dormir sozinha, agora dormindo gripe, noite todinha grudada
outros	Baa fazer vacina gripe hoje hora doeu nada, Mas agora parece levei soco braco.
outros	Segunda dia mundial #AgoraVai ! tentando espantar gripe mtoo suor! #cardioday https://t.co/kW0gnsKjvM
outros	Tomar vacina gripe povo ignorante saude (@ Centro Saude 05 in Brasilia, DF) https://t.co/B6Wdj3KRX5
outros	Fiquei tanto friagem agora gripe derrubou
outros	Aaaaah gripe nao .
outros	A merda final semana gripe piorou voz. Que foda
outros	Vou fazer lista estudar gripe n deixar dormir msm entao vou fazer algo util
outros	Gripe dnv nao
outros	@jornalnacional Quero vacina ja.
outros	RT @AZEALIOBANKS: @_MaryanaMaia SOU TAO BOM COM VC E OQ RECEBO EM TROCA MENSAGENS DIZENDO Q EU QUERO DA O CU POIS BEM N VOU ME VINGAR PQ VC
outros	@_MaryanaMaia SOU TAO BOM COM VC E OQ RECEBO EM TROCA MENSAGENS DIZENDO Q EU QUERO DA O CU POIS BEM N VOU ME VINGAR PQ VC TOMOU VACINA NO CU
outros	eita, vamos ter tomar vacina? Ah nao
outros	Estou nervosa amigos tomar vacina hoje Deus nao nasci anti corpos ja??? Que vontade desistir vida
outros	O bom jeito n posso tomar vacina \o/
outros	Olha aqui cretina, contra cachorra vacina
outros	@GordoGeek entao vacina ser direto 4 tipos, pode aumentar letalidade
outros	@GordoGeek entao, vacina imunizar somente sorotipo, contrair outros pode desenvolver forma grave doenca.
outros	"Escandalo vomitante: familiar fazer. ""vacina posto saude gloria...bairro gloria.Tem una placa porta escrito...."
outros	Vacina... Ouch! (@ Nucleo Medicina Viajante in Sao Paulo, Sao Paulo) https://t.co/Xmq7xGcc3F
outros	Dia vacina. Hoje 3 meses, contra meningite, picadinha (mas suficiente mamae https://t.co/0hWx0LcPYA
outros	Ah ta! Preso direito vacina gripe, professor nao! E governinho m#rda! @RdGaucha
outros	Ktchoras #EsteticaeCosmetica @ Centro Educacao Tecnologia - UPF https://t.co/RlnBK5SrNZ
outros	"RT ""@AndreLJunq: Samsung Marvel usam realidade virtual campanha http://t.co/7qXPZiPY9s #Marvel http://t.co/EHxwjJN6Qj"""
outros	"@wesleicurtinaz WP ""@g1: Emojis Windows 10 incluem dedo meio novos tons pele http://t.co/LQNFDstsMA #G1 http://t.co/iiZmxw8BQp"""
outros	FRESH POTS!!! @ DocCenter Tecnologia Documentos https://t.co/qbuDgu0cqn
outros	Realizando sonho museu fechado (@ Museu Ciencias Tecnologia (MCT) in Porto Alegre, RS) https://t.co/AhiBVo9l8p
outros	Museu Ciencia Tecnologia PUC ; ) @ Museu Da Pucrs https://t.co/XlidnG4uBY
outros	@ Museu Ciencias Tecnologia PUCRS https://t.co/9dW9ksSRJm
outros	"Louco... ""@JornalOGlobo: Hacker implanta chip mao invadir celulares Android. http://t.co/sW6qBbcyqW http://t.co/BPmdWx0Tp9"""
outros	@itsmarinunes Tanto erro medico prescricao! E ajuda paciente aderir tratamento! Sem tecnologia nao serviria nada!!
outros	Abra pouco mao tecnologia curta natureza existe bem volta, rotina dia https://t.co/41aGjwcb57
outros	A Life Telecom revolucionou lancou ontem Marilia TV assinatura tecnologia fibra https://t.co/jzbtnNmyRw
outros	Apenaxxxxx! 18 hrs nao chega! Hahaha @ Kinagua Tecnologia Servicos Ltda https://t.co/tWSn9fedDU
outros	RT @STJnoticias: Consumidor compra internet assegurado direito arrepender http://t.co/YhEG4mhgYx
outros	E ai? O esperando Empresa ter novas oportunidades negocio internet? Solicite https://t.co/ucYgYxMCJE
outros	internet maravilhosa amplificou td ha bom td ha ruim ser humano (principalmente ruim)
outros	hj dia nao pode opinar nada internet exemplo fala mal cebola vem defensores cebola encher saco cagar regra
outros	... dice. tenia #internet... dios casi #muero_
outros	EU AMO A INTERNET http://t.co/vj6gSKMpSb
outros	cara, deveria estar fazendo paradas, nao, vez internet prendeu jeitinho ser.....
outros	RT @luizassouza_: @abattikaka nao pago internet p ler
outros	Internet nao perdoa #metgala2015 #metball #riri @ http://t.co/SX7sZIzI6X https://t.co/iHzSr0B8c8
outros	Adolescentes hoje: -Coma Alcoolico -Gravidas 13 -Fumar/Droga Eu: -Internet -Comida -Dormir -Estudar MINHA MAE DEVIA TER ORGULHO.
outros	Atualmente evito fazer comentarios internet nao meco clubismo, vamos https://t.co/L8KeUcYWgy
outros	Fernando Aline assumem namoro rede social http://t.co/xOBF6N9UYe via @DiarioPE
outros	ligo tv gente chorando olho rede social gente chorando vida triste vamo todos mata
outros	Era vez casal nao nenhuma rede social viveram felizes sempre
outros	Nao sei graca posta tudo vida rede social, todo mundo ver vida.
outros	Para conquistar seguidores Facebook siga algumas dicas ter sucesso rede http://t.co/JHDoOvNEJW
outros	Hoje vou misturar resfenol cerveja novamente aguardem tarde chapado rede social
outros	Tira 50 fotos, exclui 40, edita 10 usa 1 tudo quanto rede social. Prazer, eu.
outros	Segundo estudos, dormir oculos rede social permite ter melhor ponto vista respeito https://t.co/0UV4CFYFER
outros	Do ponto vista, onirico, melhor rede social. @ Palacio Huan Ti Nei Su, Imperador Amarelo https://t.co/cxvOviyjRo
outros	Na rede social importante reino. Nas tramas rede sonho. https://t.co/CroGbNV72C http://t.co/Okfoh7Ty8r
outros	Nem sabia Justin Timberlake filme Rede social.
outros	A rede social prefeitura Curitiba irada faltam ensinar bons modos PM.
outros	RT @SGdadepressao: Pesquisas realizadas SGDD revelam descartar bandeja local proprio, pca alimentacao shop, nao faz
outros	Fazem pesquisas sobre tantas coisas inuteis. Mas nunca vi respondesse pegunta: Por Twittar vicia tanto??
outros	@pedrodefelicio Prof., ter participado AgroTalento, comecei pesquisar coaches desenv. pessoal, nessas pesquisas achei ele!
outros	4ever arrependida ter trocado viagem SC pascoa p/ Alice vir p/ ca. Agora, c/ mundareu pesquisas, n vou tao cedo.
outros	Pesquisas realizadas revelam preciso ficar milionario logo, nao facil vida pobre
outros	RT @robstatarin: Nao basta ter reeleito Beto Richa 1deg turno, agora Ratinho Jr lidera pesquisas prefeitura Curitiba.
outros	RT @A_Complicad: Pesquisas apontam mulheres desapegam bem rapido homens
outros	Vamos conversar sobre pesquisas Ciencias aplicadas educacao?! Prof. Roberto Lent II Reuniao https://t.co/oeWzu9o70l
outros	Se tirar 8,4 ciencia recup vou fazer bailinho comemorar vms combinar chance zero tirar
outros	nao devolutiva ciencia politica hoje, juro vou parir filho meio sala dar presente pro Dean
outros	Pra queria tema cientifico filosofico refletir domingao, ofereco aqui. http://t.co/msa9PWQvhI
outros	"Porque ""trabalhe"" Ciencia pura, comprovado ter algo comande porra toda"
outros	Fico viajando vendo negocios ciencia
outros	Ciencia exploracao tudo desconhecido.
outros	RT @choiyounjae: Sentimento nao comigo, sempre procuro respostas coisas logicas aka ciencia.
outros	"O ""Divulga Ciencia"" recebeu diretor marketingLAB, Marcos Oliveira, bate papo sobre https://t.co/FHpT62C4vw"
outros	Sipa mal prova ciencia
outros	Deus (@ Instituto Federal Educacao, Ciencia Tecnologia Goias (IFG) - @ifg_goiania in Goiania, GO) https://t.co/KlxSyaIOG7
outros	O sabio nao ciencia felicidade.
outros	E sempre assim Amigas IFG \\// #SomosIFG @ Instituto Federal De Educacao, Ciencia https://t.co/33bmhIvBK4
outros	Nao importa vamos, importa ir !! @ Museu Da Ciencia De Sao Carlos https://t.co/TZ5ewCpl27
outros	"Pela dedicacao excelencia arte ciencia Odontologia Estetica, acordo altos https://t.co/7uYcaSv0Xq
outros	A Ciencia Computacao nao limites invencoes. A equipe Swisando divertindo muito@swissnexBrazil http://t.co/bBHAIWjlf3
outros	Venha participar encontro sobre robotica, Casa Ciencia UFRJ. Hoje, partir 14:30 horas. @UFRJ http://t.co/3v4sbXn67L
outros	Lise Meitner, simbolo luta igualdade oportunidades p/ mulheres ciencia. Leia historia perfil @victorcaparica.
outros	Meu dia pode comeca bem acaba mal, ciencia
outros	Audiencia Publica reuniao pro-frente parlamentar defesa Ciencia Pos-graduacao, inciativa https://t.co/PfKQXx2oLb
outros	Hoje noite meninas! Ja clima despedida... #feriasnoRJ #despedidajacomecou https://t.co/0B3eFacCF0
outros	No clima Olimpiadas...agora torcer ser sorteada!! Boa noite @ Home Sweet Home https://t.co/N9XHruDtqM
outros	Que clima pare !!! (@ ALL IN Cardio &amp; Fitness in Asuncion) https://t.co/TuuKiNxszd
outros	E hoje clima despedida... Um ano meio depois, saio coracao partido outro lado https://t.co/M0im4GDOfr
outros	O clima conspirando contra vida fit,nao poderia chover tarde
outros	Sao Gotardo pode ser ruim tanto for, clima ceu cidade divino.
outros	Da acreditar clima Sumare? @ Sumare https://t.co/OXeJcwX5yt
outros	O clima hoje #convocacao mckoringa @rodrigoarrasta! No ar dia 16! from https://t.co/ADgUVvUmwF
outros	A Atual Fashion clima dia Maes, tudo lindo opcoes presente, alem https://t.co/j72RrEgSj9
outros	- MC JOY - Clima Cima Funk. Feat Dj Detonna - Contatos shows: (21) 97467-6885 https://t.co/tnAHKwj51V
outros	Sempre vou curtir clima zuar, vacilar volto pisar cuspir cima!
outros	Chuva final dia galera !!! #clima #previsaodotempo #PraiadaBarra @ Praia Da Barra - Posto 5 https://t.co/VcMZ0PBB4U
outros	Ainda sobre sabado , clima #NemGostamos #CoisaLinda #AmoVcs #EoTchay #Familia @ https://t.co/ybdmm9xaBf
outros	Brigas, intrigas, segredos dois Nao clima, chegou fim E culpa nao Eu certeza dois
outros	LAS Brasil clima dia maes @ Las Brasil https://t.co/02oc2YGMap
outros	Sigo afirmando clima estranho, dia estranho tambem
outros	Indo casa show... Clima regular, Boa musica, Otimo divertimento Excelente companhia. https://t.co/yFqjHzVscb
outros	Ih mein, estufa plantas mamae. @ Jardim Botanico - Curitiba, PR. https://t.co/22lV3NAIRH
outros	@Estadao: Aquecimento global podera extinguir cada seis especies tomara especie humana
outros	acredito aquecimento global ciclo terra passa, aquecimento, resfriamento aquecimento dnv
outros	E TUDO CULPA DO AQUECIMENTO GLOBAL !!!!!
outros	Alo casais apaixonados Brasillll!! Ta rolando concurso perfil @do_leblon Sente so: https://t.co/G5LwdOJllF
outros	Que Deus abencoe neste concurso, vou precisar!
outros	Alguem pode resumir edital concurso prefeitura p mim?? Pqp
outros	Meu pai quer quer passe concurso publico
outros	Hoje vou comecar estudar p outro concurso, preciso passar
outros	Pq tava sozinha hj, povo Sao Gabriel gorda concurso
outros	E vamos concurso!! Prova SEMAE! LET'S ROCK!! (@ Universidade Paulista (UNIP) in Sao Jose Rio Preto, SP) https://t.co/hRIZYo07oU
outros	Nao basta estudando escola, Enem, agora vou ter estudar concurso, alguem tudo quero desceeer!
outros	Vou ser jurada concurso dela. Valeria sempre lembrando Restinga eventos..
outros	Visitando Uniao Vitoria! Amanha concurso! Seja Deus quiser! @ Opera Hotel https://t.co/ktvSTJF8vT
outros	"Concurso #Mallala Dia Maes - ""De selfie Mamae"" mamae, ser https://t.co/SHsGglEwkk"
outros	Presente hoje concurso Soberana Piscinas Rio Grande Sul. Parabens marcelosoes https://t.co/Imx9HopR6k
outros	Vai comecar!!! A foto vencedora concurso fotos viagem #eunoizapelomundo abril sera https://t.co/Pi9wKbEimb
outros	E cobertura 2015 @_comidadibuteco continua firme forte! Uma certezas concurso... https://t.co/nRvJvJoRKQ
outros	A pessoa faz concurso valor receber ,ela passa fazendo protesto ganhar mais, si acha pouco nao faz concurso
outros	"Meninas organizando Concurso maquiagem ""Antes depois"", cadastrar basta https://t.co/lzdLTzvHtq"
outros	Prof soc juridica passou concurso defensoria nao dar penal prox semes &lt;/3
outros	Gente, atencao! O @Palmas_Shopping fazer concurso escolher companhia cinema kkkkkkk
outros	Concurso professor faculdade 14.000, obvio vou dar aula faculdade
outros	Sera pressao devido termino? Monografia, concurso, estagio...
outros	Esta quarta ultima finalista concurso fotos viagem #eunoizapelomundo https://t.co/qxxrNs3XbN
outros	"A escolha amizades deve funcionar concurso publico. O processo seletivo arduo, https://t.co/fnL6WNSZjS
outros	RT @el_ianaa: @EmilyKouketsu amor, vou fazer direito, entrar concurso, nao passa tatuagem. OLHA QUE LEI PORCA
outros	Era esperado 300 pessoas fazer concurso hoje. Se 70 muito.
outros	Gostaria prova concurso 100 questoes gramatica nada mais. Que materia delicinha &lt;3
outros	Amigas chorando mal concurso @TJSPoficial, tbm poderia estar bad nao fiz concurso
outros	Decerto hora estudar pouco, concurso daqui mes ja, ahahah. Ferrou-se
outros	Amanha vou inscrever pro concurso soldado pm!!
outros	Meu novo livro hj lancado Congresso Brasil. Gestores Membros Comissao Concurso Publico!!!! http://t.co/3UijhoJmSm
outros	vei, desses 10 menos 7 querem medicina, ainda outras escolas... sao 10 vagas medicina PAS
outros	Imperdivel! Restam apenas 5 vagas PORTO SEGURO valor promocional. #TribosJovem https://t.co/CR7qGJRp1V
outros	Voce comeca trabalhar, nada Brasil mundo comeca ligar casa falando vagas.
outros	RT @chatead4: procurando vagas emprego area dormir
outros	O jornal fala emprego Brasil ostentando vagas facil conseguir um.
outros	Oficina encadernacao neste sabado dia 09 maio. Faca inscricao, vagas sao limitadas. https://t.co/qtQ7jxLMrz
outros	Ultimas Vagas!! Curso PILATES NA GESTACAO Silvia Gomes Campo Grande/ MS CAMPO GRANDE/MS https://t.co/6geQfXLRW3
outros	Com certeza, melhor material melhor curso produzi!!! Aproveite, vagas estao https://t.co/3l5rbfN46A
outros	ontem big mulher ocupou 2 vagas estacionamento, cerquei carro carrinhos deixei bilhete escrito otaria JUSTICA SMP
outros	RT @xhoranfactor: imagens exclusivas trabalho liam payne horas vagas gayband one direction #LIAMISTHEPOOLCLEANER http://t.co/P
outros	Sabado estacionamento cobranca avenida JK, vagas disponiveis diversos bolsoes.
outros	No primeiro semestre deste ano, oferecidas 400 mil vagas ensino superior meio https://t.co/P1hATTQhDL
outros	HOJE Sexta feira H2 Club Ribeirao Preto Satelite Open 100K - Freeroll 5 VAGAS https://t.co/zKz8Ba5jyB
outros	Baby palavras estao mudas As conversas tao vazias As explicacoes sao vagas
outros	HOJE Sexta feira H2 Club Ribeirao Preto Satelite Open 100K - Freeroll 5 VAGAS https://t.co/VJ2bcwKCZj
outros	Nao ha vagas nao aproveita oportunidades!
outros	Ultimas vagas!!! Vamos galera. Curta http://t.co/Jbgx26plvp inscreva-se @ https://t.co/OkCOTOERBK
outros	Sou tipo pessoa procurando profissoes horas vagas
outros	Channel Operations Processes Analyst - GE Healthcare - Sao Paulo, SP http://t.co/FwSgw2bzy4 #vagas
outros	ESTAGIARIA PARA AREA COMERCIAL - ALPHA SECURE - Sao Paulo, SP http://t.co/eMvzl4iRCq #vagas
outros	Olha iniciativa bacana! Para engracadinhos estacionam vagas deficientes ! A Santa https://t.co/KqnhpZrI4U
outros	Regional Sales Manager - Novo Nordisk - Sao Paulo, SP http://t.co/ve8gRahiXe #vagas
outros	Product Manager/Strategy 5-ProdDev - Oracle - Sao Paulo, SP http://t.co/UffOy1if31 #vagas
outros	@tomlinsombrio esquece, liguei senai abriram turma, pensei aberto vagas varios cursos
outros	Primeiria vez vida duas aulas vagas vou emboea
outros	Ainda vagas entrar grupo ...Alguem afim?so deixa numero chama whats: 19982310905 http://t.co/EbyWT7hxtq
outros	Boa noite Skater Girl! As Inscricoes categoria feminina estao rolando. Corre vagas sao https://t.co/TUJUTKKxnh
outros	Representante Comercial - Mamatheka Creative Solutions - Sao Paulo, SP http://t.co/j1GN9ID3K2 #vagas
outros	hoje terca Super Satelite High Roller 10K Com 15 vagas garantidas Inicio: 20h Buyin: https://t.co/V3eVBWdFWm
outros	Depois olhei quantidade vagas consigo pensar nelas, nao consigo estudar
outros	Vendedora Externa - Autonoma - Ianuncios e-marketing - Sao Paulo, SP http://t.co/zAurkuHLml #vagas
outros	Cluster Sales Director - Brazil - Maersk Line - Sao Paulo, SP http://t.co/u8Qxckd4sw #vagas
outros	Indiquei 3 pessoas vagas emprego ano tres contratadas
outros	Faca aulas bateria #GeraldoAbdo!!! Informacoes e-mail geraldoabdo@gmail.com Vagas https://t.co/mjtk9LnHF0
outros	Bailarina motociclista horas vagas http://t.co/73cJOhysnC
outros	7 pessoas 3 vagas empresa, acho bem prova n sei, vamos ver hehehehehe
outros	Estagiario - Companhia Saneamento Basico Sao Paulo (Sabesp) - Interior Sao Paulo, SP http://t.co/K8ZzUkgzDI #vagas
outros	Ai rapa curte radiothehits. web radio sucesso vagas abertas
outros	Oportunidades segunda sempre interessantes... (mas vagas p/juiz federal TRF1 cairam 155 - alo, @g1 !). https://t.co/TcOgy7z5QN
outros	Galera, enviar e-mail inscricao vagas equipe t4, POR FAVOR COLOCAR O ASSUNTO, chega notificacao twitter tambem
outros	RT @aanalivia: O QUE VOCES ESTAO ESPERANDO?! CORRAM PRA ADQUIRIR O INGRESSO!!! VAGAS LIMITADAS! http://t.co/7oY1Do16GB
outros	Galera voltamos aulas Tecnica Vocal via Skype Presencial! Vagas limitadas!! Quem https://t.co/w56YYFBNKb
outros	ALEM DE 6 AULAS VAGAS EU RECEBI A NOTICIA QUE VOU TER REPOSICAO DE AULAS NAS FERIAS
outros	Tenho entrevista emprego amanha aqui ainda
outros	Escrevi texto super explicativo marcar entrevista. Agora orar pessoa aceitar.
outros	Me chamaram entrevista emprego amanha Dia..... dia triste certeza,,,,,
outros	@blognejo aguardando ansiosa entrevista comentarios sobre coletiva Luan Santana!!!!!
outros	#Boanoite Entrevista mestre #Renatoateixeira #MomentosFelizes #CliqueEventos #Cliquef5 https://t.co/y4kDP95mmJ
outros	Entrevista Sobre Traumatismo Craniano @harianefonseca NGTv #neurosurgeryblog @ Hospital https://t.co/qUuQAIGBps
outros	Tenho entrevista emprego amanha, bem podia ser contratado
outros	A korova chamou entrevista emprego acho vou ser contratado
outros	Primeiro entrevista Sorriso Maroto. Depois tocar terror palco abrir show pagodeiros https://t.co/22YPcXDUCM
outros	Acompanhem hoje 18h45 Opiniao Cidade entrevista referente Audiencia Publica https://t.co/jcEdRiHuyQ
outros	Dando entrevista jornal #odia #riodejaneiro #riodejaneiroeuteamo #erijota @ Cafe Bar Victor https://t.co/GU2svLOajw
outros	Amanha segunda entrevista flamengo .. pqp
outros	#SamAlvesNoSemCensura Gente...entrevista DOCE touca @samalvesmusic
outros	Me ligaram fazer entrevista, tomara boa
outros	"E Semana Maluca... lesapuca entrevista @xandedepilares. Estamos vivo ""Acustico FM O Dia""! https://t.co/vAqX2Q7sFx"
outros	John Cley selecao,linda entrevista
outros	@TeamNandoBBB margem falarem mal nao entendi entrevista????
outros	AMANHA E A MINJA ENTREVISTA NO CRIARR SCRRRR
outros	Acordar 6 manha entrevista emprego, chego dao teste pergunta random enem ainda oferecem+
outros	Ja acabou entrevista kkkkkkk #BuyPrettyGilsOniTunes
outros	imagina durmo entrevista perco emprego antes comecar
outros	E Thiaguinho entrevista apos jogo, cansado, agradecendo oportunidade professor 3 pontos conquistados partida!
outros	Acho quase certeza vou aparecer RIC amanha ,um tanto quanto alterada .Aconselho nao assistirem . Ate pai deu entrevista hahaha
outros	nao quero entrevista, quero musica. @MTVBrasil #TomorrowlandNaMTV
outros	Entrevista homem bomba: - senhor acha morrer? - der certo todos lados
outros	Meu domingo nao podia terminar melhor entrevista Dado falando Legiao
outros	Apos derrota, jornalista Bruna Martinez entrevista jogador Alessandro. https://t.co/dGVSC5vivr
outros	Sobre lancamento CD #Perserveranca barra_music, @xandedepilares. Entrevista galera https://t.co/RC91lolCMn
outros	Olha entrevista Ricardo Oliveira. Ce loco , deitou palavras
outros	Ontem assistido entrevista Dani programa Kibe chega bem hora do: masturbam vendo Miney/Princesas nao fazem boquete
outros	Salve rapaziada.. Daqui pouco entrevista #RaizVital programa #piraocatarina radio #Univali https://t.co/rvVSKANXCK
outros	Na entrevista Cristiano Araujo, Eliana nao largou prato segundo claramente vida
outros	Fiquei ultimos vinte minutos, bolando pedaco texto entrevista
outros	Que entrevista incrivel GNews, loucura homem 73 anos
outros	Entrevista sobre Crossfit RPTV, afiliada Rede Globo Sao Carlos, marcelleknittel @kleincarlos https://t.co/aO5D83lahv
outros	Amostra entrevista Kaka logo @eespetacular
outros	Ontem chamaram dar entrevista sobre zona mista. Por favor gente, nao!
outros	Meus parabens @faridgermano entrevista Muricy Ramalho.
outros	E ca novo!! Rss Hoje curtir!! Entrevista legal Phouse! Bora conhecer https://t.co/M5Xs4tocQr
outros	tava vendo entrevista Luan Santana fiquei vontade comer bolo chocolate
outros	Uma pequena previa entrevista Fabio Jr onde, Donana grande estrela!!! @fabiojr_real https://t.co/NGPkhPsQVs
outros	Gurias Familia Forsin, prontas entrevista. | 01.05.15 - Soberana Piscinas RS| https://t.co/MAL894bwgx
outros	Banda E.N.D area Entrevista TopTV Piraju Photo of the Day!! #photooftheday #photo https://t.co/LGvzqeyKL1
outros	Pronta entrevista pro inicio desfile. | 01.05.15 - Soberana Piscinas RS| https://t.co/TuBTfrc4ss
outros	Candidatas Juvenil Adulta prontas entrevista. | 01.05.15 - Soberana Piscinas RS| https://t.co/ubYec9BFjZ
outros	Tava vendo entrevista aq Oliver Deus irmao kkk
outros	E serio isso!? Afe @ESPNagora: Ronaldinho Gaucho pede salario R$ 1,4 milhao fechar #Cruzeiro; VEJA: http://t.co/Rt7YIPzSMR
outros	@RonaldoEsteves2 @FimDaGlobo Com certeza. Nao recebemos salario. #DilmaDoTrabalhador
outros	@dilmabr destaca aumento salario minimo esquece inflacao corroi salario. #calabocaDilma
outros	Quanto protesto pedindo intervencao militar paz selfie policial, agora ajuste salario porrada
outros	Interesse tatuar fazer orcamento telefone contato 997106989 @ Tatuaria Love https://t.co/OC1c6FQBE3
outros	Novos Pacotes Casamento - Venha fazer orcamento compromisso conhecer toda elegancia https://t.co/RwrWgeq09Z
outros	Em andamento interesse tatuar fazer orcamento telefone contato 997106989 @ Tatuaria https://t.co/Jk1tp7ZKM7
outros	Secretaria Cultura tera orcamento R$ 13 milhoes
outros	Revisao textos: preco custo solicite orcamento: A revisao texto tese dissertacao c... http://t.co/vSPmR9bFs7
outros	@Dudu_Careca Contas totais clube, nao rubricas individuais. Somente exceder 10% orcamento gasto/alienacao unico passara CD.
outros	@Dudu_Careca Valor nao irrisorio (perto 100 mil reais) e, es sabedor, orcamento nao gastos passam conivencia CD.
outros	Bom dia amigos clientes trabalho Em andamento interesse tatuar fazer orcamento https://t.co/I4fSmNanRY
outros	Achei umas tatuagens top jeito curto amanha vou fazer orcamento doco
outros	Universidade Estado Rio Janeiro. Quase 40% orcamento cortado. #patriaeducadora https://t.co/py9nSClrik
outros	Traga equipamento solicite orcamento gratuito, compromisso. @ UTI Do Celular https://t.co/gYZa2ZLj2o
outros	Aloha familia! Encomende carrinho NOVE! Orcamento compromisso! Whats 99126-9682! https://t.co/8vDCEJJCPl
outros	Peca orcamento compromisso!! - Instalacao Manutencao Ar Condicionado - Instalacao https://t.co/tD2u4fgcpb
outros	Chorando pro cunhado abaixar pouco orcamento obra, brabo, pedreiro caro rs
outros	Daqui pouco vou colar estudio, fazer orcamento gente gravar primeira musica. Que tudo bom! #GoLiberttarius
outros	Assistencia tecnica especializada toda linha Apple. Solicite orcamento!!! # # # #iPhone https://t.co/dwrxXj1Xpc
outros	Eu vontade fazer tatuagem prima leva fazer orcamento
outros	Espero amanha Amanda leve modelos moletom, agente escolha cor segunda passa pro sor fazer orcamento
outros	#participacao #orcamento #PMSP #CPOP #Padilha @ Camara Municipal Sao Paulo https://t.co/pc2qyk1dGx
outros	Bom dia! Faca orcamento site (Link bio) #Engenharia #Saneamento #Fossas @ Torri https://t.co/y2DIuwKaa9
outros	Alias, gastaram fortuna orcamento marketing Governo criar marca Petrobrax agencia amiga. https://t.co/J8SsYSSbEt
outros	Heynckes perdeu duas Bundesligas pro Borussia Klopp gozando orcamento maior elenco pomposo. Isso todo mundo esquece tb.
outros	Aqui cwb lugar faz plush personalizadas, pedi orcamento exo, vamos ver quanto sai
outros	Porta esperanca @ Secretaria Justica Defesa Cidadania Estado Sao Paulo https://t.co/00H4m3TcS3
outros	@Estadao: SP: Justica volta proibir professores divulguem greve escolas http://t.co/IQJXakPbVW
outros	Justica daqui, humilhacao dali Brasa continua indo vala
outros	Em sigilo justica, quer saber quebra sigilo? E sigilo.
outros	Justica gratuita pessoa juridica novos temas Pesquisa Pronta http://t.co/884XuN3YZp
outros	(@ Tribunal Justica Distrito Federal Territorios (TJDFT) - @tjdft_noticias in Brasilia, DF) https://t.co/RqwZBVzjqr
outros	Observando paisagem... #PhotoGrid @ Tribunal Justica Estado Rondonia https://t.co/FdNRiERIPC
outros	Boa tarde! @ Tribunal Justica Estado Rondonia https://t.co/VYglGdKRwE
outros	PAZ, JUSTICA E LIBERDADE encontram trancados
outros	10.474.462 pessoas poderiam ter olhado 'Justica Eleitoral' 1a mencao momento tornou-se Tendencia. #trndnl
outros	738 usuarios 826 tweets (499 RTs) 1 semana fez 'Justica Eleitoral' Trending Topic Brasil. #trndnl
outros	@novoeleitoral primeira mencao 'Justica Eleitoral' aparece TL. Agora Trending Topic Brasil! #trndnl
outros	'Justica Eleitoral' encontra-se neste momento Assunto Momento (8). Mais tendencias http://t.co/MffVmqH2oJ http://t.co/AzVwhbR7gM
outros	O #FreiLeonardoBoff @TvBrasil programa #EspacoPublico solta cachorros juiz Moro Justica Brasil. #lavajato
outros	Enfim ... Que justica feita . O ser sera .Agora voltar Floripa amanha comeca tudo novo .
outros	@surfista7878 @realcris_silva Direcao Conselho nao sao policia Justica. Sequer ha fiscalizacao penas Judiciario!!
outros	Parabens, colorados!!! Com justica merecimento, Inter Penta Campeao Gaucho. @ Gigante https://t.co/iV8ZsoGYkI
outros	Excelente artigo Celso Ming hoje @Estadao sobre decisao justica brigar inovacao banir Uber Sao Paulo.
outros	Em reuniao Penitenciaria Estadual Aruana Dr. Adriano, diretor unidade Dra. Nubia, secretaria estado justica PV-RO
outros	@aleiarodrigues foda. Justica prisao pobres. 8 11 juizes STF sao PT.
outros	Livra-me crimes sangue, Deus, Deus salvacao, lingua louvara altamente justica. Salmos 51:14
outros	Precisamos combater politizacao justica Brasil. E absurdo ministero publico fazendo.
outros	@OGlobo_Economia: Justica Rio manda operadoras telefonia parem bloquear internet p/cel apos fim franquia http://t.co/leV1fl96vC
outros	Voce decide punir Jon Jones acao Justica Albuquerque nao nada ver lutas acontecem Nevada. -Sonnen
outros	Se Comissao Atletica Nevada Justica dizem Jones pode lutar, deixem- lutar!
outros	Um lugar paz, amor, justica nada @ Tres Pontas MG - A Nossa Cidade https://t.co/mwoE0OxK9P
outros	Siniav: Prazo chip automotivo bem proximo - Rastreador barrado justica http://t.co/zEYB2j60U3
outros	Palacio Justica - SP. Inexplicavel sensacao conhecer lugar incrivel maravilhoso. https://t.co/WILaResHl0
outros	#OkOk A Justica ser provida logica, tbm alma, coracao - humana... #Babilonia
outros	#OkOk A imagem Justica - olhos vendados, espada balanca - dura inflexivel ! Mas Babilonia...
outros	Vc defende PT, conte defender gov qUE precisa intervencao justica garantir direitos estudantis. #CalaBocaDilma
outros	@Je_twittes @turquim5 Sempre senso justica. Peculiar, aplica-se PT. #meDigaMoroPorqueSoPT
outros	@_camilaline tendo julgamento ora ver ter guarda dela, Lobao mostrou fotos Gael c/ ela, desrespeitando justica
outros	"Refrigere alma guia-me caminho justica Salmo 23 cap. 3"" #tattoo #RacionaisMCs https://t.co/PJHUYhX5KQ"
outros	Seminario 30/04 - Feminicidio Brasil: diagnostico, desafios perspectivas. @ Palacio Da Justica - https://t.co/OmHxCzWpWQ
outros	Visitinha oficial justica, boa viu. Era me... Vou falar kkk
outros	Uma pergunta. Quanto custa maquina judiciaria Brasil inves fazer justica, meteram fazer politica.
outros	"TA DE SACA""@Netvasco: Justica bloqueia cotas TV premiacoes Vasco causa divida Marcio Careca http://t.co/AcCeuzfxYW"""
outros	Os cria bagulho sempre pede humildade todos irmao paz , justica liberdade ...
outros	@OGloboPolitica: Justica Sao Paulo manda PT deixa usar 'Coracao Valente' Dilma http://t.co/J5PUjsQwIV Valente??? E COVARDE!!
outros	@requiaopmdb Senador, Sinjuspar, servidores justica federal aguardamos horario senhor Curitiba. Grata, felicidades, Nine
outros	Estagio Remunerado Design Grafico (Matutino) - Sesc Santa Catarina - Florianopolis, SC http://t.co/amLOGLKOLj
outros	Vejo pessoal faz estagio clinica fisio trabalhando , vontade desses cinco anos passarem logo
outros	Como dificil triste tempo pedir dispensa estagio escritorio aqui... Me segurei nao chorar .. :'(
outros	Comecando plantao estagio esperado facull babys (@ Hospital Santo Angelo in Santo Angelo, RS) https://t.co/fmLdZVdOKm
outros	Ja saudades 1deg dia estagio hospital! Como passando rapido.. Formatura cada https://t.co/yhHwk6n46y
outros	Estagio Geriatria Gerontologia! Foi divertido hahaha #AnaCantaMuito #Dinamica #Fisioterapia @ https://t.co/PGkwKlZHYR
outros	Sobre estagio.... Papeis papeis separar analisar! #inss #estagio https://t.co/GqoAjuQauS
outros	Uma tese relatorio estagio p desenvolver aq n nd p fazer
outros	Nunca pensei gostar tanto estagio bloco cirurgico. .
outros	"RT @rob_dcruz: ""sugiro pensar, fazer estagio area agrada aprender empreender tarde negocio"" Cae Car"
outros	Pra despedir estagio Delegacia... Um bolo muuuuito chocolate.Ate ficou bonito https://t.co/CnmCovD3mH
outros	Concluindo estagio! Fisio Traumato Ortopedica #fisioterapiacomamor #lovefisio #instafisio https://t.co/LzHwAoowL9
outros	sugiro pensar, fazer estagio area agrada aprender empreender tarde negocio Cae Caraccio #MPnoViber
outros	Hoje ultimo dia estagio aulas artes prof becanaboa CEJA. Meu estagio III. https://t.co/59jTauKUsh
outros	Estagio Gloritcha #riobranco #coletivaII @ Instituto Estadual Rio Branco https://t.co/eeZszzeAMB
outros	@BBBitolada nao mesmo, cheguei estagio nao consigo conviver ambiente
outros	Oficina Nacional Projeto Educacao Popular Agentes Comunitarios Endemias SUS!!! @ https://t.co/9Gn9IO4rDj
outros	De preto segunda-feira educacao Brasil solidariedade professores Parana. @ https://t.co/mM6ZkCHX01
outros	Atleta morre atropelada, assassino diz corre carro, nao presta socorro ainda sai impune. Brasil... @CesarFilho
outros	@gus_tavohenriq nao mudou nada entao tudo p Enem assim vestibulares assada , chatura viu
outros	tirei 820 redacao enem descobriu 3 anos depois, nunca usou nota??? sim
outros	Nao inteligente passar faculdade enem agora indo trabalhar domingo lindo facul p pagar, msm
outros	@CarolCoutinho9 hayshsus.. estudo todo dia, fds n kkkkk ano vou fazer Enem :3
outros	RT @kallekc: (ENEM-2015) 12m fluxo avista novinha angulo 45 graus. quer? a) galho b) vara c) ripa d) b
outros	Queria sair mae aqui responder questionario tal enem. Entao vou dormir feriado
outros	RT @pollyLDantas: (Enem 2015) 13 metros fluxo avista novinha grau angulo 45, responda agora quer?
outros	Eu fiz ENEM conseguir inscrever FIES nao vou conseguir simplesmente nao vaga curso verdade
outros	To querendo fazer cursinho pre enem, juro nao passar mato
outros	Tenho fazer 3 redacoes diferentes nivel enem amanha enrolando... Adivinha madrugar hoje
outros	@DeadnWalking tirando umas ferias pro enem
outros	@zerrieighteen sim, hj vao fazer aula vivo sobre conteudo enem graca
outros	RT @falatukamikaze: @Porrabielll fazer enem, nao esquece daquela caneta dei praia mano
outros	@Porrabielll fazer enem, nao esquece daquela caneta dei praia mano
outros	RT @guiadoestudante: #Agenda ESPM-Rio abre inscricoes vestibular 2015.2 http://t.co/17GIiUReef
outros	qualquer entrar usp aderir enem ah claro qualquer faz 790 media enem
outros	"RT @niqsan: ""E 500 mil zeram ENEM"" -ApareCIDA, Maria"
outros	RT @NeeetuAlves: voces nao vao aula digo : frente voces enem
outros	E 500 mil zeram ENEM -ApareCIDA, Maria
outros	(ENEM-2015) 12 metros fluxo avista novinha angulo 45deg graus. De acordo leis Newton, quer ?
outros	Sobre prova simulado enem, quase matou, amanha
outros	Ctz n passo agr meio ano kkkkkk dando ideia ser ENEM vou virar medico
outros	Vo fazer tudo p tira ponto enem ano, nao primeiro ano nao posso fazer faculdade kkkkk
outros	tipo nao basta fazer curso, trabalhar, estudar, estudar pro enem ainda estudar pras provas, daqui semana!
outros	Agora site fala site ENEM indisponivel nao podem ver nota concluir cadastro
outros	A pressao conseguir nota novo Enem cada vez aumenta, vou pirar!!! Juiz filho puta
outros	redacao enem sobre memes tirava nota maxima
outros	1o lugar ciclo enem quer RI agr vcs pergunta vou competir c bicho
outros	Quero passar enem , vou conseguir medicina bala
outros	@lsmyputo deveria estudar p enem, n tempo estudar faculdade uahaha. To tentando terminar uns trabalhos
outros	anciosa pro resultado enem
outros	O mundo apos guerra fria - Historia - Super Aulas ENEM - Curso Positivo - YouTube https://t.co/fJBMj4RuLQ
outros	Dica ENEM - Regra Tres Composta - YouTube https://t.co/N3Kovemuxh
outros	inscricoes enem mes vem
outros	sera contrario harry tops quer foder louis tops quer fazer amor duvida pior questao enem
outros	Tenho comecar compra apostilas ENEM.
outros	Boatos tema redacao enem rolando la... E vcs nao vao passar nao sabem falar sobre assuntos
outros	Deus n quero saber enem ano, matei ano passado conseguir crl nenhum vtnc #askbelieber
outros	palavra enem lembra pressao, nervosismo, dor cabeca, cansaco outros #askbelieber
outros	Tenho ver lugar logo p comecar pre enem,menos Junior...
outros	simulado enem dia 16 incrivel quase tao incrivel quanto ser crucificado nao?
outros	Como assim fazer FIES ter feito enem achei boato
outros	Se enem povo passa imagina entrar Harvard kkkk !
outros	@frasttt sim preocupada vestibular Enem fodeu
outros	Nas ferias julho quero estudar maximo p enem
outros	ENEM podia ser amanha fazer acabar expectativa
outros	'Harvard deveria ter brasileiros' povo passa ENEM chorando, imagina entrar Harvard, nao passa portao kkkkkkkkkk
outros	(ENEM-2015) 12M fluxo avista 1 nvnh 1angulo 45degG. D acrd leis Newton,oq qr? A) Sal B) Pao C) Pau D) Mingau
