outros	LEI SECA - Novos veículos e bafômetros reforçam operações do Detran em Rondônia: As operações Lei Seca e Ca... http://t.co/SapAV0OAvx
outros	Começando mais uma semana estágio (@ Ponto1 Veículos (Chevrolet) - @ponto1veiculos in Florianópolis, SC) https://t.co/MPx7gVJNKQ
outros	RT @transitoagoraSP: Rodízio em operação para veículos com placa final 3 e 4, das 07:00 até 10:00. #TransitoSP
outros	No setor de veículos, os dados da FEE apontam o aumento de US$ 42,3 milhões nas exportações de automóveis, caminhonetas e utilitários.
outros	Chegando agora do Evento da Federação Paulista de Futebol. Antes, estava no grande evento realizado pela Under Armour. Vendas são ótimas.
outros	Começou as vendas!! Garanta já o seu ingresso comigo!! LOTE PROMOCIONAL 04 à 09/05   Whats: https://t.co/lnOMb9bcWR
outros	Dia 15/05 no Auditório Ibirapuera! Projeto lindo cheio de gente especial! Vendas começam na quinta e https://t.co/YPeVmyQRPN
outros	Vai ficar parado? Vai colocar a culpa na política? Quer aumentar as vendas agora? A hora é esta! Sem https://t.co/gJGd3NJB3R
outros	Até parece que não precisam de vendas pra receber salário.
outros	Convenção de Vendas 2015 da FTD Educação ! Recepção maravilhosa do Paradise Golf &amp; Lake Resort ! Este https://t.co/b9bowZtaPn
outros	RT @andersonpant92: Maio tá chegando, ansiedade tá aumentando e as vendas tão a mil, vem que vem pra putaria  #Osdonos
outros	AVISO  Estamos em fase de reformas, para melhor atendê-los, Vendas online ou pelo contatos  051 https://t.co/82Q1CdC6uG
outros	Alô minha galera  hoje tem garota VIP fortaleza (esgotado ) e ponta pé inicial das vendas bloco https://t.co/L4Vzs86qZk
outros	As vendas abriram ontem de tarde,já ta no terceiro lote. Vai se fuderrrrr!
outros	@VitoriaC_sccp só olhar o número de vendas de camisa nos últimos anos.. Não fala besteira..
outros	Promoção Rádio Cidade! Realização Mallupy e 7 Tons! Vendas em http://t.co/ylVe4nceBp e Lojas Multisom @ Rádio https://t.co/KQQlXmsXcX
outros	Concorra a 5 mil ímãs de geladeira para BOMBAR as suas vendas! SORTEIO 15/05/15 AUMENTE AS SUAS https://t.co/wEoLCgafE1
outros	Hoje começa a venda do PG da Summer Tour, cadê vocês atualizando sobre as vendas? É mais importante isso do que os chatos
outros	Galera dia 2 de maio muda o lote então corra e garanta já seu ingresso com desconto! Vendas https://t.co/wlvidK24lG
outros	Executados na Indonésia recusaram vendas e cantaram antes de morte #G1 http://t.co/Kl6J6Rl4UT Quantos ele já ajudou a vicia.
outros	Gerente de Vendas - Marcopolis -  São Paulo, SP http://t.co/clAfC3gjfo #vagas
outros	O Diretor da Mamut Strong está no Rio Grande do Sul para fechar parceira de vendas. Você que deseja https://t.co/nwavYM5Y4n
outros	Aproveite as incríveis atrações de Las Vegas!!! Em até 10x sem juros!! Informações e vendas: https://t.co/fSenqvtOFO
outros	Produtores de flores estão otimistas com as vendas do Dia das Mães #G1 http://t.co/0c9cKLEcNV bom para dia das mãe.
outros	Sábado tem festa #Farra aqui na Vic! Garanta seu combo antecipado! Pontos de vendas: Victoria Haus https://t.co/w9YspbplUL
outros	"Qual é a doença dessas gurias que comentam "" CASA COMIGO"" nas fotos dos homens"
outros	Amizade é assim como casamento, na saúde e na doença, na alegria e na tristeza e até que a morte nos https://t.co/iMK3zmlRWa
outros	Hoje eu fiz essa jovem. Ela tem alopecia uma doença rara. E muito bom ver os fios sendo implantado, https://t.co/rnJBln7pcf
outros	quando alguém tem uma doença terminal as pessoas próximas buscam conviver mais. não sei se é bom.
outros	Reunião GT Odonto - Promovendo saúde bucal na infância #odontologia #odonto #UFRGS #PET @ Faculdade https://t.co/LH26RgloQd
outros	REUNIÃO DO CA  (@ CASCO UnB/FCE  (Centro Acadêmico de Saúde Coletiva)) https://t.co/mD2O8lLCD1
outros	Sacanagem é tu ter plano de saúde e mesmo assim demorar um mês a sua consulta, que raiva
outros	Mais de 3 horas pra ser atendido vergonha essa saude publica (@ Posto De Saúde Jardim Brasil) https://t.co/XR5LAVWJsZ
outros	já posso ir embora? (@ Ministério da Saúde (MS) - @minsaude in Brasília, DF) https://t.co/B5WRvOTR4k
outros	@Estadao: DENGUE: Chioro admite epidemia, mas nega mudança de estratégia; SP tem recorde http://t.co/PttAi9Y4WQ, lamentavel!!!!
outros	Noticiário..  Dengue tomando conta...gente vamos fazer nossa parte, evitar água parada, etc....
outros	@Estadao: DENGUE: Anvisa deve decidir sobre vacina até o fim do mês http://t.co/0KYv4OxOf6
outros	Esses novos números da #dengue no #brasil e o mega aumento de casos em #sp, são provas do descaso do governo e a falta de educação do povo.
outros	RT @gnatalini: Dengue bate todos os recordes. Nós ajude nesse combate. Tel 33964405 ou email natalini@natalini.com.br http://t.co/J4c1lxtdlz
outros	RT @gnatalini: Nosso Comitê da Dengue já distribuiu 400000 folheto, conversando com as pessoas. Conscientização.Prestação de serviço http:/
outros	85% dos criadouros da Dengue estão dentro dos domicílios. Portanto, mãos à obra: http://t.co/FOm8vZj5re
outros	RT @gnatalini: Nosso Comitê Civil Contra Dengue está prestando grande serviço no combate à doença. Vamos nessa! http://t.co/UHbXj6VBEa
outros	Nosso Comitê Civil Contra Dengue está prestando grande serviço no combate à doença. Vamos nessa! http://t.co/UHbXj6VBEa
outros	No hospital com minha mae, acho q ela ta com dengue afs mosquito maldito fdp
outros	@GordoGeek exato. As pesquisas mostram que a dengue hemorrágica acontece depois da 1 infecção. Ou seja, a 1 dengue não mata. A 2 pode
outros	@GordoGeek nao é assim. A teoria diz que: a 2 dengue vira a grave. Se vacinar uma a 1 pode ser a grave
outros	@GordoGeek pq a vacina deve imunizar os 4 tipos, ou pode aumentar os casos de FHD.  http://t.co/ztWtBO3uV0
outros	@intimidarei do nada me deu essa dor :(  tá foda, doi bem as juntas.. Tô com medo de tá com dengue
outros	Cuidado gente! Além da dengue e chikungunya, a zika está solta...
outros	"Foda foi eu no medico e a enfermeira"" queria pegar dengue, ninguém merece trabalhar em véspera de feriado"""
outros	O mosquito da dengue ja mato tanta gente que daqui a pouco vai ser entrevistado pelo gugu .
outros	São Paulo ta cheio de dengue e ngm fazê bosta nenhuma
outros	Culpa da globalização, estão entrando em extinção
outros	2019-O ano da extinção Aparentemente é um filme interessante, mesmo que tenha vampiros,
outros	RT @JuuPinzon: Essa gripe me mata, 40° de febre não é fácil de aguentar 
outros	Essa gripe me mata, 40° de febre não é fácil de aguentar 
outros	O primeiro comprimido pra gripe nao fez efeito, então pode me servir mais duas doses.
outros	Finalmente você sara da gripe e a garganta inflama, depois de levar dois banhos de chuva. Massa!
outros	Essa gripe chatinha que vai e volta
outros	Fiz a vacina da gripe, e tiveram q segurar na minha mão
outros	Não há mais limites para a tecnologia http://t.co/YJIsYOUOVj
outros	O que estas imagens estavam fazendo na FT da UNB??? @ Faculade de Tecnologia - UNB https://t.co/NLStguGLki
outros	ESSA FOTO PAROU  O MUNDO A INTERNET O TWITTER  A VIDA A TERRA O UNIVERSO A PÁTRIA AMADA IDOLATRADA SALVE SALVE http://t.co/ktn981MMg0
outros	Meu wifi ta muito bosta!!!! N tem nada q me irrite mais do que internet lenta. Pqp
outros	Fico tão de cara como consigo ser social na internet e tão anti pessoalmente
outros	RT @Fenelaomatheus: hj em dia vc não pode opinar nada na internet exemplo vc fala mal de cebola já vem os defensores da cebola encher o seu
outros	To sem wifi, sem crédito mas aconteceu um milagre e eu tô com internet de graça
outros	RT @SGdadepressao: Pesquisas realizadas pela SGDD revelam que descartar a bandeja no local próprio, na pça de alimentação do shop, não faz 
outros	Pesquisas realizadas pela SGDD revelam que descartar a bandeja no local próprio, na pça de alimentação do shop, não faz a mão cair.
outros	RT @Arquitrouxa: Pesquisas apontam que se vc se apaixonar, vc tem 100% de se fuder.
outros	LOOK OFICIAL DA FANÁTICA POR PESQUISAS/BIPOLAR/HIPPIE #movers http://t.co/DGApbZ70Ci
outros	Pesquisas apontam que as mulheres desapegam bem mais rápido que os homens 
outros	Rumo ao Centro de Pesquisas da GE com a @marthagabriel para o bate-papo O FUTURO DO TRABALHO do https://t.co/AmF8isO9zn
outros	De acordo com pesquisas, apenas 5% das residências no Brasil possui seguro. Pensando no conforto da https://t.co/lpua0u2ru9
outros	Vamos conversar sobre pesquisas em Ciências aplicadas à educação?! Prof. Roberto Lent na II Reunião https://t.co/DLi9brzufF
outros	Abriu o concurso para provimento de cartórios aqui no RS. Valor da inscrição: R$ 450,00. Defina razoabilidade/confisco.
outros	#Repost @redbullbr with repostapp.Pilotos amadores comandam o volante dos veículos construídos https://t.co/P8SeimJYf5
outros	@carronews: GM planeja parar de produzir veículos na Venezuela em julho http://t.co/vUuvcCUGrm #uolcarros
outros	Sede da @gmrio : veículos parados em retorno, na rua e isso é normal... Vergonha essa GM que não faz nada certo. Bando de babacas...
outros	@silvanaramiro Aqui em Santa Cruz é caos no trânsito. Veículos contramão e na faixa do BRT e na cara da PM e @gmrio . Ninguém faz nada...
outros	http://t.co/ukjpwsKsvr acesse &amp; confira nossas ofertas !!!!!!!! @ viperveiculos https://t.co/hTAxphIFnC
outros	O artista tem que voltar a ser o maior beneficiado, em vez das gravadoras, distribuidoras e veículos. Valorizar a música pela música.
outros	Mini girassóis em presilhas. Em várias opções de cores. Uma paixão só!! Em nossos pontos de vendas https://t.co/xLOtlgtcTR
outros	Vai ficar parado? Vai colocar a culpa na política? Quer aumentar as vendas agora? A hora é esta! Sem https://t.co/i5XVwHmOQZ
outros	@kittensperry contando com as vendas online, no allianz eu tava estimando que tivesse uns 1000 ingressos, provavelmente 400 meias
outros	Perfume Ferrari black 125ml CAMPEÃO de vendas na Giovanna Imports!  #santos #levantaeanda https://t.co/A0hm52nCGo
outros	HR-V da Honda no top 15 de vendas do país, e vcs tão falando em crise? Na boa, isso é desculpa pra meter a faca em produtos e serviços
outros	Garanta seu combo antecipado! Pontos de vendas: Victoria Haus (Saan - 61 9552-2891) e http://t.co/gfQOLzGQJy (307 https://t.co/RrLEagvOBS
outros	Trabalhando nas vendas do Residencial Capri- Ilhas Gregas 2 no Sítio Vale das Brisas em Senador https://t.co/ygj9GVIZS6
outros	Acessorios lindos @glamour_sjc #glamour #asthays #photo Vendas por WhatsApp e online!!!  olha https://t.co/ls4uijNsyZ
outros	@FlorFabeiro98 no hacía falta que me vendas igual, jajajajajj te
outros	Corre e garanta seu combo antecipado pra HOJE! Pontos de vendas: Victoria Haus (Saan - 61 9552-2891) https://t.co/EJhpI9USy3
outros	Morning - job de ontem - consultoria de imagem empresarial - incentivo as vendas através da auto https://t.co/EAM2RllqOR
outros	Vem aí a Festa de Lançamento e o INÍCIO DAS VENDAS para o Baile mais charmoso e esperado do Brasil! https://t.co/SqyNVOhFKy
outros	Usufrua do melhor de Salvador!!! Em até 10x sem juros!! Informações e vendas: https://t.co/Zgpr6cA3N0
outros	Que o dia seja de conquistas!   #bomdia #chamaQueVem #conquistas #vitória #vendas #work https://t.co/N4E4UwcSpm
outros	Casa própria: analistas veem freio nas vendas e redução de preços http://t.co/71EnaLOAse
outros	Meia entrada para vascaínos já esgotou em menos de 50 minutos de vendas!   Os modinhas tão danados! A festa do Vasco será top! Kkkmm
outros	Garanta seu combo antecipado! Pontos de vendas: Victoria Haus (Saan - 61 9552-2891) e http://t.co/gfQOLzGQJy (307 https://t.co/NpJ0kDsnDE
outros	Calça com relevo e Cropped de moletom spot_fit vendas em atacado e varejo http://t.co/am3LegeJTY @ https://t.co/nOzqxZrVDM
outros	Garanta seu combo antecipado! Pontos de vendas: Victoria Haus (Saan - 61 9552-2891) e http://t.co/gfQOLzGQJy (307 https://t.co/unL6cS3uEy
outros	Caminhões - MAN Latin America quer incrementar vendas de caminhões por consórcio: A ação será realizada no per... http://t.co/1iDdfM6AzD
outros	Acho que o ingresso deveria ser vendido no Allianz. Ponto. Porém me lembro da ultima vez q o clube tentou organizar as vendas, quebraram TD!
outros	Colar chave + pena só R$30,00  (troque cores e pingentes, vendas em atacado e varejo) @ Whats: https://t.co/SglHi51jOH
outros	#Repost villamixcj Mais sorte ainda é ter sexta e sábado Villa Mix Campos do Jordão!! Vendas https://t.co/LpKm4uKHeK
outros	$PN$ é tão imbecil que nem pra se responsabilizar pelas vendas de ingresso em SP. Ele tá pouco se fudendo pra torcida..
outros	#VENDAS #ABERTAS nas lojas #South Para #FestaGenesis com MARCELO D2 &amp; ONZE:20 - Quarta 03 de Junho https://t.co/hyXb4SIyeT
outros	Apos o sucesso de vendas do primeiro lote, estamos começando a venda do segundo lote, então corra https://t.co/tMIwvaAksh
outros	Começou a temporada de vendas da dlxfashiondesign no @gabriii, logistas venham conhecer nossa coleção https://t.co/xeCSraC8t0
outros	@SCInternacional quando começara as vendas dos ingressos para os não sócios?
outros	Dois lindos colares, cada um por R$25,00  (vendas em atacado e varejo/monte a sua a gosto) @ Whats: https://t.co/WSMk53lUPZ
outros	próximo ao das ações em si. Racismo, machismo, homofobia, etc. Nenhuma dessas bizarrices é uma doença, por exemplo. São apenas pura e
outros	Oficina Nacional de Avaliação do Programa de Educação Popular em Saúde no SUS! @ CENAM - Centro de https://t.co/iHosYEnGVh
outros	No TUCANATO em SP 400.000 tiveram dengue desde do início do ano. Sem saúde educação, segurança e corrupção rola solta. VAMOS PARA PAULISTA?
outros	Hoje em dia pra vc conseguir atestado médico no posto de saúde só no caso de amputação, e olha lá
outros	Agora, se seu peso tem sequelas sobre sua saúde, sanidade, auto-estima, vai atrás e emagrece da forma certa.
outros	(4) Acho que ninguém deveria fazer dieta. Se você cuida da sua alimentação, ta com a saúde ok, e é gordinha, foda-se tudo porra.
outros	JURO QUE ESSA TAL DE DENGUE ESTA QUERENDO PREJUDICA MUITA PESSOA! GERAL COM ALGUM SINTOMA
outros	Meu pai é foda,  a gente nao pode nem deita um pouco porque ta com dor no corpo que ja ta com dengue
outros	Ja peguei dengue duas vezes cês não tem noção do medo q to de pegar de novo
outros	Depois de 15 dias parado por conta de estar com dengue hj tive a oportunidade de voltar a fazer o que https://t.co/WLCT4xhXvj
outros	Dengue bate todos os recordes. Nós ajude nesse combate. Tel 33964405 ou email natalini@natalini.com.br http://t.co/J4c1lxtdlz
outros	RT @milalopes_: gente, os sintomas da dengue são uma tortura SEM FIM. agora minhas mãos e meus pés deram pra coçar e eu TO PRA MORRER DE TA
outros	RT @gnatalini: 85% dos criadouros da Dengue estão dentro dos domicílios. Portanto, mãos à obra: http://t.co/FOm8vZj5re
outros	São somente 2800 agentes anti dengue para 3,5 milhões de imóveis. Mosquito ganhando de 10 a zero!
outros	Nosso Comitê da Dengue já distribuiu 400000 folheto, conversando com as pessoas. Conscientização.Prestação de serviço http://t.co/Va175TS6dk
outros	@VoceNaoSabiaQ: Existem aproximadamente 5.000.000.000.000.000.000.000.000.000.000 de bactérias vivendo no planeta terra. Culpa da dengue
outros	RT @LopoDinis: Assim como tentaram nacionalizar o problema da falta de água em SP, agora tentam com a dengue. Coisa feia @TvBandnews, cobre
outros	ZIKA VIRUS RT @JornalOGlobo: Zika Vírus descoberta por pesquisadores brasileiros provoca doença semelhante à dengue.  http://t.co/PvK6ljU6VY
outros	"Treinamento do dia ""D"" de combate a dengue! #medimed #meduffs #medupf (@ Faculdade de Medicina - FM) https://t.co/yxb57hlmB4"
outros	. eu tenho um medo desse negócio de mosquitos da dengue geneticamente modificados..
outros	Amanheci com o pessoal da dengue com febre, gripe, frio e saudades. Me pergunto se não seria minha hora de partir.
outros	Aqui vemos três exemplares de cobras em extinção http://t.co/ppvxFUorTL
outros	Ê balancê balancê escute que vou dizer  a festa da raça está em extinção  vocês viram na https://t.co/zvNbjV8SEP
outros	@VoceNaoSabiaQ tá explicado o risco de extinção
outros	A artista estelleflores da copiadora Selva Press veste camiseta Estojo, com estoque em extinção. A https://t.co/bi1FPOnyWi
outros	Elas estão cada vez mais em extinção. @ Vila Madalena https://t.co/Hnca9uFcWJ
outros	Tomando cerveja com meu pai e debatendo uns papos sobre física e astronomia, eu amo meu pai
outros	Um passeio pelo Universo ...  #Astronomia @ Planetario da Gavea https://t.co/DZ3a8Y3LRq
outros	tenho que estudar umas leis de kepler pra as olimpíadas de astronomia
outros	Essa gripe me mata, 40° de febre não é fácil de aguentar
outros	eu nao melhoro dessa gripe logo meu, q raiva
outros	Tava reclamando de dormir sozinha, agora to dormindo com a gripe, a noite todinha grudada em mim
outros	Baa fui fazer aquela vacina da gripe hoje e na hora nem doeu nada, Mas agora parece que levei um soco no braço.
outros	Segunda é o dia mundial do #AgoraVai !  tentando espantar a gripe com mtoo suor!  #cardioday https://t.co/kW0gnsKjvM
outros	Tomar vacina de gripe é um povo ignorante esses da saúde (@ Centro de Saúde nº 05 in Brasília, DF) https://t.co/B6Wdj3KRX5
outros	Fiquei tanto na friagem que agora a gripe me derrubou
outros	Aaaaah gripe não .
outros	A merda é que esse final de semana a minha gripe piorou e eu to sem voz. Que foda
outros	Vou fazer essa lista e estudar pq a gripe n vai me deixar dormir msm então vou fazer algo útil
outros	Gripe dnv não
outros	@jornalnacional Quero minha vacina já.
outros	RT @AZEALIOBANKS: @_MaryanaMaia SOU TAO BOM COM VC E OQ RECEBO EM TROCA MENSAGENS DIZENDO Q EU QUERO DA O CU POIS BEM N VOU ME VINGAR PQ VC
outros	@_MaryanaMaia SOU TAO BOM COM VC E OQ RECEBO EM TROCA MENSAGENS DIZENDO Q EU QUERO DA O CU POIS BEM N VOU ME VINGAR PQ VC TOMOU VACINA NO CU
outros	eita, vamos ter que tomar mais uma vacina? Ah não
outros	Estou muito nervosa amigos terei de tomar vacina hoje ai Deus por que não nasci com esses anti corpos já??? Que vontade de desistir da vida
outros	O bom é q desse jeito n posso tomar vacina \o/
outros	Olha aqui cretina, contra cachorra nos temos vacina
outros	@GordoGeek então a vacina tem de ser direto para os 4 tipos, ou pode aumentar letalidade
outros	@GordoGeek então, se a vacina imunizar somente um sorotipo, quando contrair os outros pode desenvolver a forma grave da doença.
outros	"Escândalo vomitante: familiar meu foi fazer. a ""vacina no posto de saude da gloria...bairro gloria.Tem una placa na porta escrito...."
outros	Vacina... Ouch! (@ Núcleo de Medicina do Viajante in Sao Paulo, São Paulo) https://t.co/Xmq7xGcc3F
outros	Dia de vacina. Hoje foi a de 3 meses, contra meningite, uma picadinha só (mas suficiente pra mamãe https://t.co/0hWx0LcPYA
outros	Ah ta! Preso tem direito a vacina da gripe, professor não! Ê governinho de m#rda! @RdGaucha
outros	Ktchoras #EstéticaeCosmética  @ Centro de Educação em Tecnologia - UPF https://t.co/RlnBK5SrNZ
outros	"RT ""@AndreLJunq: Samsung e Marvel usam realidade virtual em campanha http://t.co/7qXPZiPY9s #Marvel http://t.co/EHxwjJN6Qj"""
outros	"@wesleicurtinaz WP  ""@g1: Emojis do Windows 10 incluem dedo do meio e novos tons de pele http://t.co/LQNFDstsMA #G1 http://t.co/iiZmxw8BQp"""
outros	FRESH POTS!!! @ DocCenter Tecnologia em Documentos https://t.co/qbuDgu0cqn
outros	Realizando o sonho do museu fechado (@ Museu de Ciências e Tecnologia (MCT) in Porto Alegre, RS) https://t.co/AhiBVo9l8p
outros	Museu de Ciência e Tecnologia da PUC ; ) @ Museu Da Pucrs https://t.co/XlidnG4uBY
outros	 @ Museu de Ciências e Tecnologia da PUCRS https://t.co/9dW9ksSRJm
outros	"Louco... ""@JornalOGlobo: Hacker implanta chip na mão para invadir celulares com Android. http://t.co/sW6qBbcyqW http://t.co/BPmdWx0Tp9"""
outros	@itsmarinunes Tanto erro médico em prescrição! E como ajuda o paciente a aderir o tratamento! Sem isso a tecnologia não serviria pra nada!!
outros	Abra um pouco mão da tecnologia e curta a natureza que existe bem a sua volta, que na rotina do dia a https://t.co/41aGjwcb57
outros	A Life Telecom revolucionou e lançou ontem em Marília a sua TV por assinatura com tecnologia de fibra https://t.co/jzbtnNmyRw
outros	Apenaxxxxx! 18 hrs que não chega! Hahaha @ Kinagua Tecnologia e Serviços Ltda https://t.co/tWSn9fedDU
outros	RT @STJnoticias: Consumidor que compra pela internet tem assegurado o direito de se arrepender http://t.co/YhEG4mhgYx
outros	E aí? O que está esperando para sua Empresa ter novas oportunidades de negócio na internet? Solicite https://t.co/ucYgYxMCJE
outros	a internet ela é maravilhosa né amplificou td q ha de bom e td q ha de ruim em ser humano (principalmente o ruim)
outros	hj em dia vc não pode opinar nada na internet exemplo vc fala mal de cebola já vem os defensores da cebola encher o seu saco e cagar regra
outros	... dice. no tenia #internet... dios casi me #muero_
outros	EU AMO A INTERNET http://t.co/vj6gSKMpSb
outros	cara, eu deveria estar fazendo muitas paradas, mas não, mais uma vez a internet me prendeu com esse jeitinho de ser.....
outros	RT @luizassouza_: @abattikaka não pago internet p ler isso
outros	Internet não perdoa #metgala2015 #metball #riri @ http://t.co/SX7sZIzI6X https://t.co/iHzSr0B8c8
outros	Adolescentes de hoje: -Coma Alcoólico -Grávidas aos 13 -Fumar/Droga  Eu: -Internet -Comida -Dormir  -Estudar   MINHA MÃE DEVIA TER ORGULHO.
outros	Atualmente evito fazer comentários na internet pois não meço meu clubismo, mas vamos ao que https://t.co/L8KeUcYWgy
outros	 Fernando e Aline assumem namoro em rede social http://t.co/xOBF6N9UYe via @DiarioPE
outros	ligo a tv tem gente chorando olho as rede social tem gente chorando a vida ta mt triste vamo todos se mata
outros	Era uma vez um casal que nao tinha nenhuma rede social e viveram felizes para sempre
outros	Não sei qual é a graça posta tudo da vida em rede social, só pra todo mundo ver sua vida.
outros	Para conquistar mais seguidores no Facebook siga algumas dicas para ter mais sucesso na rede http://t.co/JHDoOvNEJW
outros	Hoje vou misturar resfenol com cerveja novamente me aguardem mais tarde chapado nessa rede social
outros	Tira 50 fotos, exclui 40, edita 10 e usa 1 em tudo quanto é rede social. Prazer, eu.
outros	Segundo estudos, dormir de óculos na rede social permite ter melhor ponto de vista a respeito dos https://t.co/0UV4CFYFER
outros	Do meu ponto de vista, o onírico, a melhor rede social. @ Palácio de Huan Ti Nei Su, o Imperador Amarelo https://t.co/cxvOviyjRo
outros	Na rede social mais importante do reino. Nas tramas da rede do sonho. https://t.co/CroGbNV72C http://t.co/Okfoh7Ty8r
outros	Nem sabia que o Justin Timberlake tá no filme Rede social.
outros	A rede social da prefeitura de Curitiba é irada faltam ensinar bons modos pra PM.
outros	RT @SGdadepressao: Pesquisas realizadas pela SGDD revelam que descartar a bandeja no local próprio, na pça de alimentação do shop, não faz
outros	Fazem pesquisas sobre tantas coisas inúteis. Mas nunca vi uma que respondesse a minha pegunta: Por que Twittar vicia tanto??
outros	@pedrodefelicio Prof., por ter participado do AgroTalento, comecei a pesquisar coaches de desenv. pessoal, e nessas pesquisas achei ele!
outros	4ever arrependida de ter trocado a viagem à SC na páscoa p/ Alice vir p/ cá. Agora, c/ esse mundaréu de pesquisas, ñ vou lá tão cedo.
outros	Pesquisas realizadas por mim mesmo revelam que eu preciso ficar milionário logo, não ta facil essa vida de pobre
outros	RT @robstatarin: Não basta ter reeleito o Beto Richa no 1° turno, agora o Ratinho Jr lidera as pesquisas pra prefeitura de Curitiba.
outros	RT @A_Complicad: Pesquisas apontam que as mulheres desapegam bem mais rápido que os homens
outros	Vamos conversar sobre pesquisas em Ciências aplicadas à educação?! Prof. Roberto Lent na II Reunião https://t.co/oeWzu9o70l
outros	Se eu tirar 8,4 em ciência na recup eu vou fazer um bailinho pra comemorar pq vms combinar chance zero de tirar isso
outros	se não tiver devolutiva de ciência política hoje, eu juro que vou parir um filho no meio da sala e dar de presente pro Dean
outros	Pra quem queria um tema científico e filosófico para refletir no domingão, ofereço este aqui.  http://t.co/msa9PWQvhI
outros	"Porque por mais que eu ""trabalhe"" com Ciência pura, é mais q comprovado que tem q ter algo que comande q porra toda"
outros	Fico viajando vendo esses negócios de ciência
outros	Ciência é uma exploração de tudo que é desconhecido.
outros	RT @choiyounjae: Sentimento não é comigo, sempre procuro as respostas em coisas lógicas aka ciência.
outros	"O ""Divulga Ciência"" recebeu o diretor do marketingLAB, Marcos de Oliveira, para um bate papo sobre https://t.co/FHpT62C4vw"
outros	Sipa fui mal na prova de ciência
outros	Deus é mais  (@ Instituto Federal de Educação, Ciência e Tecnologia de Goiás (IFG) - @ifg_goiania in Goiânia, GO) https://t.co/KlxSyaIOG7
outros	O sábio não é mais do que a ciência da felicidade.
outros	E é sempre assim com as Amigas do IFG \\// #SomosIFG @ Instituto Federal De Educação, Ciência e https://t.co/33bmhIvBK4
outros	Não importa a onde vamos, importa que temos de ir !!  @ Museu Da Ciência De São Carlos https://t.co/TZ5ewCpl27
outros	"Pela dedicação à excelência da arte e ciência da Odontologia Estética, de acordo com os mais altos https://t.co/7uYcaSv0Xq	2015-04-29 20:28:52"
outros	A Ciência da Computação não tem limites em suas invenções. A equipe Swisando está se divertindo muito@swissnexBrazil http://t.co/bBHAIWjlf3
outros	Venha participar do encontro sobre robótica, na Casa da Ciência da UFRJ. Hoje, a partir das 14:30 horas. @UFRJ http://t.co/3v4sbXn67L
outros	Lise Meitner, símbolo da luta pela igualdade de oportunidades p/ mulheres na ciência.  Leia a história dela lá no perfil do @victorcaparica.
outros	Meu dia pode até começa bem mais vai acaba mal, tinha que te mais ciência disso
outros	Audiência Pública e reunião pró-frente parlamentar em defesa da Ciência e Pós-graduação, inciativa do https://t.co/PfKQXx2oLb
outros	Hoje a noite foi das meninas! Já em clima de despedida...  #fériasnoRJ #despedidajácomeçou https://t.co/0B3eFacCF0
outros	No clima das Olimpíadas...agora é torcer pra ser sorteada!! Boa noite @ Home Sweet Home https://t.co/N9XHruDtqM
outros	Que este clima no te pare !!! (@ ALL IN Cardio &amp; Fitness in Asunción) https://t.co/TuuKiNxszd
outros	E hoje o clima foi de despedida... Um ano e meio depois, saio com o coração partido e por outro lado https://t.co/M0im4GDOfr
outros	O clima esta conspirando contra minha vida fit,não poderia chover mais tarde
outros	São Gotardo pode ser ruim o tanto que for, mas o clima e o céu dessa cidade é divino.
outros	Dá pra acreditar nesse clima em Sumaré? @ Sumaré https://t.co/OXeJcwX5yt
outros	O clima hoje foi de #convocação com mckoringa no @rodrigoarrasta! No ar dia 16!  from https://t.co/ADgUVvUmwF
outros	A Atual Fashion está no clima do dia das Mães, tudo lindo com muitas opções de presente, além de https://t.co/j72RrEgSj9
outros	 - MC JOY - Clima em Cima Funk. Feat Dj Detonna - Contatos para shows:   (21) 97467-6885 https://t.co/tnAHKwj51V
outros	Sempre vou curtir o clima e zuar, mas se vacilar volto pra pisar e cuspir em cima!
outros	Chuva até o final do dia galera !!! #clima #previsãodotempo #PraiadaBarra @ Praia Da Barra - Posto 5 https://t.co/VcMZ0PBB4U
outros	Ainda sobre sabádo , ao nosso clima  #NemGostamos #CoisaLinda #AmoVcs #ÉoTchay #Familia @ https://t.co/ybdmm9xaBf
outros	Brigas, intrigas, segredos de nós dois Não tem mais clima, chegou ao fim E a culpa não é minha Eu tinha certeza de nós dois
outros	LAS do Brasil  clima de dia das mães  @ Las do Brasil https://t.co/02oc2YGMap
outros	Sigo afirmando que se o clima está estranho, o dia fica estranho também
outros	Indo pra casa depois do show... Clima regular, Boa música, Ótimo divertimento e Excelente companhia. https://t.co/yFqjHzVscb
outros	Ih mein, essa estufa só tem as plantas da mamãe. @ Jardim Botânico - Curitiba, PR. https://t.co/22lV3NAIRH
outros	@Estadao: Aquecimento global poderá extinguir uma em cada seis espécies tomara q seja a espécie humana
outros	eu acredito que isso de aquecimento global é um ciclo que a terra passa, de aquecimento, resfriamento ai aquecimento dnv
outros	É TUDO CULPA DO AQUECIMENTO GLOBAL !!!!!
outros	Alô casais e apaixonados do meu Brasillll!! Tá rolando concurso no perfil do @do_leblon  Sente só: https://t.co/G5LwdOJllF
outros	Que Deus me abençoe neste concurso, vou precisar!
outros	Alguem pode resumir o edital do concurso da prefeitura p mim?? Pqp
outros	Meu pai quer por quê quer que eu passe em um concurso público
outros	Hoje vou começar estudar p outro concurso, nesse eu preciso passar
outros	Pq tava sozinha hj, povo ta em Sao Gabriel pq a gorda tinha concurso
outros	E vamos de concurso!! Prova do SEMAE! LET'S ROCK!! (@ Universidade Paulista (UNIP) in São José do Rio Preto, SP) https://t.co/hRIZYo07oU
outros	Não basta ta estudando pra escola, Enem, agora vou ter q estudar pra concurso, alguém para tudo q eu quero desceeer!
outros	Vou ser jurada no concurso dela. Valéria sempre lembrando de Restinga em seus eventos..
outros	Visitando União da Vitória! Amanhã concurso! Seja o que Deus quiser!  @ Ópera Hotel https://t.co/ktvSTJF8vT
outros	"Concurso #Mallala Dia das Mães - ""De selfie com a Mamãe"" pra você que é mamãe, para você que vai ser https://t.co/SHsGglEwkk"
outros	Presente hoje no concurso Soberana das Piscinas do Rio Grande do Sul. Parabéns ao marcelosoes pelo https://t.co/Imx9HopR6k
outros	Vai começar!!!  A foto vencedora do nosso concurso de fotos de viagem #eunoizapelomundo de abril será https://t.co/Pi9wKbEimb
outros	E cobertura 2015 do @_comidadibuteco continua firme e forte! Uma das certezas desse concurso... é que https://t.co/nRvJvJoRKQ
outros	A pessoa faz concurso lá tem o valor que vai receber ,ela passa e fica fazendo protesto para ganhar mais, si acha pouco não faz o concurso
outros	"Meninas estou organizando um Concurso de maquiagem ""Antes e depois"", para se cadastrar basta https://t.co/lzdLTzvHtq"
outros	Prof de soc jurídica passou num concurso da defensoria e não vai mais me dar penal no próx semes &lt;/3
outros	Gente,  atenção! O @Palmas_Shopping vai fazer um concurso pra escolher minha companhia para o cinema kkkkkkk
outros	Concurso pra professor de faculdade 14.000, obvio que vou dar aula em faculdade
outros	Será muita pressão devido ao término? Monografia, concurso, estágio...
outros	Esta é a quarta e última finalista do nosso concurso de fotos de viagem #eunoizapelomundo de https://t.co/qxxrNs3XbN
outros	"A escolha de suas amizades deve funcionar como um concurso público. O processo seletivo é árduo, mas https://t.co/fnL6WNSZjS	2015-04-28 23:03:35"
outros	RT @el_ianaa: @EmilyKouketsu amor, eu vou fazer direito, pra entrar no concurso, mas não passa com tatuagem. OLHA QUE LEI PORCA
outros	Era esperado 300 pessoas pra fazer o concurso hoje. Se foi mais de 70 é muito.
outros	Gostaria de uma prova de concurso com 100 questões de gramática e nada mais. Que matéria delicinha &lt;3
outros	Amigas chorando pq foram mal no concurso do @TJSPoficial, eu tbm poderia estar nessa bad mas não estou pois nem fiz o concurso
outros	Decerto ta na hora de estudar um pouco, o concurso é daqui um mês já,  ahahah. Ferrou-se
outros	Amanhã vou me inscrever pro concurso de soldado da pm!!
outros	Meu novo livro hj lançado no Congresso Brasil. de Gestores e Membros de Comissao de Concurso Público!!!! http://t.co/3UijhoJmSm
outros	pq vei, desses 10 pelo menos 7 querem medicina, e ainda tem as outras escolas... são só 10 vagas pra medicina no PAS
outros	Imperdível! Restam apenas 5 vagas para PORTO SEGURO com o valor promocional. #TribosJovem https://t.co/CR7qGJRp1V
outros	Você começa a trabalhar, e do nada o Brasil e o mundo começa a ligar pra sua casa falando de vagas.
outros	RT @chatead4: procurando vagas de emprego na área de dormir
outros	O jornal fala de emprego como se o Brasil tivesse ostentando vagas e fosse muito  fácil conseguir um.
outros	Oficina de encadernação neste sábado dia 09 de maio. Faça já sua inscrição, as vagas são limitadas. https://t.co/qtQ7jxLMrz
outros	Últimas Vagas!!   Curso PILATES NA GESTAÇÃO com Silvia Gomes em Campo Grande/ MS   CAMPO GRANDE/MS https://t.co/6geQfXLRW3
outros	Com certeza, o melhor material e o melhor curso que já produzi!!! Aproveite, as vagas estão se https://t.co/3l5rbfN46A
outros	ontem no big uma mulher ocupou 2 vagas no estacionamento, cerquei o carro dela de carrinhos e deixei um bilhete escrito otária JUSTIÇA SMP
outros	RT @xhoranfactor: imagens exclusivas do trabalho de liam payne nas horas vagas da gayband one direction #LIAMISTHEPOOLCLEANER http://t.co/P
outros	Sábado de estacionamento sem cobrança na avenida JK, e com vagas disponíveis nos diversos bolsões.
outros	No primeiro semestre deste ano, já foram oferecidas mais de 400 mil vagas no ensino superior por meio https://t.co/P1hATTQhDL
outros	HOJE Sexta feira no H2 Club Ribeirão Preto temos   Satelite Open 100K - Freeroll 5 VAGAS https://t.co/zKz8Ba5jyB
outros	Baby as palavras estão mudas As conversas tão vazias  As explicações são vagas
outros	HOJE Sexta feira no H2 Club Ribeirão Preto temos   Satelite Open 100K - Freeroll 5 VAGAS https://t.co/VJ2bcwKCZj
outros	Não há vagas pra quem não aproveita as oportunidades!
outros	Últimas vagas!!!  Vamos galera.  Curta http://t.co/Jbgx26plvp e inscreva-se  @ https://t.co/OkCOTOERBK
outros	Sou o tipo de pessoa que fica procurando profissões nas horas vagas
outros	Channel Operations Processes Analyst - GE Healthcare -  São Paulo, SP http://t.co/FwSgw2bzy4 #vagas
outros	ESTAGIÁRIA PARA ÁREA COMERCIAL - ALPHA SECURE -  São Paulo, SP http://t.co/eMvzl4iRCq #vagas
outros	Olha que iniciativa bacana! Para os engraçadinhos que estacionam em vagas para deficientes ! A Santa https://t.co/KqnhpZrI4U
outros	Regional Sales Manager - Novo Nordisk -  São Paulo, SP http://t.co/ve8gRahiXe #vagas
outros	Product Manager/Strategy 5-ProdDev - Oracle -  São Paulo, SP http://t.co/UffOy1if31 #vagas
outros	@tomlinsombrio esquece, liguei no senai e só abriram uma turma, pensei q tinham aberto vagas de vários cursos
outros	Primeiria vez na vida q tenho duas aulas vagas e vou emboea
outros	Ainda temos vagas para entrar no grupo ...Alguém mas ta afim?só deixa o número ai ou me chama no whats: 19982310905  http://t.co/EbyWT7hxtq
outros	Boa noite Skater Girl!  As Inscrições para a categoria feminina estão rolando. Corre que as vagas são https://t.co/TUJUTKKxnh
outros	Representante Comercial - Mamatheka Creative Solutions -  São Paulo, SP http://t.co/j1GN9ID3K2 #vagas
outros	hoje terça temos um Super Satelite para o High Roller 10K Com 15 vagas garantidas  Inicio: 20h Buyin: https://t.co/V3eVBWdFWm
outros	Depois que eu olhei a quantidade de vagas eu só consigo pensar nelas, não consigo estudar
outros	Vendedora Externa - Autônoma - Ianúncios e-marketing -  São Paulo, SP http://t.co/zAurkuHLml #vagas
outros	Cluster Sales Director - Brazil - Maersk Line -  São Paulo, SP http://t.co/u8Qxckd4sw #vagas
outros	Indiquei 3 pessoas para vagas de emprego esse ano e as três foram contratadas
outros	Faça aulas de bateria com #GeraldoAbdo!!! Informações pelo e-mail geraldoabdo@gmail.com Vagas https://t.co/mjtk9LnHF0
outros	Bailarina e motociclista nas horas vagas http://t.co/73cJOhysnC
outros	7 pessoas pra 3 vagas na empresa, acho q fui bem na prova n sei, vamos ver hehehehehe
outros	Estagiário - Companhia de Saneamento Básico de São Paulo (Sabesp) -  Interior de São Paulo, SP http://t.co/K8ZzUkgzDI #vagas
outros	Ai rapá curte ai radiothehits. com web rádio é sucesso vagas abertas
outros	Oportunidades de segunda sempre interessantes... (mas vagas p/juiz federal do TRF1 caíram pra 155 - alô, @g1 !). https://t.co/TcOgy7z5QN
outros	Galera, ao enviar o e-mail de inscrição para as vagas da equipe t4, POR FAVOR COLOCAR O ASSUNTO, pois chega notificação do twitter também
outros	RT @aanalivia: O QUE VOCÊS ESTÃO ESPERANDO?! CORRAM PRA ADQUIRIR O INGRESSO!!! VAGAS LIMITADAS! http://t.co/7oY1Do16GB
outros	Galera voltamos com as aulas de Técnica Vocal via Skype e Presencial! Vagas limitadas!! Quem se https://t.co/w56YYFBNKb
outros	ALEM DE 6 AULAS VAGAS EU RECEBI A NOTÍCIA QUE VOU TER REPOSIÇÃO DE AULAS NAS FÉRIAS
outros	Tenho entrevista de emprego amanhã e to aqui ainda
outros	Escrevi um texto super explicativo pra marcar uma entrevista. Agora só orar pra pessoa aceitar.
outros	Me chamaram pra uma entrevista de emprego amanha  Dia.....      dia triste com certeza,,,,,
outros	@blognejo aguardando ansiosa pela entrevista e seus comentarios sobre a coletiva com Luan Santana!!!!!
outros	#Boanoite  Entrevista com mestre #Renatoateixeira  #MomentosFelizes  #CliqueEventos  #Cliquef5 https://t.co/y4kDP95mmJ
outros	Entrevista Sobre Traumatismo Craniano com @harianefonseca na NGTv #neurosurgeryblog @ Hospital https://t.co/qUuQAIGBps
outros	Tenho entrevista de emprego amanha, bem que eu podia ser contratado
outros	A korova me chamou para uma entrevista de emprego e eu acho que vou ser contratado
outros	Primeiro entrevista com Sorriso Maroto. Depois tocar o terror no palco e abrir o show dos pagodeiros https://t.co/22YPcXDUCM
outros	Acompanhem hoje às 18h45 no Opinião da Cidade a nossa entrevista referente à Audiência Pública que https://t.co/jcEdRiHuyQ
outros	Dando entrevista para o jornal #odia #riodejaneiro #riodejaneiroeuteamo #erijota @ Café e Bar Victor https://t.co/GU2svLOajw
outros	Amanha tenho uma segunda entrevista la no flamengo .. pqp
outros	#SamAlvesNoSemCensura Gente...entrevista esse DOCE que tá ai de touca @samalvesmusic
outros	Me ligaram pra fazer entrevista, tomara que de boa
outros	"E na Semana Maluca... lesapuca entrevista @xandedepilares. Estamos ao vivo com o ""Acústico FM O Dia""! https://t.co/vAqX2Q7sFx"
outros	John Cley é seleção,linda a entrevista dele
outros	@TeamNandoBBB só da margem pra falarem mal deles não entendi essa entrevista????
outros	AMANHA É A MINJA ENTREVISTA NO CRIARR SCRRRR
outros	Acordar as 6 da manha pra uma entrevista de emprego, quando chego la me dao um teste com pergunta mais random que enem e ainda me oferecem+
outros	Já acabou a entrevista kkkkkkk #BuyPrettyGilsOniTunes
outros	imagina se eu durmo na entrevista perco o emprego antes de começar
outros	E o Thiaguinho da entrevista após o jogo, cansado, mas agradecendo a oportunidade do professor e mais os 3 pontos conquistados na partida!
outros	Acho quase de certeza que vou aparecer na RIC amanhã ,um tanto quanto alterada .Aconselho não assistirem . Até o pai deu entrevista hahaha
outros	eu não quero entrevista, eu quero música. @MTVBrasil #TomorrowlandNaMTV
outros	Entrevista com homem bomba: - onde o senhor acha que vai quando morrer?   - se der certo pra todos os lados
outros	Meu domingo não podia terminar melhor depois dessa entrevista do Dado falando da Legião
outros	Após derrota, jornalista Bruna Martinez entrevista o jogador Alessandro. https://t.co/dGVSC5vivr
outros	Sobre o lançamento do CD #Perserveranca no barra_music, do @xandedepilares. Entrevista pra galera do https://t.co/RC91lolCMn
outros	Olha essa entrevista do Ricardo Oliveira. Cê e loco , deitou nas palavras
outros	Ontem eu assistido a entrevista da Dani no programa do Kibe e ela chega bem na hora do: masturbam vendo a Miney/Princesas não fazem boquete
outros	Salve rapaziada.. Daqui a pouco entrevista da #RaizVital no programa #piraocatarina da rádio #Univali https://t.co/rvVSKANXCK
outros	Na entrevista com o Cristiano Araújo, Eliana nao largou o prato um segundo claramente eu na vida
outros	Fiquei os ultimos vinte minutos, bolando um pedaco do texto da entrevista
outros	Que entrevista incrível na GNews, que loucura esse homem com 73 anos
outros	Entrevista sobre Crossfit à RPTV, afiliada Rede Globo em São Carlos, marcelleknittel e @kleincarlos https://t.co/aO5D83lahv
outros	Amostra a entrevista com o Kaka logo @eespetacular
outros	Ontem me chamaram para dar entrevista sobre a zona mista. Por favor né gente, não!
outros	Meus parabéns ao @faridgermano pela entrevista com Muricy Ramalho.
outros	E cá estamos de novo!! Rss Hoje pra curtir!! Entrevista muito legal pra Phouse! Bora conhecer as https://t.co/M5Xs4tocQr
outros	tava vendo a entrevista do Luan Santana e fiquei com vontade de comer bolo de chocolate
outros	Uma pequena prévia da entrevista com Fábio Jr onde, Donana foi a grande estrela!!! @fabiojr_real https://t.co/NGPkhPsQVs
outros	Gurias da Família Forsin, prontas pra entrevista.  | 01.05.15 - Soberana das Piscinas RS| https://t.co/MAL894bwgx
outros	Banda E.N.D na área  Entrevista para a TopTV Piraju  Photo of the Day!!  #photooftheday #photo https://t.co/LGvzqeyKL1
outros	Pronta pra entrevista e pro início do desfile.   | 01.05.15 - Soberana das Piscinas RS| https://t.co/TuBTfrc4ss
outros	Candidatas Juvenil e Adulta prontas pra entrevista.  | 01.05.15 - Soberana das Piscinas RS| https://t.co/ubYec9BFjZ
outros	Tava vendo uma entrevista aq do Oliver que so por Deus irmão kkk
outros	É sério isso!? Afe @ESPNagora: Ronaldinho Gaúcho pede salário de R$ 1,4 milhão para fechar com o #Cruzeiro; VEJA: http://t.co/Rt7YIPzSMR
outros	@RonaldoEsteves2 @FimDaGlobo Com certeza. Não recebemos salário. #DilmaDoTrabalhador
outros	@dilmabr destaca o aumento do salário mínimo e esquece da inflação que corrói o mesmo salario. #calabocaDilma
outros	Quanto o protesto era pedindo intervenção militar tinha paz e selfie com policial, agora quando é ajuste de salário tem porrada
outros	Interesse em se tatuar ou fazer um orçamento telefone para contato 997106989 @ Tatuaria Love https://t.co/OC1c6FQBE3
outros	Novos Pacotes de Casamento - Venha fazer seu orçamento sem compromisso e conhecer toda elegância de https://t.co/RwrWgeq09Z
outros	Em andamento interesse em se tatuar ou fazer um orçamento telefone para contato 997106989 @ Tatuaria https://t.co/Jk1tp7ZKM7
outros	Secretaria de Cultura terá orçamento de R$ 13 milhões
outros	Revisão de textos: o preço e o custo  solicite orçamento: A revisão do texto de uma tese ou dissertação tem c... http://t.co/vSPmR9bFs7
outros	@Dudu_Careca Contas totais do clube, não rubricas individuais. Somente se exceder 10% do orçamento um gasto/alienação único passará pelo CD.
outros	@Dudu_Careca Valor não é irrisório (perto de 100 mil reais) e, como és sabedor, orçamento e não gastos passam pela minha conivência no CD.
outros	Bom dia amigos e clientes trabalho em Em andamento interesse em se tatuar ou fazer um orçamento https://t.co/I4fSmNanRY
outros	Achei umas tatuagens muito top do jeito que eu curto amanha vou fazer um orçamento com o doco
outros	Universidade do Estado do Rio de Janeiro.  Quase 40% do orçamento cortado.  #pátriaeducadora https://t.co/py9nSClrik
outros	Traga seu equipamento e solicite orçamento gratuito, sem compromisso. @ UTI Do Celular https://t.co/gYZa2ZLj2o
outros	Aloha família! Encomende ja o seu carrinho com a NOVE! Orçamento sem compromisso! Whats 99126-9682! https://t.co/8vDCEJJCPl
outros	Peça ja seu orçamento sem compromisso!! - Instalação e Manutenção de Ar Condicionado - Instalação e https://t.co/tD2u4fgcpb
outros	Chorando pro meu cunhado abaixar um pouco o orçamento da minha obra, mas tá brabo, o pedreiro é caro rs
outros	Daqui a pouco vou colar em um estúdio, fazer um orçamento pra gente gravar nossa primeira música. Que tudo dê bom! #GoLiberttarius
outros	Assistência técnica especializada em toda linha Apple. Solicite um orçamento!!! # # # #iPhone https://t.co/dwrxXj1Xpc
outros	Eu já tinha vontade de fazer tatuagem aí minha prima me leva pra fazer o orçamento da dela
outros	Espero q amanhã a Amanda leve os modelos dos moletom, e agente ja escolha a cor pra segunda so passa pro sor e fazer o orçamento
outros	#participação #orçamento #PMSP #CPOP #Padilha @ Câmara Municipal de São Paulo https://t.co/pc2qyk1dGx
outros	Bom dia! Faça já seu orçamento pelo site (Link na bio) #Engenharia #Saneamento #Fossas @ Torri https://t.co/y2DIuwKaa9
outros	Aliás, gastaram uma fortuna do orçamento de marketing do Governo para criar a marca Petrobrax com uma agência amiga. https://t.co/J8SsYSSbEt
outros	Heynckes perdeu duas Bundesligas pro Borussia do Klopp gozando de um orçamento maior e um elenco mais pomposo. Isso todo mundo esquece tb.
outros	Aqui em cwb tem um lugar que faz plush personalizadas, pedi um orçamento de um do exo, vamos ver quanto sai
outros	Porta da esperança @ Secretaria da Justiça e da Defesa da Cidadania do Estado de São Paulo https://t.co/00H4m3TcS3
outros	@Estadao: SP: Justiça volta a proibir que professores divulguem greve nas escolas http://t.co/IQJXakPbVW
outros	Justiça daqui, humilhação dali e o Brasa continua indo pra vala
outros	Em sigilo de justiça, quer saber quem quebra o sigilo? É sigilo.
outros	Justiça gratuita para pessoa jurídica é um dos novos temas da Pesquisa Pronta http://t.co/884XuN3YZp
outros	 (@ Tribunal de Justiça do Distrito Federal e dos Territórios (TJDFT) - @tjdft_noticias in Brasília, DF) https://t.co/RqwZBVzjqr
outros	Observando a paisagem... #PhotoGrid @ Tribunal de Justiça do Estado de Rondônia https://t.co/FdNRiERIPC
outros	Boa tarde! @ Tribunal de Justiça do Estado de Rondônia https://t.co/VYglGdKRwE
outros	PAZ, JUSTIÇA E LIBERDADE para os que se encontram trancados
outros	10.474.462 pessoas poderiam ter olhado o 'Justiça Eleitoral' entre a sua 1ª menção até o momento que tornou-se uma Tendência. #trndnl
outros	738 usuários e 826 tweets (499 RTs) em 1 semana fez 'Justiça Eleitoral' um Trending Topic em Brasil. #trndnl
outros	@novoeleitoral a primeira menção ao 'Justiça Eleitoral' aparece na sua TL. Agora é Trending Topic na  Brasil! #trndnl
outros	'Justiça Eleitoral' encontra-se neste momento como Assunto do Momento (8). Mais tendências http://t.co/MffVmqH2oJ http://t.co/AzVwhbR7gM
outros	O #FreiLeonardoBoff na @TvBrasil programa #EspaçoPúblico solta os cachorros no juiz Moro e na Justiça no Brasil. #lavajato
outros	Enfim ... Que a justiça seja feita . O que tiver que ser será .Agora voltar pra Floripa que amanhã começa tudo de novo .
outros	@surfista7878 @realcris_silva Direção e Conselho não são policia ou Justiça. Sequer há fiscalização das penas do Judiciário!!
outros	Parabéns, colorados!!! Com justiça e merecimento, o Inter é Penta Campeão Gaúcho.  @ Gigante da https://t.co/iV8ZsoGYkI
outros	Excelente artigo do Celso Ming hoje no @Estadao sobre a decisão da justiça de brigar com a inovação e banir o Uber em São Paulo.
outros	Em reunião na Penitenciária Estadual de Aruanã com Dr. Adriano, diretor da unidade e Dra. Nubia, da secretária de estado e justiça de PV-RO
outros	@aleiarodrigues é foda. Justiça e prisão é para os pobres. 8 dos 11 juízes do STF são do PT.
outros	Livra-me dos crimes de sangue, ó Deus, Deus da minha salvação, e a minha língua louvará altamente a tua justiça. Salmos 51:14
outros	Precisamos combater a politização da justiça no Brasil. É um absurdo o que este ministero publico está fazendo.
outros	@OGlobo_Economia: Justiça do Rio manda q operadoras de telefonia parem d bloquear internet p/cel após fim da franquia http://t.co/leV1fl96vC
outros	Você decide punir Jon Jones por uma ação na Justiça de Albuquerque que não tem nada a ver com as lutas que acontecem em Nevada.  -Sonnen
outros	Se a Comissão Atlética de Nevada e a Justiça dizem que Jones pode lutar, deixem- no lutar!
outros	Um lugar que tenha paz, amor, justiça e nada mais  @ Três Pontas MG - A Nossa Cidade https://t.co/mwoE0OxK9P
outros	Siniav: Prazo para chip automotivo está bem próximo - Rastreador é barrado pela justiça http://t.co/zEYB2j60U3
outros	Palácio da Justiça - SP. Inexplicável a sensação de conhecer este lugar incrível e maravilhoso. https://t.co/WILaResHl0
outros	#OkOk  A Justiça tem q ser provida de lógica, mas tbm de alma, coraçao - mais humana... #Babilônia
outros	#OkOk  A imagem da Justiça - olhos  vendados, espada e uma balança - é dura e inflexível ! Mas em Babilônia...
outros	Vc que defende o PT, me conte como é defender um gov qUE precisa da intervenção da justiça pra garantir direitos estudantis. #CalaBocaDilma
outros	@Je_twittes @turquim5 Sempre o mesmo senso de justiça. Peculiar, aplica-se só ao PT. #meDigaMoroPorqueSoPT
outros	@_camilaline ta tendo o julgamento ora ver quem vai ter a guarda dela, aí o Lobao mostrou fotos do Gael c/ ela, desrespeitando a justiça
outros	"Refrigere minha alma e guia-me pelo caminho da justiça Salmo 23 cap. 3"" #tattoo #RacionaisMCs https://t.co/PJHUYhX5KQ"
outros	Seminário 30/04 - Feminicídio no Brasil: diagnóstico, desafios e perspectivas. @ Palácio Da Justiça - https://t.co/OmHxCzWpWQ
outros	Visitinha de uma oficial de justiça, ta boa viu. Era só o que me... Vou nem falar isso kkk
outros	Uma pergunta. Quanto custa a máquina judiciária no Brasil que ao invés de fazer justiça,  se meteram a fazer política.
outros	"TA DE SACA""@Netvasco: Justiça bloqueia cotas de TV e premiações do Vasco por causa de dívida com Márcio Careca http://t.co/AcCeuzfxYW"""
outros	Os cria do bagulho sempre pede na humildade pra todos os irmão paz , justiça e liberdade ...
outros	@OGloboPolitica: Justiça de São Paulo manda PT deixa de usar 'Coração Valente' de Dilma http://t.co/J5PUjsQwIV Valente??? E COVARDE!!
outros	@requiaopmdb Senador, Sinjuspar, servidores da justiça federal e eu aguardamos um horário com o senhor em Curitiba. Grata, felicidades, Nine
outros	Estágio Remunerado em Design Gráfico (Matutino) - Sesc Santa Catarina -  Florianópolis, SC http://t.co/amLOGLKOLj
outros	Vejo o pessoal que faz estágio na clínica de fisio trabalhando , e da uma vontade desses cinco anos passarem logo
outros	Como é difícil e triste ao mesmo tempo pedir dispensa do estagio no escritório aqui...  Me segurei para não chorar .. :'(
outros	Começando plantão do estágio mais esperado da facull  babys  (@ Hospital Santo Ângelo in Santo Ângelo, RS) https://t.co/fmLdZVdOKm
outros	Já com saudades do meu 1° dia de estagio em um hospital! Como esta passando rapido.. Formatura cada https://t.co/yhHwk6n46y
outros	Estágio de Geriatria e Gerontologia! Foi divertido hahaha #AnaCantaMuito #Dinâmica #Fisioterapia  @ https://t.co/PGkwKlZHYR
outros	Sobre meu estágio.... Papeis e mais papeis pra separar e analisar! #inss #estagio https://t.co/GqoAjuQauS
outros	Uma tese e um relatório d estágio p desenvolver e eu aq como se n tivesse nd p fazer
outros	Nunca pensei que fosse gostar tanto do estagio no bloco cirurgico. .
outros	"RT @rob_dcruz: ""sugiro pensar, em fazer um estágio na área que mais lhe agrada e aprender para empreender mais tarde em um negócio"" Cae Car"
outros	Pra me despedir do estágio na Delegacia... Um bolo com muuuuito chocolate.Até que ficou bonito https://t.co/CnmCovD3mH
outros	Concluindo mais um estágio! Fisio Traumato Ortopédica  #fisioterapiacomamor #lovefisio #instafisio https://t.co/LzHwAoowL9
outros	sugiro pensar, em fazer um estágio na área que mais lhe agrada e aprender para empreender mais tarde em um negócio Cae Caraccio #MPnoViber
outros	Hoje foi meu último dia de estágio nas aulas de artes da prof becanaboa no CEJA. Meu estágio III. https://t.co/59jTauKUsh
outros	Estágio  com a Gloritcha  #riobranco #coletivaII @ Instituto Estadual Rio Branco https://t.co/eeZszzeAMB
outros	@BBBitolada não é mesmo, mas cheguei num estágio que não consigo nem mais conviver no mesmo ambiente
outros	Oficina Nacional do Projeto de Educação Popular para Agentes Comunitários e de Endemias no SUS!!! @ https://t.co/9Gn9IO4rDj
outros	De preto na segunda-feira pela educação do Brasil e em solidariedade aos professores do Paraná. @ https://t.co/mM6ZkCHX01
outros	Atleta morre atropelada, o assassino diz que corre mesmo com o carro, ele não presta socorro e ainda sai impune. Brasil... @CesarFilho
outros	@gus_tavohenriq nao mudou nada então pq tudo p ele no Enem é assim nos vestibulares é assada , isso  é uma chatura viu
outros	quem eu tirei 820 na redação do enem e só descobriu 3 anos depois, e nunca usou a nota??? sim eu
outros	Não fui inteligente pra passar na faculdade com enem agora to indo trabalhar nesse domingo lindo pq tenho facul p pagar, é isso msm
outros	@CarolCoutinho9 hayshsus.. estudo todo dia, só fds q n kkkkk esse ano vou o fazer Enem :3
outros	RT @kallekc: (ENEM-2015) vc tá a 12m do fluxo e avista uma novinha em um ângulo de 45 graus. o que ela quer?  a) galho b) vara c) ripa d) b
outros	Queria sair mas com minha mãe aqui teria que responder à um questionário tal qual enem. Então vou dormir pois é feriado
outros	RT @pollyLDantas: (Enem 2015) você está a 13 metros do fluxo e avista a novinha num grau de um ângulo de 45, responda agora o que ela quer?
outros	Eu fiz o ENEM pra conseguir me inscrever no FIES e não vou conseguir pq simplesmente não tem vaga no meu curso quando na verdade tem
outros	To querendo fazer cursinho pré enem, mas eu juro que se eu não passar eu me mato
outros	Tenho que fazer 3 redações diferentes à nível de enem pra amanhã e to só enrolando...  Adivinha quem vai madrugar hoje
outros	@DeadnWalking eu to tirando umas férias pro ate o enem
outros	@zerrieighteen sim, hj eles vão fazer uma aula ao vivo sobre o conteúdo do enem e de graça
outros	RT @falatukamikaze: @Porrabielll se for fazer o enem, não esquece daquela caneta que eu te dei na praia mano
outros	@Porrabielll se for fazer o enem, não esquece daquela caneta que eu te dei na praia mano
outros	RT @guiadoestudante: #Agenda ESPM-Rio abre inscrições para vestibular 2015.2 http://t.co/17GIiUReef
outros	qualquer um vai entrar na usp se ela aderir ao enem ah claro ate pq qualquer um faz mais de 790 de media no enem mesmo ne
outros	"RT @niqsan: ""E é por isso que mais de 500 mil zeram no ENEM"" -ApareCIDA, Maria"
outros	RT @NeeetuAlves: pra vocês que não vão na aula eu só digo que : to na frente de vocês no enem
outros	E é por isso que mais de 500 mil zeram no ENEM -ApareCIDA, Maria
outros	(ENEM-2015) você esta a 12 metros do fluxo e avista uma novinha em um ângulo de 45° graus. De acordo com as leis de Newton, o que ela quer ?
outros	Sobre essa prova simulado do enem, quase me matou, e amanhã tem mais
outros	Ctz que n passo agr no meio do ano kkkkkk ja to dando ideia que vai ser no ENEM que vou virar medico
outros	Vo fazer de tudo p tira muito ponto no enem esse ano, não to nem ai se to no primeiro ano e q não posso fazer faculdade kkkkk
outros	tipo que não basta você fazer curso, trabalhar, estudar, estudar pro enem e ainda tem que estudar pras provas, que é daqui a uma semana!
outros	Agora o site fala que o site do ENEM tá indisponível e não podem ver a minha nota pra concluir o cadastro
outros	A pressão de conseguir nota de novo no Enem cada vez aumenta, vou pirar!!! Juiz filho da puta
outros	se a redação do enem fosse sobre memes eu tirava nota máxima
outros	1º lugar do ciclo do enem quer RI agr vcs me pergunta como que eu vou competir c o bicho
outros	Quero muito passar no enem , e vou conseguir  medicina na bala
outros	@lsmyputo eu deveria estudar p enem, mas n tenho tempo de nem pra estudar pra faculdade uahaha. To tentando terminar uns dos meus trabalhos
outros	anciosa pro resultado do enem
outros	 O mundo após a guerra fria - História - Super Aulas ENEM - Curso Positivo - YouTube https://t.co/fJBMj4RuLQ
outros	 Dica para ENEM - Regra de Três Composta - YouTube https://t.co/N3Kovemuxh
outros	inscrições do enem so mês que vem né
outros	ou sera o contrario  harry tops quando quer foder  louis tops quando quer fazer amor  to na duvida  pior q questao d enem
outros	Tenho que começar a compra as apostilas do ENEM.
outros	Boatos que o tema da redação do enem ta rolando lá... E vcs ai que não vão passar pq não sabem falar sobre os assuntos
outros	Deus é mais n quero saber de enem esse ano, me matei ano passado pra conseguir crl nenhum vtnc #askbelieber
outros	a palavra enem já me lembra pressão, nervosismo, dor de cabeça, cansaço entre outros #askbelieber
outros	Tenho q ver o lugar logo p começar meu pré enem,menos no Junior...
outros	esse simulado enem dia 16 nossa que incrível quase tão incrível quanto ser crucificado ne não?
outros	Como assim pra fazer FIES tem q ter feito enem eu achei q era boato
outros	Se nem no enem o povo passa imagina entrar em Harvard kkkk !
outros	@frasttt sim  to preocupada com o vestibular e o Enem   fodeu
outros	Nas minhas férias de julho quero estudar ao maximo p enem
outros	ENEM podia ser amanhã já pra eu fazer e acabar com essa expectativa
outros	'Harvard deveria ter mais brasileiros' o povo passa no ENEM  chorando,  imagina entrar em Harvard, não passa nem do portão kkkkkkkkkk
outros	(ENEM-2015) vc esta a 12M do fluxo e avista 1 nvnh em 1ângulo de 45°G. D acrd com as leis d Newton,oq ela qr? A) Sal B) Pão C) Pau D) Mingau
